CustomerID,Churn,Tenure,PreferredLoginDevice,CityTier,WarehouseToHome,PreferredPaymentMode,Gender,HourSpendOnApp,NumberOfDeviceRegistered,PreferedOrderCat,SatisfactionScore,MaritalStatus,NumberOfAddress,Complain,OrderAmountHikeFromlastYear,CouponUsed,OrderCount,DaySinceLastOrder,CashbackAmount
52869,0,20.0,Phone,3,7.0,E wallet,Female,4.0,4,Fashion,5,Married,3,0,26.0,5.0,16.0,3.0,229.53
52942,0,13.0,Computer,1,9.0,COD,Female,4.0,4,Fashion,3,Single,2,0,26.0,11.0,2.0,9.0,234.38
52972,0,16.0,Phone,3,7.0,Debit Card,Male,3.0,4,Laptop & Accessory,3,Divorced,3,0,26.0,5.0,12.0,7.0,174.07
53125,0,5.0,Phone,1,16.0,Debit Card,Male,3.0,4,Fashion,4,Married,3,0,26.0,2.0,2.0,9.0,231.48000000000002
53367,0,9.0,Phone,1,28.0,Debit Card,Female,3.0,4,Laptop & Accessory,2,Divorced,3,1,26.0,1.0,2.0,8.0,165.14
53544,0,1.0,Phone,1,16.0,Debit Card,Male,3.0,4,Phone,5,Single,3,0,26.0,1.0,2.0,1.0,150.52
53566,0,18.0,Phone,1,36.0,UPI,Male,3.0,4,Laptop & Accessory,2,Single,3,0,26.0,2.0,2.0,18.0,170.41
53583,1,1.0,Computer,1,17.0,CC,Female,4.0,5,Phone,4,Single,3,1,26.0,2.0,2.0,1.0,143.59
53762,0,23.0,Phone,1,10.0,CC,Female,3.0,5,Laptop & Accessory,5,Divorced,6,0,26.0,2.0,2.0,3.0,172.89
53766,0,6.0,Phone,1,17.0,CC,Male,1.0,4,Fashion,1,Single,4,0,26.0,1.0,2.0,1.0,237.44
53778,0,8.0,Phone,3,14.0,COD,Male,3.0,4,Phone,3,Married,2,1,26.0,1.0,6.0,8.0,148.08
53857,0,22.0,Computer,1,11.0,CC,Male,3.0,5,Grocery,1,Married,4,0,26.0,1.0,3.0,3.0,277.02
53889,0,7.0,Computer,3,23.0,Debit Card,Female,3.0,4,Laptop & Accessory,1,Married,3,1,26.0,1.0,2.0,3.0,178.68
53998,0,2.0,Phone,1,7.0,CC,Female,4.0,4,Phone,5,Married,3,0,26.0,2.0,2.0,3.0,160.91
54063,0,13.0,Phone,1,16.0,CC,Male,3.0,4,Laptop & Accessory,5,Married,3,0,26.0,5.0,8.0,10.0,176.51
54123,0,11.0,Phone,1,17.0,Debit Card,Female,3.0,2,Fashion,1,Married,3,1,26.0,1.0,7.0,9.0,262.44
54281,0,4.0,Computer,1,30.0,Debit Card,Male,4.0,6,Phone,3,Married,3,0,26.0,1.0,2.0,10.0,151.13
54339,0,20.0,Phone,3,7.0,E wallet,Female,4.0,4,Fashion,5,Married,3,0,26.0,9.0,16.0,3.0,229.53
54412,0,13.0,Computer,1,9.0,COD,Female,4.0,4,Fashion,3,Single,2,0,26.0,7.0,2.0,9.0,234.38
54442,0,16.0,Phone,3,7.0,Debit Card,Male,2.0,4,Laptop & Accessory,3,Married,3,0,26.0,7.0,12.0,7.0,174.07
54595,0,5.0,Phone,1,16.0,Debit Card,Male,3.0,4,Fashion,4,Married,3,0,26.0,1.0,2.0,9.0,231.48000000000002
54837,0,9.0,Phone,1,28.0,Debit Card,Female,3.0,4,Laptop & Accessory,1,Married,3,1,26.0,1.0,2.0,8.0,165.14
55014,0,1.0,Phone,1,16.0,Debit Card,Male,3.0,4,Phone,5,Single,3,0,26.0,1.0,2.0,1.0,150.52
55036,0,18.0,Phone,1,36.0,UPI,Male,3.0,4,Laptop & Accessory,1,Single,3,0,26.0,7.0,14.0,18.0,170.41
55053,1,1.0,Computer,1,17.0,CC,Female,4.0,5,Phone,4,Single,3,1,26.0,1.0,2.0,1.0,143.59
55232,0,23.0,Phone,1,10.0,CC,Female,3.0,5,Laptop & Accessory,5,Married,6,0,26.0,1.0,2.0,3.0,172.89
55236,0,6.0,Phone,1,17.0,CC,Male,4.0,4,Fashion,1,Single,4,0,26.0,1.0,2.0,1.0,237.44
55248,0,8.0,Phone,3,14.0,COD,Male,3.0,4,Phone,3,Married,2,1,26.0,4.0,6.0,8.0,148.08
55327,0,22.0,Computer,1,11.0,CC,Male,3.0,5,Grocery,1,Married,4,0,26.0,1.0,3.0,3.0,277.02
55359,0,7.0,Computer,3,23.0,Debit Card,Female,3.0,4,Laptop & Accessory,1,Married,3,1,26.0,1.0,2.0,3.0,178.68
55468,0,2.0,Phone,1,8.0,CC,Female,4.0,4,Phone,5,Married,3,0,26.0,2.0,2.0,3.0,160.91
55533,0,13.0,Phone,1,16.0,CC,Male,3.0,4,Laptop & Accessory,5,Married,3,0,26.0,1.0,8.0,10.0,176.51
55593,0,11.0,Phone,1,17.0,Debit Card,Female,3.0,2,Fashion,1,Married,3,1,26.0,1.0,7.0,9.0,262.44
50054,0,19.0,Phone,3,6.0,E wallet,Female,3.0,3,Fashion,5,Married,2,0,25.0,4.0,15.0,7.0,204.53
50127,0,12.0,Computer,1,8.0,COD,Female,3.0,3,Fashion,3,Single,1,0,25.0,10.0,11.0,3.0,209.38
50157,0,15.0,Phone,3,6.0,Debit Card,Male,2.0,3,Laptop & Accessory,3,Divorced,2,0,25.0,4.0,11.0,6.0,149.07
50310,0,4.0,Phone,1,15.0,Debit Card,Male,2.0,3,Fashion,4,Married,2,0,25.0,1.0,1.0,8.0,206.48000000000002
50552,0,8.0,Phone,1,27.0,Debit Card,Female,2.0,3,Laptop & Accessory,2,Divorced,2,1,25.0,0.0,1.0,7.0,140.14
50729,0,0.0,Phone,1,14.0,Debit Card,Male,2.0,3,Phone,5,Single,2,0,25.0,0.0,1.0,0.0,125.52000000000001
50751,0,17.0,Phone,1,35.0,UPI,Male,2.0,3,Laptop & Accessory,2,Single,2,0,25.0,1.0,1.0,17.0,145.41
50768,1,9.0,Computer,1,16.0,CC,Female,3.0,4,Phone,4,Single,2,1,25.0,1.0,1.0,0.0,118.59
50947,0,22.0,Phone,1,9.0,CC,Female,2.0,4,Laptop & Accessory,5,Divorced,5,0,25.0,1.0,1.0,2.0,147.89
50951,0,5.0,Phone,1,16.0,CC,Male,0.0,3,Fashion,1,Single,3,0,25.0,0.0,1.0,3.0,212.44
50963,0,9.0,Phone,3,13.0,COD,Male,2.0,3,Phone,3,Married,1,1,25.0,0.0,5.0,7.0,123.08000000000001
51042,0,21.0,Computer,1,10.0,CC,Male,2.0,4,Grocery,1,Married,3,0,25.0,2.0,2.0,2.0,252.01999999999998
51060,0,27.0,Phone,1,28.0,CC,Female,3.0,3,Grocery,3,Married,4,0,25.0,1.0,4.0,7.0,274.26
51074,0,6.0,Computer,3,22.0,Debit Card,Female,2.0,3,Laptop & Accessory,1,Married,2,1,25.0,0.0,1.0,2.0,153.68
51183,0,1.0,Phone,1,6.0,CC,Female,3.0,3,Phone,5,Married,2,0,25.0,1.0,1.0,2.0,135.91
51248,0,12.0,Phone,1,15.0,CC,Male,2.0,3,Laptop & Accessory,5,Married,2,0,25.0,4.0,7.0,9.0,151.51
51308,0,10.0,Phone,1,16.0,Debit Card,Female,2.0,1,Fashion,1,Married,2,1,25.0,0.0,2.0,8.0,237.44
51466,0,3.0,Computer,1,14.0,Debit Card,Male,3.0,5,Phone,3,Married,2,0,25.0,0.0,1.0,9.0,126.13
51524,0,19.0,Phone,3,6.0,E wallet,Female,3.0,3,Fashion,5,Married,2,0,25.0,8.0,15.0,7.0,204.53
51597,0,12.0,Computer,1,8.0,COD,Female,3.0,3,Fashion,3,Single,1,0,25.0,6.0,11.0,3.0,209.38
51627,0,15.0,Phone,3,6.0,Debit Card,Male,1.0,3,Laptop & Accessory,3,Married,2,0,25.0,6.0,11.0,6.0,149.07
51780,0,4.0,Phone,1,15.0,Debit Card,Male,2.0,3,Fashion,4,Married,2,0,25.0,0.0,1.0,8.0,206.48000000000002
52022,0,8.0,Phone,1,27.0,Debit Card,Female,2.0,3,Laptop & Accessory,1,Married,2,1,25.0,0.0,1.0,7.0,140.14
52199,0,0.0,Phone,1,14.0,Debit Card,Male,2.0,3,Phone,5,Single,2,0,25.0,0.0,1.0,0.0,125.52000000000001
52221,0,17.0,Phone,1,35.0,UPI,Male,2.0,3,Laptop & Accessory,1,Single,2,0,25.0,6.0,13.0,17.0,145.41
52238,1,9.0,Computer,1,16.0,CC,Female,3.0,4,Phone,4,Single,2,1,25.0,0.0,1.0,0.0,118.59
52417,0,22.0,Phone,1,9.0,CC,Female,2.0,4,Laptop & Accessory,5,Married,5,0,25.0,0.0,1.0,2.0,147.89
52421,0,5.0,Phone,1,16.0,CC,Male,3.0,3,Fashion,1,Single,3,0,25.0,0.0,1.0,3.0,212.44
52433,0,9.0,Phone,3,13.0,COD,Male,2.0,3,Phone,3,Married,1,1,25.0,3.0,5.0,7.0,123.08000000000001
52512,0,21.0,Computer,1,10.0,CC,Male,2.0,4,Grocery,1,Married,3,0,25.0,0.0,2.0,2.0,252.01999999999998
52530,0,27.0,Phone,1,28.0,CC,Female,3.0,3,Grocery,3,Married,4,0,25.0,1.0,4.0,7.0,274.26
52544,0,6.0,Computer,3,22.0,Debit Card,Female,2.0,3,Laptop & Accessory,1,Married,2,1,25.0,0.0,1.0,2.0,153.68
52653,0,1.0,Phone,1,7.0,CC,Female,3.0,3,Phone,5,Married,2,0,25.0,1.0,1.0,2.0,135.91
52718,0,12.0,Phone,1,15.0,CC,Male,2.0,3,Laptop & Accessory,5,Married,2,0,25.0,0.0,7.0,9.0,151.51
52778,0,10.0,Phone,1,16.0,Debit Card,Female,2.0,1,Fashion,1,Married,2,1,25.0,5.0,2.0,8.0,237.44
52834,1,1.0,Computer,1,14.0,Debit Card,Male,4.0,6,Laptop & Accessory,3,Single,3,1,25.0,2.0,2.0,7.0,185.74
52851,0,1.0,Phone,1,26.0,CC,Male,4.0,4,Phone,2,Divorced,3,0,25.0,1.0,3.0,3.0,148.23
52968,0,12.0,Phone,3,14.0,CC,Female,3.0,3,Laptop & Accessory,5,Married,3,1,25.0,1.0,8.0,8.0,181.05
53016,0,5.0,Computer,1,14.0,Debit Card,Female,3.0,5,Fashion,3,Divorced,3,0,25.0,4.0,9.0,3.0,214.43
53053,0,1.0,Computer,3,16.0,CC,Male,3.0,4,Phone,2,Single,3,0,25.0,1.0,3.0,3.0,151.1
53066,0,23.0,Phone,1,14.0,UPI,Male,3.0,5,Fashion,3,Single,10,0,25.0,2.0,2.0,1.0,170.0
53273,0,14.0,Computer,1,9.0,CC,Female,3.0,2,Laptop & Accessory,4,Divorced,3,0,25.0,1.0,4.0,8.0,167.44
53285,0,3.0,Phone,1,30.0,Debit Card,Male,3.0,2,Phone,3,Divorced,3,0,25.0,2.0,2.0,8.0,152.0
53293,0,4.0,Phone,1,9.0,CC,Female,3.0,5,Laptop & Accessory,2,Single,7,1,25.0,2.0,2.0,1.0,193.77
53322,0,18.0,Phone,1,15.0,Debit Card,Male,4.0,2,Phone,2,Divorced,4,1,25.0,2.0,2.0,3.0,153.18
53347,1,1.0,Phone,1,32.0,Debit Card,Male,3.0,4,Phone,2,Single,3,1,25.0,2.0,2.0,2.0,152.95
53391,1,21.0,Phone,1,9.0,COD,Male,3.0,4,Phone,3,Single,6,0,25.0,2.0,2.0,1.0,149.79
53416,1,1.0,Phone,1,21.0,UPI,Male,3.0,5,Phone,4,Married,3,1,25.0,2.0,2.0,3.0,162.43
53609,0,25.0,Computer,3,16.0,Debit Card,Male,3.0,4,Others,4,Married,6,1,25.0,3.0,12.0,11.0,323.47
53744,0,51.0,Phone,1,7.0,Debit Card,Male,4.0,2,Laptop & Accessory,3,Divorced,2,0,25.0,2.0,3.0,9.0,174.0
53877,1,1.0,Computer,3,19.0,UPI,Male,3.0,4,Laptop & Accessory,1,Single,5,1,25.0,4.0,7.0,8.0,170.81
54023,1,1.0,Computer,1,31.0,Debit Card,Male,4.0,5,Phone,1,Single,3,1,25.0,2.0,2.0,1.0,149.39
54085,0,6.0,Phone,1,12.0,Debit Card,Male,3.0,5,Laptop & Accessory,1,Single,10,0,25.0,1.0,2.0,3.0,221.79
54138,0,10.0,Computer,3,22.0,E wallet,Male,3.0,6,Laptop & Accessory,1,Married,3,0,25.0,5.0,12.0,12.0,179.06
54272,1,1.0,Computer,1,14.0,Debit Card,Male,4.0,6,Laptop & Accessory,3,Single,3,1,25.0,2.0,2.0,7.0,185.74
54321,0,1.0,Phone,1,26.0,CC,Male,4.0,4,Phone,1,Married,3,0,25.0,3.0,3.0,3.0,148.23
54438,0,12.0,Phone,3,14.0,CC,Female,3.0,2,Laptop & Accessory,5,Married,3,1,25.0,5.0,8.0,8.0,181.05
54486,0,5.0,Computer,1,14.0,Debit Card,Female,3.0,5,Fashion,3,Married,3,0,25.0,8.0,9.0,3.0,214.43
54523,0,1.0,Computer,3,16.0,CC,Male,3.0,4,Phone,1,Single,3,0,25.0,3.0,3.0,3.0,151.1
54536,0,23.0,Phone,1,14.0,UPI,Male,3.0,5,Fashion,3,Single,10,0,25.0,2.0,2.0,1.0,234.64999999999998
54743,0,14.0,Computer,1,9.0,CC,Female,3.0,2,Laptop & Accessory,4,Married,3,0,25.0,1.0,4.0,8.0,167.44
54755,0,3.0,Phone,1,30.0,Debit Card,Male,3.0,2,Phone,3,Married,3,0,25.0,2.0,2.0,8.0,152.0
54763,0,4.0,Phone,1,9.0,CC,Female,3.0,5,Laptop & Accessory,1,Single,7,1,25.0,2.0,2.0,1.0,193.77
54792,0,18.0,Phone,1,15.0,Debit Card,Male,4.0,2,Phone,1,Married,4,1,25.0,2.0,2.0,3.0,153.18
54817,1,1.0,Phone,1,32.0,Debit Card,Male,3.0,4,Phone,1,Single,3,1,25.0,1.0,2.0,2.0,152.95
54861,1,21.0,Phone,1,9.0,COD,Male,3.0,4,Phone,3,Single,6,0,25.0,1.0,2.0,1.0,149.79
54886,1,1.0,Phone,1,21.0,UPI,Male,3.0,5,Phone,4,Married,3,1,25.0,2.0,2.0,3.0,162.43
55079,0,25.0,Computer,3,16.0,Debit Card,Male,3.0,4,Others,4,Married,6,1,25.0,7.0,12.0,11.0,323.47
55214,0,31.0,Phone,1,8.0,Debit Card,Male,4.0,2,Laptop & Accessory,3,Married,2,0,25.0,2.0,3.0,9.0,174.0
55347,1,1.0,Computer,3,19.0,UPI,Male,3.0,4,Laptop & Accessory,1,Single,5,1,25.0,6.0,7.0,8.0,170.81
55493,1,1.0,Computer,1,31.0,Debit Card,Male,4.0,5,Phone,1,Single,3,1,25.0,2.0,2.0,1.0,149.39
55555,0,6.0,Phone,1,12.0,Debit Card,Male,3.0,5,Laptop & Accessory,1,Single,10,0,25.0,2.0,2.0,3.0,221.79
55608,0,10.0,Computer,3,22.0,E wallet,Male,3.0,6,Laptop & Accessory,1,Married,3,0,25.0,6.0,12.0,12.0,179.06
50019,1,0.0,Computer,1,13.0,Debit Card,Male,3.0,5,Laptop & Accessory,3,Single,2,1,24.0,1.0,1.0,6.0,160.74
50036,0,0.0,Phone,1,14.0,CC,Male,3.0,3,Phone,2,Divorced,2,0,24.0,0.0,2.0,2.0,123.22999999999999
50153,0,11.0,Phone,3,13.0,CC,Female,2.0,2,Laptop & Accessory,5,Married,2,1,24.0,0.0,7.0,7.0,156.05
50201,0,4.0,Computer,1,13.0,Debit Card,Female,2.0,4,Fashion,3,Divorced,2,0,24.0,3.0,8.0,9.0,189.43
50238,0,0.0,Computer,3,14.0,CC,Male,2.0,3,Phone,2,Single,2,0,24.0,0.0,2.0,2.0,126.1
50251,0,22.0,Phone,1,13.0,UPI,Male,2.0,4,Fashion,3,Single,9,0,24.0,1.0,1.0,0.0,145.0
50458,0,13.0,Computer,1,8.0,CC,Female,2.0,1,Laptop & Accessory,4,Divorced,2,0,24.0,0.0,3.0,7.0,142.44
50470,0,2.0,Phone,1,29.0,Debit Card,Male,3.0,1,Phone,3,Divorced,2,0,24.0,1.0,1.0,7.0,127.0
50478,0,3.0,Phone,1,8.0,CC,Female,2.0,4,Laptop & Accessory,2,Single,6,1,24.0,1.0,1.0,0.0,168.77
50485,0,16.0,Phone,1,20.0,Debit Card,Male,3.0,3,Grocery,5,Divorced,7,0,24.0,1.0,1.0,0.0,271.59
50507,0,17.0,Phone,1,14.0,Debit Card,Male,3.0,1,Phone,2,Divorced,3,1,24.0,1.0,1.0,2.0,128.18
50532,1,0.0,Phone,1,31.0,Debit Card,Male,3.0,3,Phone,2,Single,2,1,24.0,1.0,1.0,1.0,127.94999999999999
50576,1,20.0,Phone,1,14.0,COD,Male,2.0,3,Phone,3,Single,5,0,24.0,1.0,1.0,0.0,124.78999999999999
50601,1,0.0,Phone,1,20.0,UPI,Male,2.0,4,Phone,4,Married,2,1,24.0,1.0,1.0,2.0,137.43
50929,0,50.0,Phone,1,6.0,Debit Card,Male,3.0,1,Laptop & Accessory,3,Divorced,1,0,24.0,1.0,2.0,8.0,149.0
51061,0,16.0,Phone,1,21.0,Debit Card,Male,3.0,4,Grocery,3,Married,2,0,24.0,1.0,6.0,11.0,276.03
51062,1,0.0,Computer,3,18.0,UPI,Male,2.0,3,Laptop & Accessory,1,Single,4,1,24.0,3.0,6.0,7.0,145.81
51208,1,0.0,Computer,1,14.0,Debit Card,Male,3.0,4,Phone,1,Single,2,1,24.0,1.0,1.0,0.0,124.38999999999999
51270,0,5.0,Phone,1,11.0,Debit Card,Male,2.0,4,Laptop & Accessory,1,Single,9,0,24.0,0.0,1.0,0.0,196.79
51323,0,9.0,Computer,3,21.0,E wallet,Male,2.0,5,Laptop & Accessory,1,Married,2,0,24.0,4.0,11.0,11.0,154.06
51457,1,0.0,Computer,1,13.0,Debit Card,Male,3.0,5,Laptop & Accessory,3,Single,2,1,24.0,1.0,1.0,6.0,160.74
51506,0,0.0,Phone,1,14.0,CC,Male,3.0,3,Phone,1,Married,2,0,24.0,2.0,2.0,2.0,123.22999999999999
51623,0,11.0,Phone,3,13.0,CC,Female,2.0,1,Laptop & Accessory,5,Married,2,1,24.0,4.0,7.0,7.0,156.05
51671,0,4.0,Computer,1,13.0,Debit Card,Female,2.0,4,Fashion,3,Married,2,0,24.0,7.0,8.0,9.0,189.43
51708,0,0.0,Computer,3,14.0,CC,Male,2.0,3,Phone,1,Single,2,0,24.0,2.0,2.0,2.0,126.1
51721,0,22.0,Phone,1,13.0,UPI,Male,2.0,4,Fashion,3,Single,9,0,24.0,1.0,1.0,3.0,209.64999999999998
51928,0,13.0,Computer,1,8.0,CC,Female,2.0,1,Laptop & Accessory,4,Married,2,0,24.0,0.0,3.0,7.0,142.44
51940,0,2.0,Phone,1,29.0,Debit Card,Male,3.0,1,Phone,3,Married,2,0,24.0,1.0,1.0,7.0,127.0
51948,0,3.0,Phone,1,8.0,CC,Female,2.0,4,Laptop & Accessory,1,Single,6,1,24.0,1.0,1.0,0.0,168.77
51955,0,16.0,Phone,1,20.0,Debit Card,Male,3.0,3,Grocery,5,Married,7,0,24.0,1.0,1.0,0.0,271.59
51977,0,17.0,Phone,1,14.0,Debit Card,Male,3.0,1,Phone,1,Married,3,1,24.0,1.0,1.0,2.0,128.18
52002,1,0.0,Phone,1,31.0,Debit Card,Male,3.0,3,Phone,1,Single,2,1,24.0,0.0,1.0,1.0,127.94999999999999
52046,1,20.0,Phone,1,14.0,COD,Male,2.0,3,Phone,3,Single,5,0,24.0,0.0,1.0,0.0,124.78999999999999
52071,1,0.0,Phone,1,20.0,UPI,Male,2.0,4,Phone,4,Married,2,1,24.0,1.0,1.0,2.0,137.43
52399,0,30.0,Phone,1,7.0,Debit Card,Male,3.0,1,Laptop & Accessory,3,Married,1,0,24.0,1.0,2.0,8.0,149.0
52531,0,16.0,Phone,1,21.0,Debit Card,Male,3.0,4,Grocery,3,Married,2,0,24.0,1.0,6.0,11.0,276.03
52532,1,0.0,Computer,3,18.0,UPI,Male,2.0,3,Laptop & Accessory,1,Single,4,1,24.0,5.0,6.0,7.0,145.81
52678,1,0.0,Computer,1,14.0,Debit Card,Male,3.0,4,Phone,1,Single,2,1,24.0,1.0,1.0,0.0,124.38999999999999
52740,0,5.0,Phone,1,11.0,Debit Card,Male,2.0,4,Laptop & Accessory,1,Single,9,0,24.0,1.0,1.0,0.0,196.79
52793,0,9.0,Computer,3,21.0,E wallet,Male,2.0,5,Laptop & Accessory,1,Married,2,0,24.0,5.0,11.0,11.0,154.06
52819,1,1.0,Phone,3,16.0,Debit Card,Male,3.0,5,Laptop & Accessory,5,Single,9,0,24.0,1.0,2.0,4.0,159.07
52871,0,5.0,Phone,1,19.0,CC,Female,4.0,4,Phone,2,Divorced,10,1,24.0,2.0,2.0,3.0,164.29
52963,0,2.0,Phone,1,16.0,CC,Male,4.0,4,Phone,2,Divorced,3,0,24.0,2.0,2.0,5.0,145.7
53047,0,16.0,Phone,1,9.0,UPI,Male,4.0,5,Laptop & Accessory,2,Single,5,0,24.0,1.0,2.0,1.0,192.81
53076,1,1.0,Computer,1,11.0,COD,Male,3.0,4,Phone,2,Single,20,1,24.0,2.0,2.0,1.0,147.85
53107,0,12.0,Computer,1,9.0,Debit Card,Male,3.0,4,Phone,2,Divorced,3,1,24.0,2.0,2.0,1.0,142.02
53200,0,7.0,Computer,1,13.0,Debit Card,Male,2.0,4,Laptop & Accessory,2,Married,5,0,24.0,5.0,5.0,8.0,202.25
53236,0,4.0,Phone,3,34.0,E wallet,Male,3.0,4,Laptop & Accessory,2,Married,9,0,24.0,5.0,8.0,8.0,178.04
53254,0,1.0,Phone,3,33.0,CC,Female,3.0,4,Laptop & Accessory,2,Single,3,0,24.0,1.0,2.0,5.0,186.8
53469,0,20.0,Phone,1,15.0,Debit Card,Female,4.0,5,Laptop & Accessory,5,Married,10,1,24.0,2.0,2.0,8.0,171.15
53639,0,4.0,Phone,1,24.0,CC,Female,4.0,4,Fashion,5,Divorced,3,1,24.0,1.0,2.0,9.0,244.16000000000003
53723,1,3.0,Computer,1,9.0,Debit Card,Female,3.0,5,Phone,5,Single,4,1,24.0,1.0,2.0,1.0,161.46
53749,1,1.0,Phone,3,31.0,CC,Female,3.0,5,Laptop & Accessory,4,Single,2,1,24.0,3.0,11.0,11.0,170.99
53791,0,9.0,Phone,3,7.0,Debit Card,Female,4.0,5,Phone,3,Married,2,0,24.0,3.0,5.0,3.0,149.3
53912,0,19.0,Computer,1,7.0,Debit Card,Male,4.0,5,Fashion,3,Married,5,0,24.0,4.0,2.0,5.0,232.48000000000002
54030,1,1.0,Phone,1,14.0,Debit Card,Male,4.0,4,Phone,4,Single,3,1,24.0,2.0,2.0,1.0,149.72
54044,1,1.0,Computer,1,23.0,COD,Male,3.0,6,Phone,5,Married,3,1,24.0,4.0,4.0,1.0,148.07
54105,0,21.0,Phone,1,32.0,CC,Male,3.0,4,Fashion,3,Single,4,0,24.0,2.0,13.0,3.0,211.33
54136,0,15.0,Phone,1,35.0,Debit Card,Female,3.0,5,Grocery,4,Married,2,0,24.0,2.0,2.0,11.0,260.7
54162,0,23.0,Computer,1,15.0,Debit Card,Male,4.0,5,Laptop & Accessory,4,Married,3,0,24.0,1.0,2.0,8.0,176.3
54182,1,1.0,Phone,3,16.0,Debit Card,Male,3.0,5,Phone,5,Single,9,0,24.0,1.0,2.0,4.0,159.07
54205,0,4.0,Computer,1,7.0,CC,Female,3.0,4,Laptop & Accessory,1,Single,3,0,24.0,2.0,4.0,8.0,165.11
54232,0,3.0,Phone,1,9.0,Debit Card,Male,4.0,4,Phone,4,Married,2,0,24.0,2.0,2.0,5.0,152.03
54236,0,5.0,Phone,1,15.0,Debit Card,Female,4.0,4,Laptop & Accessory,1,Single,3,0,24.0,2.0,2.0,9.0,169.24
54248,0,25.0,Phone,1,16.0,Debit Card,Male,4.0,4,Phone,1,Married,5,0,24.0,2.0,2.0,4.0,145.75
54295,0,1.0,Phone,2,32.0,Debit Card,Female,4.0,4,Phone,3,Married,3,0,24.0,3.0,6.0,8.0,154.42
54341,0,5.0,Phone,1,19.0,CC,Female,4.0,4,Phone,1,Married,10,1,24.0,2.0,2.0,3.0,164.29
54433,0,2.0,Phone,1,16.0,CC,Male,4.0,4,Phone,1,Married,3,0,24.0,2.0,2.0,5.0,145.7
54517,0,16.0,Phone,1,9.0,UPI,Male,4.0,5,Laptop & Accessory,1,Single,5,0,24.0,2.0,2.0,1.0,192.81
54546,1,1.0,Computer,1,11.0,COD,Male,3.0,4,Phone,1,Single,11,1,24.0,2.0,2.0,1.0,147.85
54577,0,12.0,Computer,1,9.0,Debit Card,Male,3.0,4,Phone,1,Married,3,1,24.0,2.0,2.0,1.0,142.02
54670,0,7.0,Computer,1,13.0,Debit Card,Male,2.0,4,Laptop & Accessory,1,Married,5,0,24.0,4.0,5.0,8.0,202.25
54706,0,4.0,Phone,3,34.0,E wallet,Male,4.0,4,Laptop & Accessory,1,Married,9,0,24.0,3.0,8.0,8.0,178.04
54724,0,1.0,Phone,3,33.0,CC,Female,3.0,4,Laptop & Accessory,1,Single,3,0,24.0,1.0,2.0,5.0,186.8
54939,0,20.0,Phone,1,15.0,Debit Card,Female,4.0,5,Laptop & Accessory,5,Married,10,1,24.0,2.0,2.0,8.0,171.15
55109,0,4.0,Phone,1,24.0,CC,Female,4.0,4,Fashion,5,Married,3,1,24.0,2.0,2.0,9.0,244.16000000000003
55193,1,3.0,Computer,1,9.0,Debit Card,Female,3.0,5,Phone,5,Single,4,1,24.0,1.0,2.0,1.0,161.46
55219,1,1.0,Phone,3,31.0,CC,Female,3.0,5,Laptop & Accessory,4,Single,2,1,24.0,5.0,11.0,11.0,170.99
55261,0,9.0,Phone,3,35.0,Debit Card,Female,4.0,5,Phone,3,Married,2,0,24.0,3.0,5.0,3.0,149.3
55382,0,19.0,Computer,1,8.0,Debit Card,Male,4.0,5,Fashion,3,Married,5,0,24.0,5.0,2.0,5.0,232.48000000000002
55500,1,1.0,Phone,1,14.0,Debit Card,Male,4.0,4,Phone,4,Single,3,1,24.0,2.0,2.0,1.0,149.72
55514,1,1.0,Computer,1,23.0,COD,Male,3.0,6,Phone,5,Married,3,1,24.0,1.0,4.0,1.0,148.07
55575,0,21.0,Phone,1,32.0,CC,Male,3.0,4,Fashion,3,Single,4,0,24.0,10.0,13.0,3.0,211.33
55606,0,15.0,Phone,1,35.0,Debit Card,Female,3.0,5,Grocery,4,Married,2,0,24.0,2.0,2.0,11.0,260.7
50004,1,0.0,Phone,3,15.0,Debit Card,Male,2.0,4,Laptop & Accessory,5,Single,8,0,23.0,0.0,1.0,3.0,134.07
50056,0,4.0,Phone,1,18.0,CC,Female,3.0,3,Phone,2,Divorced,9,1,23.0,1.0,1.0,2.0,139.29
50070,0,18.0,Computer,1,8.0,CC,Male,3.0,4,Grocery,2,Divorced,10,0,23.0,1.0,11.0,8.0,267.92
50148,0,9.0,Phone,1,15.0,CC,Male,3.0,3,Phone,2,Divorced,2,0,23.0,1.0,1.0,4.0,120.69999999999999
50232,0,15.0,Phone,1,8.0,UPI,Male,3.0,4,Laptop & Accessory,2,Single,4,0,23.0,0.0,1.0,0.0,167.81
50261,1,9.0,Computer,1,10.0,COD,Male,2.0,3,Phone,2,Single,19,1,23.0,1.0,1.0,0.0,122.85
50292,0,9.0,Computer,1,8.0,Debit Card,Male,2.0,3,Phone,2,Divorced,2,1,23.0,1.0,1.0,0.0,117.02000000000001
50321,0,28.0,Phone,3,24.0,Debit Card,Female,2.0,3,Grocery,4,Single,4,0,23.0,1.0,7.0,7.0,268.35
50385,0,6.0,Computer,1,12.0,Debit Card,Male,1.0,3,Laptop & Accessory,2,Married,4,0,23.0,4.0,4.0,7.0,177.25
50421,0,3.0,Phone,3,33.0,E wallet,Male,2.0,3,Laptop & Accessory,2,Married,8,0,23.0,4.0,7.0,7.0,153.04
50439,0,0.0,Phone,3,32.0,CC,Female,2.0,3,Laptop & Accessory,2,Single,2,0,23.0,0.0,1.0,4.0,161.8
50654,0,19.0,Phone,1,14.0,Debit Card,Female,3.0,4,Laptop & Accessory,5,Married,9,1,23.0,1.0,1.0,7.0,146.15
50737,0,19.0,Phone,3,8.0,E wallet,Female,3.0,3,Grocery,5,Divorced,9,0,23.0,1.0,15.0,9.0,270.48
50824,0,3.0,Phone,1,23.0,CC,Female,3.0,3,Fashion,5,Divorced,2,1,23.0,0.0,1.0,3.0,219.16000000000003
50908,1,2.0,Computer,1,8.0,Debit Card,Female,2.0,4,Phone,5,Single,3,1,23.0,0.0,1.0,0.0,136.46
50934,1,0.0,Phone,3,30.0,CC,Female,2.0,4,Laptop & Accessory,4,Single,1,1,23.0,2.0,10.0,10.0,145.99
50976,0,8.0,Phone,3,14.0,Debit Card,Female,3.0,4,Phone,3,Married,1,0,23.0,2.0,4.0,2.0,124.30000000000001
51097,0,18.0,Computer,1,6.0,Debit Card,Male,3.0,4,Fashion,3,Married,4,0,23.0,3.0,14.0,4.0,207.48000000000002
51215,1,0.0,Phone,1,14.0,Debit Card,Male,3.0,3,Phone,4,Single,2,1,23.0,1.0,1.0,0.0,124.72
51229,1,9.0,Computer,1,22.0,COD,Male,2.0,5,Phone,5,Married,2,1,23.0,3.0,3.0,0.0,123.07
51290,0,20.0,Phone,1,31.0,CC,Male,2.0,3,Fashion,3,Single,3,0,23.0,1.0,12.0,11.0,186.33
51321,0,14.0,Phone,1,34.0,Debit Card,Female,2.0,4,Grocery,4,Married,1,0,23.0,1.0,2.0,10.0,235.7
51347,0,22.0,Computer,1,14.0,Debit Card,Male,3.0,4,Laptop & Accessory,4,Married,2,0,23.0,0.0,1.0,7.0,151.3
51367,1,0.0,Phone,3,15.0,Debit Card,Male,2.0,4,Phone,5,Single,8,0,23.0,0.0,1.0,3.0,134.07
51390,0,3.0,Computer,1,6.0,CC,Female,2.0,3,Laptop & Accessory,1,Single,2,0,23.0,1.0,3.0,7.0,140.11
51417,0,2.0,Phone,1,8.0,Debit Card,Male,3.0,3,Phone,4,Married,1,0,23.0,1.0,1.0,4.0,127.03
51421,0,4.0,Phone,1,14.0,Debit Card,Female,3.0,3,Laptop & Accessory,1,Single,2,0,23.0,1.0,1.0,8.0,144.24
51433,0,9.0,Phone,1,15.0,Debit Card,Male,3.0,3,Phone,1,Married,4,0,23.0,1.0,1.0,3.0,120.75
51480,0,0.0,Phone,2,31.0,Debit Card,Female,3.0,3,Phone,3,Married,2,0,23.0,2.0,5.0,7.0,129.42
51526,0,4.0,Phone,1,18.0,CC,Female,3.0,3,Phone,1,Married,9,1,23.0,1.0,1.0,2.0,139.29
51540,0,18.0,Computer,1,8.0,CC,Male,3.0,4,Grocery,1,Married,10,0,23.0,1.0,11.0,8.0,267.92
51618,0,9.0,Phone,1,15.0,CC,Male,3.0,3,Phone,1,Married,2,0,23.0,1.0,1.0,4.0,120.69999999999999
51702,0,15.0,Phone,1,8.0,UPI,Male,3.0,4,Laptop & Accessory,1,Single,4,0,23.0,1.0,1.0,0.0,167.81
51731,1,9.0,Computer,1,10.0,COD,Male,2.0,3,Phone,1,Single,10,1,23.0,1.0,1.0,0.0,122.85
51762,0,9.0,Computer,1,8.0,Debit Card,Male,2.0,3,Phone,1,Married,2,1,23.0,1.0,1.0,0.0,117.02000000000001
51791,0,28.0,Phone,3,24.0,Debit Card,Female,2.0,3,Grocery,4,Single,4,0,23.0,1.0,7.0,8.0,268.35
51855,0,6.0,Computer,1,12.0,Debit Card,Male,1.0,3,Laptop & Accessory,1,Married,4,0,23.0,3.0,4.0,7.0,177.25
51891,0,3.0,Phone,3,33.0,E wallet,Male,3.0,3,Laptop & Accessory,1,Married,8,0,23.0,2.0,7.0,7.0,153.04
51909,0,0.0,Phone,3,32.0,CC,Female,2.0,3,Laptop & Accessory,1,Single,2,0,23.0,0.0,1.0,4.0,161.8
52124,0,19.0,Phone,1,14.0,Debit Card,Female,3.0,4,Laptop & Accessory,5,Married,9,1,23.0,1.0,1.0,7.0,146.15
52207,0,19.0,Phone,3,8.0,E wallet,Female,3.0,3,Grocery,5,Married,9,0,23.0,1.0,15.0,9.0,270.48
52294,0,3.0,Phone,1,23.0,CC,Female,3.0,3,Fashion,5,Married,2,1,23.0,1.0,1.0,3.0,219.16000000000003
52378,1,2.0,Computer,1,8.0,Debit Card,Female,2.0,4,Phone,5,Single,3,1,23.0,0.0,1.0,0.0,136.46
52404,1,0.0,Phone,3,30.0,CC,Female,2.0,4,Laptop & Accessory,4,Single,1,1,23.0,4.0,10.0,10.0,145.99
52446,0,8.0,Phone,3,14.0,Debit Card,Female,3.0,4,Phone,3,Married,1,0,23.0,2.0,4.0,2.0,124.30000000000001
52567,0,18.0,Computer,1,7.0,Debit Card,Male,3.0,4,Fashion,3,Married,4,0,23.0,4.0,14.0,4.0,207.48000000000002
52685,1,0.0,Phone,1,14.0,Debit Card,Male,3.0,3,Phone,4,Single,2,1,23.0,1.0,1.0,0.0,124.72
52699,1,9.0,Computer,1,22.0,COD,Male,2.0,5,Phone,5,Married,2,1,23.0,0.0,3.0,0.0,123.07
52760,0,20.0,Phone,1,31.0,CC,Male,2.0,3,Fashion,3,Single,3,0,23.0,9.0,12.0,11.0,186.33
52791,0,14.0,Phone,1,34.0,Debit Card,Female,2.0,4,Grocery,4,Married,1,0,23.0,1.0,2.0,10.0,235.7
52821,1,1.0,Computer,1,23.0,Debit Card,Female,4.0,6,Phone,5,Single,3,1,23.0,5.0,7.0,8.0,164.19
52831,1,1.0,Phone,2,13.0,UPI,Male,4.0,4,Phone,5,Married,6,1,23.0,2.0,2.0,3.0,145.73
52841,1,1.0,Phone,1,16.0,CC,Female,3.0,4,Phone,5,Single,9,0,23.0,2.0,2.0,5.0,167.0
52859,0,12.0,Phone,3,7.0,Debit Card,Female,3.0,5,Laptop & Accessory,2,Single,6,0,23.0,2.0,2.0,3.0,211.86
52868,1,1.0,Phone,1,9.0,Debit Card,Male,3.0,5,Phone,2,Single,3,0,23.0,1.0,2.0,1.0,136.02
52873,1,5.0,Phone,3,27.0,E wallet,Female,4.0,4,Phone,4,Single,3,1,23.0,1.0,2.0,3.0,156.4
52896,1,1.0,Phone,3,34.0,E wallet,Female,3.0,4,Fashion,2,Divorced,3,0,23.0,2.0,2.0,10.0,201.39
52902,0,4.0,Computer,1,7.0,Debit Card,Male,3.0,5,Fashion,3,Single,3,0,23.0,3.0,6.0,3.0,209.74
52926,0,17.0,Phone,3,23.0,E wallet,Female,4.0,4,Grocery,2,Divorced,7,1,23.0,1.0,2.0,10.0,285.64
52977,1,8.0,Computer,1,31.0,Debit Card,Male,3.0,4,Phone,3,Married,5,1,23.0,1.0,2.0,1.0,156.61
53026,0,14.0,Phone,3,7.0,CC,Male,3.0,6,Laptop & Accessory,2,Divorced,4,1,23.0,2.0,2.0,3.0,199.57
53073,1,1.0,Computer,1,10.0,COD,Male,4.0,4,Phone,5,Single,2,0,23.0,1.0,2.0,5.0,156.02
53082,0,14.0,Phone,1,9.0,CC,Female,4.0,5,Laptop & Accessory,3,Divorced,8,0,23.0,2.0,2.0,1.0,159.48
53109,0,1.0,Phone,1,30.0,Debit Card,Female,3.0,4,Phone,2,Married,3,0,23.0,2.0,2.0,3.0,153.86
53175,0,5.0,Phone,3,13.0,CC,Male,4.0,3,Laptop & Accessory,2,Married,6,0,23.0,4.0,6.0,8.0,179.6
53208,0,1.0,Phone,3,15.0,Debit Card,Male,3.0,3,Laptop & Accessory,4,Divorced,2,0,23.0,1.0,2.0,3.0,173.51
53258,0,8.0,Phone,3,9.0,UPI,Male,3.0,4,Laptop & Accessory,2,Single,3,0,23.0,1.0,2.0,5.0,187.74
53310,0,7.0,Phone,3,7.0,CC,Male,3.0,2,Laptop & Accessory,5,Married,3,0,23.0,1.0,2.0,9.0,165.37
53318,0,26.0,Computer,1,32.0,CC,Female,3.0,5,Grocery,2,Divorced,5,0,23.0,1.0,2.0,1.0,263.26
53321,0,1.0,Phone,1,7.0,Debit Card,Male,3.0,5,Laptop & Accessory,2,Divorced,8,0,23.0,3.0,3.0,3.0,172.75
53342,0,21.0,Phone,3,9.0,E wallet,Female,3.0,4,Laptop & Accessory,2,Divorced,2,1,23.0,6.0,8.0,8.0,170.37
53400,1,1.0,Computer,1,16.0,CC,Male,3.0,5,Phone,5,Single,2,1,23.0,2.0,2.0,3.0,148.21
53437,0,15.0,Computer,1,14.0,Debit Card,Female,3.0,6,Others,3,Married,3,0,23.0,2.0,6.0,11.0,324.73
53455,0,2.0,Phone,3,17.0,CC,Male,4.0,4,Phone,4,Divorced,3,0,23.0,2.0,2.0,1.0,135.52
53482,1,1.0,Phone,3,11.0,COD,Male,3.0,4,Fashion,5,Single,2,1,23.0,4.0,5.0,3.0,220.82
53483,1,1.0,Computer,1,36.0,CC,Female,3.0,5,Laptop & Accessory,3,Single,3,0,23.0,4.0,4.0,9.0,170.08
53499,0,3.0,Phone,1,35.0,Debit Card,Female,4.0,4,Phone,2,Married,6,0,23.0,1.0,2.0,8.0,150.14
53532,0,1.0,Phone,1,31.0,CC,Male,3.0,4,Phone,4,Single,10,0,23.0,2.0,2.0,3.0,160.97
53534,0,1.0,Phone,1,10.0,CC,Male,3.0,2,Phone,2,Divorced,3,0,23.0,2.0,2.0,8.0,169.2
53601,0,1.0,Phone,1,7.0,Debit Card,Male,3.0,4,Phone,3,Divorced,3,0,23.0,1.0,2.0,2.0,137.23
53658,0,14.0,Phone,1,7.0,Debit Card,Male,3.0,4,Phone,4,Divorced,5,0,23.0,2.0,2.0,4.0,148.87
53714,0,30.0,Phone,1,7.0,Debit Card,Female,3.0,4,Phone,5,Divorced,4,0,23.0,2.0,2.0,1.0,145.66
53884,0,12.0,Computer,1,9.0,CC,Female,3.0,5,Phone,4,Single,3,0,23.0,2.0,4.0,4.0,149.4
53954,0,16.0,Phone,1,19.0,CC,Male,3.0,4,Phone,4,Married,10,0,23.0,2.0,2.0,5.0,152.66
53989,1,10.0,Phone,1,28.0,CC,Female,4.0,4,Laptop & Accessory,4,Married,6,0,23.0,2.0,4.0,3.0,214.26
53992,0,31.0,Computer,3,9.0,CC,Male,3.0,4,Grocery,4,Married,6,0,23.0,11.0,15.0,15.0,25.0
54005,0,19.0,Computer,3,9.0,Debit Card,Female,4.0,4,Laptop & Accessory,3,Married,6,0,23.0,4.0,6.0,8.0,176.54
54006,0,10.0,Phone,1,9.0,UPI,Female,4.0,4,Laptop & Accessory,4,Married,6,1,23.0,1.0,2.0,1.0,194.62
54011,0,16.0,Computer,1,17.0,COD,Male,3.0,4,Phone,3,Married,5,0,23.0,2.0,4.0,4.0,154.36
54035,0,11.0,Phone,1,14.0,CC,Male,4.0,4,Laptop & Accessory,5,Married,7,1,23.0,1.0,2.0,5.0,167.84
54074,0,10.0,Computer,1,16.0,Debit Card,Male,4.0,2,Phone,4,Married,3,0,23.0,2.0,2.0,3.0,153.1
54111,0,15.0,Phone,1,7.0,Debit Card,Male,4.0,4,Phone,1,Married,5,0,23.0,1.0,2.0,1.0,152.82
54124,0,1.0,Phone,3,15.0,UPI,Female,3.0,4,Laptop & Accessory,3,Married,2,1,23.0,2.0,2.0,5.0,174.07
54168,0,4.0,Phone,1,31.0,Debit Card,Male,4.0,4,Phone,3,Married,3,0,23.0,2.0,2.0,1.0,151.93
54187,1,1.0,Computer,1,23.0,Debit Card,Female,4.0,6,Phone,5,Single,3,1,23.0,1.0,7.0,8.0,164.19
54217,0,9.0,Computer,3,6.0,Debit Card,Male,4.0,4,Fashion,5,Married,3,0,23.0,1.0,2.0,3.0,215.69
54219,0,5.0,Phone,1,14.0,Debit Card,Male,3.0,4,Laptop & Accessory,1,Married,5,0,23.0,1.0,2.0,8.0,184.15
54221,0,6.0,Phone,1,7.0,CC,Male,3.0,4,Laptop & Accessory,1,Married,3,1,23.0,6.0,8.0,9.0,186.62
54240,0,20.0,Phone,2,12.0,CC,Male,4.0,4,Laptop & Accessory,4,Married,3,1,23.0,2.0,2.0,3.0,175.21
54251,0,14.0,Computer,1,7.0,Debit Card,Male,4.0,5,Grocery,4,Married,3,0,23.0,6.0,2.0,12.0,260.03
54252,0,25.0,Phone,3,28.0,E wallet,Male,4.0,4,Laptop & Accessory,1,Single,2,1,23.0,1.0,2.0,1.0,179.41
54261,1,1.0,Phone,2,13.0,UPI,Male,4.0,4,Phone,5,Married,6,1,23.0,1.0,2.0,3.0,145.73
54279,0,10.0,Phone,1,10.0,Debit Card,Female,3.0,4,Phone,1,Married,7,0,23.0,1.0,2.0,1.0,153.35
54301,1,1.0,Phone,1,16.0,CC,Female,3.0,4,Phone,5,Single,9,0,23.0,2.0,2.0,5.0,167.0
54329,0,12.0,Phone,3,7.0,Debit Card,Female,3.0,5,Laptop & Accessory,1,Single,6,0,23.0,1.0,2.0,3.0,211.86
54338,1,1.0,Phone,1,9.0,Debit Card,Male,3.0,5,Phone,1,Single,3,0,23.0,2.0,2.0,1.0,136.02
54343,1,5.0,Phone,3,27.0,E wallet,Female,4.0,4,Phone,4,Single,3,1,23.0,1.0,2.0,3.0,156.4
54366,1,1.0,Phone,3,34.0,E wallet,Female,3.0,4,Fashion,1,Married,3,0,23.0,1.0,2.0,10.0,201.39
54372,0,4.0,Computer,1,7.0,Debit Card,Male,3.0,5,Fashion,3,Single,3,0,23.0,5.0,6.0,3.0,209.74
54396,0,17.0,Phone,3,23.0,E wallet,Female,4.0,4,Grocery,1,Married,7,1,23.0,1.0,2.0,10.0,285.64
54447,1,8.0,Computer,1,31.0,Debit Card,Male,3.0,4,Phone,3,Married,5,1,23.0,1.0,2.0,1.0,156.61
54496,0,14.0,Phone,3,7.0,CC,Male,3.0,6,Laptop & Accessory,1,Married,4,1,23.0,2.0,2.0,3.0,199.57
54543,1,1.0,Computer,1,10.0,COD,Male,4.0,4,Phone,5,Single,2,0,23.0,1.0,2.0,5.0,156.02
54552,0,14.0,Phone,1,9.0,CC,Female,4.0,5,Laptop & Accessory,3,Married,8,0,23.0,2.0,2.0,1.0,159.48
54579,0,1.0,Phone,1,30.0,Debit Card,Female,3.0,4,Phone,1,Married,3,0,23.0,1.0,2.0,3.0,153.86
54645,0,5.0,Phone,3,13.0,CC,Male,4.0,2,Laptop & Accessory,1,Married,6,0,23.0,6.0,6.0,8.0,179.6
54678,0,1.0,Phone,3,15.0,Debit Card,Male,3.0,2,Laptop & Accessory,4,Married,2,0,23.0,2.0,2.0,3.0,173.51
54728,0,8.0,Phone,3,9.0,UPI,Male,3.0,4,Laptop & Accessory,1,Single,3,0,23.0,1.0,2.0,5.0,187.74
54780,0,7.0,Phone,3,7.0,CC,Male,3.0,2,Laptop & Accessory,5,Married,3,0,23.0,1.0,2.0,9.0,165.37
54788,0,26.0,Computer,1,32.0,CC,Female,3.0,5,Grocery,1,Married,5,0,23.0,1.0,2.0,1.0,263.26
54791,0,1.0,Phone,1,7.0,Debit Card,Male,3.0,5,Laptop & Accessory,1,Married,8,0,23.0,3.0,3.0,3.0,172.75
54812,0,21.0,Phone,3,9.0,E wallet,Female,3.0,4,Laptop & Accessory,1,Married,2,1,23.0,4.0,8.0,8.0,170.37
54870,1,1.0,Computer,1,16.0,CC,Male,3.0,5,Phone,5,Single,2,1,23.0,1.0,2.0,3.0,148.21
54907,0,15.0,Computer,1,14.0,Debit Card,Female,3.0,6,Others,3,Married,3,0,23.0,6.0,6.0,11.0,324.73
54925,0,2.0,Phone,3,17.0,CC,Male,4.0,4,Phone,4,Married,3,0,23.0,1.0,2.0,1.0,135.52
54952,1,1.0,Phone,3,11.0,COD,Male,3.0,4,Fashion,5,Single,2,1,23.0,3.0,5.0,3.0,220.82
54953,1,1.0,Computer,1,36.0,CC,Female,3.0,5,Laptop & Accessory,3,Single,3,0,23.0,3.0,4.0,9.0,170.08
54969,0,3.0,Phone,1,35.0,Debit Card,Female,4.0,4,Phone,1,Married,6,0,23.0,2.0,2.0,8.0,150.14
55002,0,1.0,Phone,1,31.0,CC,Male,3.0,4,Phone,4,Single,10,0,23.0,1.0,2.0,3.0,160.97
55004,0,1.0,Phone,1,10.0,CC,Male,3.0,2,Phone,1,Married,3,0,23.0,2.0,2.0,8.0,169.2
55071,0,1.0,Phone,1,8.0,Debit Card,Male,3.0,4,Phone,3,Married,3,0,23.0,2.0,2.0,2.0,137.23
55128,0,14.0,Phone,1,8.0,Debit Card,Male,3.0,4,Phone,4,Married,5,0,23.0,2.0,2.0,4.0,148.87
55184,0,30.0,Phone,1,8.0,Debit Card,Female,3.0,4,Phone,5,Married,4,0,23.0,1.0,2.0,1.0,145.66
55354,0,12.0,Computer,1,9.0,CC,Female,3.0,5,Phone,4,Single,3,0,23.0,1.0,4.0,4.0,149.4
55424,0,16.0,Phone,1,19.0,CC,Male,3.0,4,Phone,4,Married,10,0,23.0,2.0,2.0,5.0,152.66
55459,1,10.0,Phone,1,28.0,CC,Female,4.0,4,Laptop & Accessory,4,Married,6,0,23.0,4.0,4.0,3.0,214.26
55462,0,31.0,Computer,3,9.0,CC,Male,3.0,4,Grocery,4,Married,6,0,23.0,1.0,15.0,15.0,287.91
55475,0,19.0,Computer,3,9.0,Debit Card,Female,4.0,4,Laptop & Accessory,3,Married,6,0,23.0,4.0,6.0,8.0,176.54
55476,0,10.0,Phone,1,9.0,UPI,Female,4.0,4,Laptop & Accessory,4,Married,6,1,23.0,2.0,2.0,1.0,194.62
55481,0,16.0,Computer,1,17.0,COD,Male,3.0,4,Phone,3,Married,5,0,23.0,4.0,4.0,4.0,154.36
55505,0,11.0,Phone,1,14.0,CC,Male,4.0,4,Laptop & Accessory,5,Married,7,1,23.0,1.0,2.0,5.0,167.84
55544,0,10.0,Computer,1,16.0,Debit Card,Male,4.0,2,Phone,4,Married,3,0,23.0,2.0,2.0,3.0,153.1
55581,0,15.0,Phone,1,8.0,Debit Card,Male,4.0,4,Phone,1,Married,5,0,23.0,1.0,2.0,1.0,152.82
55594,0,1.0,Phone,3,15.0,UPI,Female,3.0,4,Laptop & Accessory,3,Married,2,1,23.0,1.0,2.0,5.0,174.07
50006,1,0.0,Computer,1,22.0,Debit Card,Female,3.0,5,Phone,5,Single,2,1,22.0,4.0,6.0,7.0,139.19
50016,1,9.0,Phone,2,12.0,UPI,Male,3.0,3,Phone,5,Married,5,1,22.0,1.0,1.0,2.0,120.72999999999999
50026,1,0.0,Phone,1,15.0,CC,Female,2.0,3,Phone,5,Single,8,0,22.0,1.0,1.0,4.0,142.0
50044,0,11.0,Phone,3,6.0,Debit Card,Female,2.0,4,Laptop & Accessory,2,Single,5,0,22.0,1.0,1.0,1.0,186.86
50053,1,0.0,Phone,1,8.0,Debit Card,Male,2.0,4,Phone,2,Single,2,0,22.0,0.0,1.0,0.0,111.02000000000001
50058,1,4.0,Phone,3,26.0,E wallet,Female,3.0,3,Phone,4,Single,2,1,22.0,0.0,1.0,2.0,131.4
50081,1,0.0,Phone,3,33.0,E wallet,Female,2.0,3,Fashion,2,Divorced,2,0,22.0,1.0,1.0,9.0,176.39
50087,0,3.0,Computer,1,6.0,Debit Card,Male,2.0,4,Fashion,3,Single,2,0,22.0,2.0,5.0,8.0,184.74
50111,0,16.0,Phone,3,22.0,E wallet,Female,3.0,3,Grocery,2,Divorced,6,1,22.0,0.0,2.0,9.0,260.64
50162,1,7.0,Computer,1,30.0,Debit Card,Male,3.0,3,Phone,3,Married,4,1,22.0,0.0,1.0,0.0,131.61
50211,0,13.0,Phone,3,6.0,CC,Male,2.0,5,Laptop & Accessory,2,Divorced,3,1,22.0,1.0,1.0,2.0,174.57
50258,1,0.0,Computer,1,9.0,COD,Male,3.0,3,Phone,5,Single,1,0,22.0,0.0,1.0,4.0,131.02
50267,0,13.0,Phone,1,8.0,CC,Female,3.0,4,Laptop & Accessory,3,Divorced,7,0,22.0,1.0,1.0,0.0,134.48
50294,0,0.0,Phone,1,29.0,Debit Card,Female,3.0,3,Phone,2,Married,2,0,22.0,1.0,1.0,2.0,128.86
50360,0,4.0,Phone,3,12.0,CC,Male,3.0,2,Laptop & Accessory,2,Married,5,0,22.0,3.0,5.0,7.0,154.6
50393,0,0.0,Phone,3,14.0,Debit Card,Male,2.0,2,Laptop & Accessory,4,Divorced,1,0,22.0,0.0,1.0,2.0,148.51
50443,0,7.0,Phone,3,8.0,UPI,Male,2.0,3,Laptop & Accessory,2,Single,2,0,22.0,0.0,1.0,4.0,162.74
50495,0,6.0,Phone,3,6.0,CC,Male,2.0,1,Laptop & Accessory,5,Married,2,0,22.0,0.0,1.0,8.0,140.37
50503,0,25.0,Computer,1,31.0,CC,Female,2.0,4,Grocery,2,Divorced,4,0,22.0,0.0,2.0,0.0,238.26
50506,0,0.0,Phone,1,6.0,Debit Card,Male,2.0,4,Laptop & Accessory,2,Divorced,7,0,22.0,2.0,2.0,2.0,147.75
50527,0,20.0,Phone,3,8.0,E wallet,Female,2.0,3,Laptop & Accessory,2,Divorced,1,1,22.0,5.0,7.0,7.0,145.37
50585,1,0.0,Computer,1,14.0,CC,Male,2.0,4,Phone,5,Single,1,1,22.0,1.0,1.0,2.0,123.21000000000001
50590,0,23.0,Phone,1,6.0,CC,Male,3.0,3,Grocery,2,Married,10,0,22.0,1.0,1.0,3.0,273.99
50640,0,1.0,Phone,3,16.0,CC,Male,3.0,3,Phone,4,Divorced,2,0,22.0,1.0,1.0,0.0,110.52000000000001
50667,1,0.0,Phone,3,10.0,COD,Male,2.0,3,Fashion,5,Single,1,1,22.0,3.0,4.0,7.0,195.82
50668,1,0.0,Computer,1,35.0,CC,Female,2.0,4,Laptop & Accessory,3,Single,2,0,22.0,3.0,3.0,8.0,145.08
50680,0,21.0,Computer,1,6.0,CC,Male,2.0,1,Grocery,2,Single,3,0,22.0,1.0,2.0,1.0,268.85
50684,0,2.0,Phone,1,14.0,Debit Card,Female,3.0,3,Phone,2,Married,5,0,22.0,0.0,1.0,7.0,125.13999999999999
50717,0,0.0,Phone,1,30.0,CC,Male,2.0,3,Phone,4,Single,9,0,22.0,1.0,1.0,2.0,135.97
50719,0,0.0,Phone,1,9.0,CC,Male,2.0,1,Phone,2,Divorced,2,0,22.0,1.0,1.0,7.0,144.2
50743,0,23.0,Computer,1,8.0,CC,Female,1.0,3,Grocery,5,Divorced,3,0,22.0,1.0,2.0,2.0,278.56
50786,0,9.0,Phone,1,6.0,Debit Card,Male,2.0,3,Phone,3,Divorced,2,0,22.0,0.0,1.0,1.0,112.22999999999999
50812,0,18.0,Computer,1,31.0,CC,Female,2.0,3,Others,4,Single,4,0,22.0,1.0,1.0,0.0,280.61
50843,0,13.0,Phone,1,14.0,Debit Card,Male,2.0,3,Phone,4,Divorced,4,0,22.0,1.0,1.0,3.0,123.87
50899,0,9.0,Phone,1,6.0,Debit Card,Female,2.0,3,Phone,5,Divorced,3,0,22.0,1.0,1.0,0.0,120.66
51069,0,11.0,Computer,1,14.0,CC,Female,2.0,4,Phone,4,Single,2,0,22.0,1.0,3.0,3.0,124.4
51139,0,15.0,Phone,1,18.0,CC,Male,3.0,3,Phone,4,Married,9,0,22.0,1.0,1.0,4.0,127.66
51174,1,9.0,Phone,1,27.0,CC,Female,3.0,3,Laptop & Accessory,4,Married,5,0,22.0,1.0,3.0,7.0,189.26
51177,0,30.0,Computer,3,8.0,CC,Male,2.0,3,Grocery,4,Married,5,0,22.0,10.0,14.0,14.0,0.0
51190,0,18.0,Computer,3,8.0,Debit Card,Female,3.0,3,Laptop & Accessory,3,Married,5,0,22.0,3.0,5.0,7.0,151.54
51191,0,9.0,Phone,1,8.0,UPI,Female,3.0,3,Laptop & Accessory,4,Married,5,1,22.0,0.0,1.0,0.0,169.62
51196,0,15.0,Computer,1,16.0,COD,Male,3.0,3,Phone,3,Married,4,0,22.0,1.0,3.0,3.0,129.36
51220,0,10.0,Phone,1,13.0,CC,Male,3.0,3,Laptop & Accessory,5,Married,6,1,22.0,0.0,1.0,4.0,142.84
51259,0,9.0,Computer,1,15.0,Debit Card,Male,3.0,1,Phone,4,Married,2,0,22.0,1.0,1.0,2.0,128.1
51296,0,14.0,Phone,1,6.0,Debit Card,Male,3.0,3,Phone,1,Married,4,0,22.0,0.0,1.0,0.0,127.82
51309,0,0.0,Phone,3,14.0,UPI,Female,2.0,3,Laptop & Accessory,3,Married,1,1,22.0,1.0,1.0,4.0,149.07
51353,0,3.0,Phone,1,30.0,Debit Card,Male,3.0,3,Phone,3,Married,2,0,22.0,1.0,1.0,0.0,126.93
51372,1,0.0,Computer,1,22.0,Debit Card,Female,3.0,5,Phone,5,Single,2,1,22.0,0.0,6.0,7.0,139.19
51402,0,8.0,Computer,3,5.0,Debit Card,Male,3.0,3,Fashion,5,Married,2,0,22.0,0.0,1.0,8.0,190.69
51404,0,4.0,Phone,1,13.0,Debit Card,Male,2.0,3,Laptop & Accessory,1,Married,4,0,22.0,0.0,1.0,7.0,159.15
51406,0,5.0,Phone,1,6.0,CC,Male,2.0,3,Laptop & Accessory,1,Married,2,1,22.0,5.0,7.0,8.0,161.62
51425,0,19.0,Phone,2,11.0,CC,Male,3.0,3,Laptop & Accessory,4,Married,2,1,22.0,1.0,1.0,2.0,150.21
51436,0,13.0,Computer,1,6.0,Debit Card,Male,3.0,4,Grocery,4,Married,2,0,22.0,5.0,2.0,11.0,235.02999999999997
51437,0,24.0,Phone,3,27.0,E wallet,Male,3.0,3,Laptop & Accessory,1,Single,1,1,22.0,0.0,1.0,0.0,154.41
51446,1,9.0,Phone,2,12.0,UPI,Male,3.0,3,Phone,5,Married,5,1,22.0,0.0,1.0,2.0,120.72999999999999
51464,0,9.0,Phone,1,9.0,Debit Card,Female,3.0,3,Phone,1,Married,6,0,22.0,0.0,1.0,0.0,128.35
51486,1,0.0,Phone,1,15.0,CC,Female,2.0,3,Phone,5,Single,8,0,22.0,1.0,1.0,4.0,142.0
51514,0,11.0,Phone,3,6.0,Debit Card,Female,2.0,4,Laptop & Accessory,1,Single,5,0,22.0,0.0,1.0,7.0,186.86
51523,1,0.0,Phone,1,8.0,Debit Card,Male,2.0,4,Phone,1,Single,2,0,22.0,1.0,1.0,0.0,111.02000000000001
51528,1,4.0,Phone,3,26.0,E wallet,Female,3.0,3,Phone,4,Single,2,1,22.0,0.0,1.0,2.0,131.4
51551,1,0.0,Phone,3,33.0,E wallet,Female,2.0,3,Fashion,1,Married,2,0,22.0,0.0,1.0,9.0,176.39
51557,0,3.0,Computer,1,6.0,Debit Card,Male,2.0,4,Fashion,3,Single,2,0,22.0,4.0,5.0,8.0,184.74
51581,0,16.0,Phone,3,22.0,E wallet,Female,3.0,3,Grocery,1,Married,6,1,22.0,0.0,2.0,9.0,260.64
51632,1,7.0,Computer,1,30.0,Debit Card,Male,3.0,3,Phone,3,Married,4,1,22.0,0.0,1.0,0.0,131.61
51681,0,13.0,Phone,3,6.0,CC,Male,2.0,5,Laptop & Accessory,1,Married,3,1,22.0,1.0,1.0,2.0,174.57
51728,1,0.0,Computer,1,9.0,COD,Male,3.0,3,Phone,5,Single,1,0,22.0,0.0,1.0,4.0,131.02
51737,0,13.0,Phone,1,8.0,CC,Female,3.0,4,Laptop & Accessory,3,Married,7,0,22.0,1.0,1.0,0.0,134.48
51764,0,0.0,Phone,1,29.0,Debit Card,Female,3.0,3,Phone,1,Married,2,0,22.0,0.0,1.0,2.0,128.86
51830,0,4.0,Phone,3,12.0,CC,Male,3.0,1,Laptop & Accessory,1,Married,5,0,22.0,5.0,5.0,7.0,154.6
51863,0,0.0,Phone,3,14.0,Debit Card,Male,2.0,1,Laptop & Accessory,4,Married,1,0,22.0,1.0,1.0,2.0,148.51
51913,0,7.0,Phone,3,8.0,UPI,Male,2.0,3,Laptop & Accessory,1,Single,2,0,22.0,0.0,1.0,4.0,162.74
51965,0,6.0,Phone,3,6.0,CC,Male,2.0,1,Laptop & Accessory,5,Married,2,0,22.0,0.0,1.0,8.0,140.37
51973,0,25.0,Computer,1,31.0,CC,Female,2.0,4,Grocery,1,Married,4,0,22.0,0.0,2.0,0.0,238.26
51976,0,0.0,Phone,1,6.0,Debit Card,Male,2.0,4,Laptop & Accessory,1,Married,7,0,22.0,2.0,2.0,2.0,147.75
51997,0,20.0,Phone,3,8.0,E wallet,Female,2.0,3,Laptop & Accessory,1,Married,1,1,22.0,3.0,7.0,7.0,145.37
52055,1,0.0,Computer,1,14.0,CC,Male,2.0,4,Phone,5,Single,1,1,22.0,0.0,1.0,2.0,123.21000000000001
52060,0,23.0,Phone,1,6.0,CC,Male,3.0,3,Grocery,1,Married,10,0,22.0,1.0,1.0,3.0,273.99
52110,0,1.0,Phone,3,16.0,CC,Male,3.0,3,Phone,4,Married,2,0,22.0,0.0,1.0,0.0,110.52000000000001
52137,1,0.0,Phone,3,10.0,COD,Male,2.0,3,Fashion,5,Single,1,1,22.0,2.0,4.0,7.0,195.82
52138,1,0.0,Computer,1,35.0,CC,Female,2.0,4,Laptop & Accessory,3,Single,2,0,22.0,2.0,3.0,8.0,145.08
52150,0,21.0,Computer,1,6.0,CC,Male,2.0,1,Grocery,1,Single,3,0,22.0,1.0,2.0,1.0,268.85
52154,0,2.0,Phone,1,14.0,Debit Card,Female,3.0,3,Phone,1,Married,5,0,22.0,1.0,1.0,7.0,125.13999999999999
52187,0,0.0,Phone,1,30.0,CC,Male,2.0,3,Phone,4,Single,9,0,22.0,0.0,1.0,2.0,135.97
52189,0,0.0,Phone,1,9.0,CC,Male,2.0,1,Phone,1,Married,2,0,22.0,1.0,1.0,7.0,144.2
52213,0,23.0,Computer,1,8.0,CC,Female,1.0,3,Grocery,5,Married,3,0,22.0,1.0,2.0,2.0,278.56
52256,0,9.0,Phone,1,7.0,Debit Card,Male,2.0,3,Phone,3,Married,2,0,22.0,1.0,1.0,1.0,112.22999999999999
52282,0,18.0,Computer,1,31.0,CC,Female,2.0,3,Others,4,Single,4,0,22.0,1.0,1.0,0.0,280.61
52313,0,13.0,Phone,1,14.0,Debit Card,Male,2.0,3,Phone,4,Married,4,0,22.0,1.0,1.0,3.0,123.87
52369,0,9.0,Phone,1,7.0,Debit Card,Female,2.0,3,Phone,5,Married,3,0,22.0,0.0,1.0,0.0,120.66
52539,0,11.0,Computer,1,14.0,CC,Female,2.0,4,Phone,4,Single,2,0,22.0,0.0,3.0,3.0,124.4
52609,0,15.0,Phone,1,18.0,CC,Male,3.0,3,Phone,4,Married,9,0,22.0,1.0,1.0,4.0,127.66
52644,1,9.0,Phone,1,27.0,CC,Female,3.0,3,Laptop & Accessory,4,Married,5,0,22.0,3.0,3.0,7.0,189.26
52647,0,30.0,Computer,3,8.0,CC,Male,2.0,3,Grocery,4,Married,5,0,22.0,1.0,14.0,14.0,262.91
52660,0,18.0,Computer,3,8.0,Debit Card,Female,3.0,3,Laptop & Accessory,3,Married,5,0,22.0,3.0,5.0,7.0,151.54
52661,0,9.0,Phone,1,8.0,UPI,Female,3.0,3,Laptop & Accessory,4,Married,5,1,22.0,1.0,1.0,0.0,169.62
52666,0,15.0,Computer,1,16.0,COD,Male,3.0,3,Phone,3,Married,4,0,22.0,3.0,3.0,3.0,129.36
52690,0,10.0,Phone,1,13.0,CC,Male,3.0,3,Laptop & Accessory,5,Married,6,1,22.0,0.0,1.0,4.0,142.84
52729,0,9.0,Computer,1,15.0,Debit Card,Male,3.0,1,Phone,4,Married,2,0,22.0,1.0,1.0,2.0,128.1
52766,0,14.0,Phone,1,7.0,Debit Card,Male,3.0,3,Phone,1,Married,4,0,22.0,0.0,1.0,0.0,127.82
52779,0,0.0,Phone,3,14.0,UPI,Female,2.0,3,Laptop & Accessory,3,Married,1,1,22.0,0.0,1.0,4.0,149.07
52862,1,1.0,Computer,3,7.0,COD,Female,4.0,6,Phone,5,Single,2,0,22.0,2.0,2.0,1.0,148.25
52912,0,7.0,Phone,1,11.0,CC,Female,3.0,5,Phone,4,Divorced,8,0,22.0,1.0,2.0,2.0,151.22
52957,0,5.0,Phone,1,30.0,CC,Male,4.0,5,Laptop & Accessory,2,Divorced,2,0,22.0,2.0,8.0,9.0,180.82
52980,0,2.0,Phone,1,15.0,Debit Card,Female,4.0,4,Phone,2,Single,3,0,22.0,1.0,2.0,3.0,158.1
53043,0,22.0,Phone,3,36.0,CC,Female,4.0,4,Fashion,3,Divorced,5,0,22.0,1.0,2.0,1.0,250.04000000000002
53098,0,19.0,Phone,1,17.0,Debit Card,Male,4.0,4,Phone,2,Divorced,5,0,22.0,2.0,2.0,3.0,151.54
53142,0,16.0,Phone,1,31.0,CC,Male,3.0,4,Fashion,5,Divorced,3,1,22.0,5.0,6.0,9.0,199.06
53147,0,1.0,Phone,3,14.0,Debit Card,Male,3.0,5,Fashion,2,Married,11,0,22.0,2.0,2.0,2.0,240.57
53167,0,1.0,Phone,1,24.0,UPI,Male,4.0,5,Phone,4,Divorced,3,0,22.0,2.0,2.0,1.0,146.27
53224,0,14.0,Computer,3,12.0,Debit Card,Male,3.0,5,Fashion,5,Divorced,7,1,22.0,1.0,2.0,3.0,229.75
53228,0,1.0,Computer,1,17.0,Debit Card,Male,3.0,4,Fashion,5,Married,3,0,22.0,2.0,2.0,3.0,212.93
53272,0,4.0,Phone,1,7.0,Debit Card,Male,3.0,6,Phone,3,Divorced,5,0,22.0,2.0,2.0,3.0,163.33
53276,1,1.0,Phone,1,13.0,Debit Card,Male,4.0,2,Phone,5,Divorced,3,1,22.0,2.0,2.0,1.0,141.01
53302,0,9.0,Phone,1,14.0,UPI,Male,3.0,4,Fashion,3,Single,5,0,22.0,1.0,2.0,3.0,227.21
53324,0,10.0,Phone,2,15.0,Debit Card,Male,4.0,5,Phone,5,Divorced,2,0,22.0,2.0,2.0,4.0,148.42
53352,0,17.0,Phone,1,15.0,Debit Card,Female,3.0,4,Laptop & Accessory,4,Married,6,0,22.0,2.0,2.0,1.0,172.65
53360,1,3.0,Phone,1,13.0,CC,Male,4.0,4,Phone,5,Divorced,9,1,22.0,2.0,3.0,3.0,149.04
53378,0,10.0,Phone,1,9.0,CC,Male,4.0,4,Phone,3,Single,6,0,22.0,3.0,4.0,10.0,150.19
53573,0,10.0,Phone,1,7.0,COD,Female,4.0,6,Fashion,5,Married,4,1,22.0,6.0,8.0,3.0,227.52
53577,0,4.0,Phone,1,7.0,CC,Male,4.0,4,Phone,4,Divorced,2,1,22.0,2.0,6.0,8.0,160.79
53683,0,13.0,Computer,1,32.0,Debit Card,Male,4.0,4,Fashion,3,Divorced,5,0,22.0,1.0,2.0,6.0,234.2
53755,0,4.0,Phone,2,7.0,Debit Card,Male,3.0,4,Phone,3,Married,2,0,22.0,1.0,2.0,4.0,145.64
53787,0,14.0,Phone,2,13.0,CC,Male,3.0,4,Grocery,1,Single,3,1,22.0,1.0,8.0,8.0,289.37
53793,0,10.0,Phone,3,9.0,Debit Card,Male,4.0,4,Phone,1,Single,5,1,22.0,1.0,2.0,3.0,151.44
53809,0,1.0,Phone,1,10.0,Debit Card,Female,3.0,4,Phone,1,Married,3,0,22.0,2.0,2.0,1.0,145.61
53842,0,2.0,Phone,1,34.0,CC,Female,3.0,6,Laptop & Accessory,5,Married,2,0,22.0,2.0,2.0,1.0,25.0
53866,0,13.0,Phone,1,19.0,CC,Male,4.0,4,Laptop & Accessory,4,Married,6,0,22.0,2.0,2.0,1.0,177.95
53904,1,1.0,Phone,3,14.0,Debit Card,Male,3.0,4,Phone,1,Married,3,1,22.0,2.0,2.0,3.0,147.75
53934,0,19.0,Phone,2,11.0,Debit Card,Female,3.0,6,Fashion,3,Married,6,0,22.0,2.0,2.0,3.0,222.56
53975,0,13.0,Phone,1,17.0,CC,Male,4.0,4,Fashion,3,Single,9,0,22.0,3.0,2.0,3.0,259.64
53991,0,8.0,Phone,3,15.0,COD,Male,4.0,2,Laptop & Accessory,3,Married,3,0,22.0,1.0,5.0,9.0,192.99
54019,0,1.0,Phone,3,30.0,CC,Female,3.0,5,Laptop & Accessory,3,Married,3,0,22.0,5.0,6.0,9.0,160.4
54024,1,10.0,Phone,3,17.0,Debit Card,Female,4.0,4,Fashion,4,Married,7,0,22.0,1.0,2.0,8.0,198.14
54038,0,10.0,Computer,2,9.0,UPI,Male,4.0,5,Laptop & Accessory,1,Single,3,0,22.0,2.0,2.0,9.0,163.86
54047,0,15.0,Phone,3,15.0,E wallet,Female,3.0,4,Laptop & Accessory,4,Married,7,0,22.0,2.0,2.0,5.0,168.93
54075,0,8.0,Phone,3,7.0,E wallet,Male,3.0,4,Fashion,1,Single,3,0,22.0,2.0,3.0,3.0,223.88
54080,0,5.0,Computer,1,7.0,Debit Card,Male,3.0,6,Laptop & Accessory,5,Married,3,0,22.0,2.0,9.0,8.0,175.03
54132,0,30.0,Computer,1,7.0,Debit Card,Male,3.0,4,Laptop & Accessory,3,Married,3,0,22.0,1.0,2.0,10.0,188.06
54137,0,8.0,Phone,3,35.0,E wallet,Female,4.0,5,Laptop & Accessory,3,Married,3,0,22.0,2.0,2.0,8.0,192.12
54169,0,12.0,Computer,1,30.0,Debit Card,Male,3.0,5,Fashion,3,Single,2,0,22.0,2.0,2.0,3.0,220.26
54208,0,11.0,Phone,1,26.0,Debit Card,Male,4.0,4,Phone,4,Married,6,0,22.0,1.0,2.0,1.0,155.22
54209,0,20.0,Computer,3,12.0,E wallet,Male,4.0,4,Laptop & Accessory,1,Single,6,1,22.0,2.0,2.0,9.0,182.72
54213,0,18.0,Phone,3,7.0,E wallet,Female,4.0,4,Laptop & Accessory,5,Married,7,1,22.0,2.0,2.0,4.0,179.54
54257,0,1.0,Phone,3,10.0,UPI,Female,3.0,4,Laptop & Accessory,3,Married,2,0,22.0,1.0,2.0,3.0,174.99
54309,0,15.0,Phone,1,16.0,Debit Card,Male,4.0,4,Phone,5,Married,4,0,22.0,1.0,2.0,5.0,147.38
54332,1,1.0,Computer,3,7.0,COD,Female,4.0,6,Phone,5,Single,2,0,22.0,2.0,2.0,1.0,148.25
54382,0,7.0,Phone,1,11.0,CC,Female,3.0,5,Phone,4,Married,8,0,22.0,1.0,2.0,2.0,151.22
54427,0,5.0,Phone,1,30.0,CC,Male,4.0,5,Laptop & Accessory,1,Married,2,0,22.0,1.0,8.0,9.0,180.82
54450,0,2.0,Phone,1,15.0,Debit Card,Female,4.0,4,Phone,1,Single,3,0,22.0,2.0,2.0,3.0,158.1
54513,0,22.0,Phone,3,36.0,CC,Female,4.0,4,Fashion,3,Married,5,0,22.0,1.0,2.0,1.0,250.04000000000002
54568,0,19.0,Phone,1,17.0,Debit Card,Male,4.0,4,Phone,1,Married,5,0,22.0,1.0,2.0,3.0,151.54
54612,0,16.0,Phone,1,31.0,CC,Male,3.0,4,Fashion,5,Married,3,1,22.0,6.0,6.0,9.0,199.06
54617,0,5.0,Phone,3,14.0,Debit Card,Male,3.0,5,Fashion,1,Married,11,0,22.0,2.0,2.0,2.0,240.57
54637,0,1.0,Phone,1,24.0,UPI,Male,4.0,5,Phone,4,Married,3,0,22.0,2.0,2.0,1.0,146.27
54694,0,14.0,Computer,3,12.0,Debit Card,Male,3.0,5,Fashion,5,Married,7,1,22.0,1.0,2.0,3.0,229.75
54698,0,1.0,Computer,1,17.0,Debit Card,Male,3.0,4,Fashion,5,Married,3,0,22.0,1.0,2.0,3.0,212.93
54742,0,4.0,Phone,1,7.0,Debit Card,Male,3.0,6,Phone,3,Married,5,0,22.0,2.0,2.0,3.0,163.33
54746,1,1.0,Phone,1,13.0,Debit Card,Male,4.0,2,Phone,5,Married,3,1,22.0,1.0,2.0,1.0,141.01
54772,0,9.0,Phone,1,14.0,UPI,Male,3.0,4,Fashion,3,Single,5,0,22.0,1.0,2.0,3.0,227.21
54794,0,10.0,Phone,2,15.0,Debit Card,Male,4.0,5,Phone,5,Married,2,0,22.0,1.0,2.0,4.0,148.42
54822,0,17.0,Phone,1,15.0,Debit Card,Female,3.0,4,Laptop & Accessory,4,Married,6,0,22.0,2.0,2.0,1.0,172.65
54830,1,3.0,Phone,1,13.0,CC,Male,4.0,4,Phone,5,Married,9,1,22.0,2.0,3.0,3.0,149.04
54848,0,10.0,Phone,1,9.0,CC,Male,4.0,4,Phone,3,Single,6,0,22.0,2.0,4.0,10.0,150.19
55043,0,10.0,Phone,1,8.0,COD,Female,4.0,6,Fashion,5,Married,4,1,22.0,8.0,8.0,3.0,227.52
55047,0,4.0,Phone,1,8.0,CC,Male,4.0,4,Phone,4,Married,2,1,22.0,4.0,6.0,8.0,160.79
55153,0,13.0,Computer,1,32.0,Debit Card,Male,4.0,4,Fashion,3,Married,5,0,22.0,1.0,2.0,6.0,234.2
55225,0,4.0,Phone,2,8.0,Debit Card,Male,3.0,4,Phone,3,Married,2,0,22.0,1.0,2.0,4.0,145.64
55257,0,14.0,Phone,2,13.0,CC,Male,3.0,4,Grocery,1,Single,3,1,22.0,1.0,8.0,8.0,289.37
55263,0,10.0,Phone,3,9.0,Debit Card,Male,4.0,4,Phone,1,Single,5,1,22.0,2.0,2.0,3.0,151.44
55279,0,1.0,Phone,1,10.0,Debit Card,Female,3.0,4,Phone,1,Married,3,0,22.0,2.0,2.0,1.0,145.61
55312,0,2.0,Phone,1,34.0,CC,Female,3.0,6,Laptop & Accessory,5,Married,2,0,22.0,2.0,2.0,1.0,173.77
55336,0,13.0,Phone,1,19.0,CC,Male,4.0,4,Laptop & Accessory,4,Married,6,0,22.0,2.0,2.0,1.0,177.95
55374,1,1.0,Phone,3,14.0,Debit Card,Male,4.0,4,Phone,1,Married,3,1,22.0,2.0,2.0,3.0,147.75
55404,0,19.0,Phone,2,11.0,Debit Card,Female,3.0,6,Fashion,3,Married,6,0,22.0,2.0,2.0,3.0,222.56
55445,0,13.0,Phone,1,17.0,CC,Male,4.0,4,Fashion,3,Single,9,0,22.0,3.0,2.0,3.0,259.64
55461,0,8.0,Phone,3,15.0,COD,Male,4.0,2,Laptop & Accessory,3,Married,3,0,22.0,3.0,5.0,9.0,192.99
55489,0,1.0,Phone,3,30.0,CC,Female,3.0,5,Laptop & Accessory,3,Married,3,0,22.0,4.0,6.0,9.0,160.4
55494,1,10.0,Phone,3,17.0,Debit Card,Female,4.0,4,Fashion,4,Married,7,0,22.0,2.0,2.0,8.0,198.14
55508,0,10.0,Computer,2,9.0,UPI,Male,4.0,5,Laptop & Accessory,1,Single,3,0,22.0,2.0,2.0,9.0,163.86
55517,0,15.0,Phone,3,15.0,E wallet,Female,3.0,4,Laptop & Accessory,4,Married,7,0,22.0,1.0,2.0,5.0,168.93
55545,0,8.0,Phone,3,8.0,E wallet,Male,3.0,4,Fashion,1,Single,3,0,22.0,3.0,3.0,3.0,223.88
55550,0,5.0,Computer,1,8.0,Debit Card,Male,3.0,6,Laptop & Accessory,5,Married,3,0,22.0,7.0,9.0,8.0,175.03
55602,0,30.0,Computer,1,8.0,Debit Card,Male,3.0,4,Laptop & Accessory,3,Married,3,0,22.0,1.0,2.0,10.0,188.06
55607,0,8.0,Phone,3,35.0,E wallet,Female,4.0,5,Laptop & Accessory,3,Married,3,0,22.0,2.0,2.0,8.0,192.12
50047,1,0.0,Computer,3,14.0,COD,Female,3.0,5,Phone,5,Single,1,0,21.0,1.0,1.0,0.0,123.25
50097,0,6.0,Phone,1,14.0,CC,Female,2.0,4,Phone,4,Divorced,7,0,21.0,0.0,1.0,1.0,126.22
50142,0,4.0,Phone,1,29.0,CC,Male,3.0,4,Laptop & Accessory,2,Divorced,1,0,21.0,1.0,7.0,8.0,155.82
50165,0,1.0,Phone,1,14.0,Debit Card,Female,3.0,3,Phone,2,Single,2,0,21.0,0.0,1.0,2.0,133.1
50228,0,21.0,Phone,3,35.0,CC,Female,3.0,3,Fashion,3,Divorced,4,0,21.0,0.0,1.0,3.0,225.04000000000002
50283,0,18.0,Phone,1,14.0,Debit Card,Male,3.0,3,Phone,2,Divorced,4,0,21.0,1.0,1.0,2.0,126.53999999999999
50327,0,15.0,Phone,1,30.0,CC,Male,2.0,3,Fashion,5,Divorced,2,1,21.0,4.0,5.0,8.0,174.06
50332,0,0.0,Phone,3,13.0,Debit Card,Male,2.0,4,Fashion,2,Married,10,0,21.0,1.0,1.0,3.0,215.57
50352,0,9.0,Phone,1,23.0,UPI,Male,3.0,4,Phone,4,Divorced,2,0,21.0,1.0,1.0,0.0,121.27000000000001
50409,0,13.0,Computer,3,11.0,Debit Card,Male,2.0,4,Fashion,5,Divorced,6,1,21.0,0.0,1.0,12.0,204.75
50413,0,0.0,Computer,1,16.0,Debit Card,Male,2.0,3,Fashion,5,Married,2,0,21.0,1.0,1.0,7.0,187.93
50457,0,3.0,Phone,1,6.0,Debit Card,Male,2.0,5,Phone,3,Divorced,4,0,21.0,1.0,1.0,2.0,138.33
50461,1,9.0,Phone,1,12.0,Debit Card,Male,3.0,1,Phone,5,Divorced,2,1,21.0,1.0,1.0,0.0,116.00999999999999
50487,0,8.0,Phone,1,13.0,UPI,Male,2.0,3,Fashion,3,Single,4,0,21.0,0.0,1.0,6.0,202.21
50509,0,9.0,Phone,2,14.0,Debit Card,Male,3.0,4,Phone,5,Divorced,1,0,21.0,1.0,1.0,3.0,123.41999999999999
50537,0,16.0,Phone,1,14.0,Debit Card,Female,2.0,3,Laptop & Accessory,4,Married,5,0,21.0,1.0,1.0,0.0,147.65
50545,1,2.0,Phone,1,14.0,CC,Male,3.0,3,Phone,5,Divorced,8,1,21.0,1.0,2.0,2.0,124.03999999999999
50563,0,9.0,Phone,1,14.0,CC,Male,3.0,3,Phone,3,Single,5,0,21.0,2.0,3.0,9.0,125.19
50758,0,9.0,Phone,1,6.0,COD,Female,3.0,5,Fashion,5,Married,3,1,21.0,5.0,7.0,7.0,202.52
50762,0,3.0,Phone,1,6.0,CC,Male,3.0,3,Phone,4,Divorced,1,1,21.0,1.0,5.0,7.0,135.79
50868,0,12.0,Computer,1,31.0,Debit Card,Male,3.0,3,Fashion,3,Divorced,4,0,21.0,0.0,1.0,5.0,209.2
50940,0,9.0,Phone,2,6.0,Debit Card,Male,2.0,3,Phone,3,Married,1,0,21.0,0.0,1.0,3.0,120.63999999999999
50972,0,13.0,Phone,2,12.0,CC,Male,2.0,3,Grocery,1,Single,2,1,21.0,1.0,7.0,7.0,264.37
50978,0,9.0,Phone,3,14.0,Debit Card,Male,3.0,3,Phone,1,Single,4,1,21.0,0.0,1.0,2.0,126.44
50994,0,9.0,Phone,1,9.0,Debit Card,Female,2.0,3,Phone,1,Married,2,0,21.0,1.0,1.0,0.0,120.61000000000001
51027,0,1.0,Phone,1,33.0,CC,Female,2.0,5,Laptop & Accessory,5,Married,1,0,21.0,1.0,1.0,0.0,0.0
51051,0,12.0,Phone,1,18.0,CC,Male,3.0,3,Laptop & Accessory,4,Married,5,0,21.0,1.0,1.0,0.0,152.95
51089,1,9.0,Phone,3,13.0,Debit Card,Male,2.0,3,Phone,1,Married,2,1,21.0,1.0,1.0,2.0,122.75
51119,0,18.0,Phone,2,10.0,Debit Card,Female,2.0,5,Fashion,3,Married,5,0,21.0,1.0,1.0,3.0,197.56
51160,0,12.0,Phone,1,16.0,CC,Male,3.0,3,Fashion,3,Single,8,0,21.0,2.0,2.0,2.0,234.64
51176,0,7.0,Phone,3,14.0,COD,Male,3.0,1,Laptop & Accessory,3,Married,2,0,21.0,0.0,4.0,8.0,167.99
51204,0,0.0,Phone,3,29.0,CC,Female,2.0,4,Laptop & Accessory,3,Married,2,0,21.0,4.0,5.0,8.0,135.4
51209,1,9.0,Phone,3,16.0,Debit Card,Female,3.0,3,Fashion,4,Married,6,0,21.0,0.0,1.0,7.0,173.14
51223,0,9.0,Computer,2,8.0,UPI,Male,3.0,4,Laptop & Accessory,1,Single,2,0,21.0,1.0,1.0,8.0,138.86
51232,0,14.0,Phone,3,14.0,E wallet,Female,2.0,3,Laptop & Accessory,4,Married,6,0,21.0,1.0,1.0,4.0,143.93
51260,0,7.0,Phone,3,6.0,E wallet,Male,2.0,3,Fashion,1,Single,2,0,21.0,1.0,2.0,1.0,198.88
51265,0,4.0,Computer,1,6.0,Debit Card,Male,2.0,5,Laptop & Accessory,5,Married,2,0,21.0,1.0,8.0,7.0,150.03
51317,0,29.0,Computer,1,6.0,Debit Card,Male,2.0,3,Laptop & Accessory,3,Married,2,0,21.0,0.0,1.0,9.0,163.06
51322,0,7.0,Phone,3,34.0,E wallet,Female,3.0,4,Laptop & Accessory,3,Married,2,0,21.0,1.0,1.0,7.0,167.12
51354,0,11.0,Computer,1,29.0,Debit Card,Male,2.0,4,Fashion,3,Single,1,0,21.0,1.0,1.0,8.0,195.26
51393,0,10.0,Phone,1,25.0,Debit Card,Male,3.0,3,Phone,4,Married,5,0,21.0,0.0,1.0,0.0,130.22
51394,0,19.0,Computer,3,11.0,E wallet,Male,3.0,3,Laptop & Accessory,1,Single,5,1,21.0,1.0,1.0,8.0,157.72
51398,0,17.0,Phone,3,6.0,E wallet,Female,3.0,3,Laptop & Accessory,5,Married,6,1,21.0,1.0,1.0,3.0,154.54
51442,0,0.0,Phone,3,9.0,UPI,Female,2.0,3,Laptop & Accessory,3,Married,1,0,21.0,0.0,1.0,2.0,149.99
51451,0,30.0,Computer,2,8.0,UPI,Female,2.0,4,Others,1,Married,10,0,21.0,1.0,2.0,2.0,288.44
51494,0,9.0,Phone,1,15.0,Debit Card,Male,3.0,3,Phone,5,Married,3,0,21.0,0.0,1.0,4.0,122.38
51517,1,0.0,Computer,3,14.0,COD,Female,3.0,5,Phone,5,Single,1,0,21.0,1.0,1.0,0.0,123.25
51567,0,6.0,Phone,1,14.0,CC,Female,2.0,4,Phone,4,Married,7,0,21.0,0.0,1.0,1.0,126.22
51612,0,4.0,Phone,1,29.0,CC,Male,3.0,4,Laptop & Accessory,1,Married,1,0,21.0,0.0,7.0,8.0,155.82
51635,0,1.0,Phone,1,14.0,Debit Card,Female,3.0,3,Phone,1,Single,2,0,21.0,1.0,1.0,2.0,133.1
51698,0,21.0,Phone,3,35.0,CC,Female,3.0,3,Fashion,3,Married,4,0,21.0,0.0,1.0,3.0,225.04000000000002
51753,0,18.0,Phone,1,14.0,Debit Card,Male,3.0,3,Phone,1,Married,4,0,21.0,0.0,1.0,2.0,126.53999999999999
51797,0,15.0,Phone,1,30.0,CC,Male,2.0,3,Fashion,5,Married,2,1,21.0,5.0,5.0,8.0,174.06
51802,0,4.0,Phone,3,13.0,Debit Card,Male,2.0,4,Fashion,1,Married,10,0,21.0,1.0,1.0,3.0,215.57
51822,0,9.0,Phone,1,23.0,UPI,Male,3.0,4,Phone,4,Married,2,0,21.0,1.0,1.0,0.0,121.27000000000001
51879,0,13.0,Computer,3,11.0,Debit Card,Male,2.0,4,Fashion,5,Married,6,1,21.0,0.0,1.0,12.0,204.75
51883,0,0.0,Computer,1,16.0,Debit Card,Male,2.0,3,Fashion,5,Married,2,0,21.0,0.0,1.0,7.0,187.93
51927,0,3.0,Phone,1,6.0,Debit Card,Male,2.0,5,Phone,3,Married,4,0,21.0,1.0,1.0,2.0,138.33
51931,1,9.0,Phone,1,12.0,Debit Card,Male,3.0,1,Phone,5,Married,2,1,21.0,0.0,1.0,0.0,116.00999999999999
51957,0,8.0,Phone,1,13.0,UPI,Male,2.0,3,Fashion,3,Single,4,0,21.0,0.0,1.0,6.0,202.21
51979,0,9.0,Phone,2,14.0,Debit Card,Male,3.0,4,Phone,5,Married,1,0,21.0,0.0,1.0,3.0,123.41999999999999
52007,0,16.0,Phone,1,14.0,Debit Card,Female,2.0,3,Laptop & Accessory,4,Married,5,0,21.0,1.0,1.0,0.0,147.65
52015,1,2.0,Phone,1,14.0,CC,Male,3.0,3,Phone,5,Married,8,1,21.0,1.0,2.0,2.0,124.03999999999999
52033,0,9.0,Phone,1,14.0,CC,Male,3.0,3,Phone,3,Single,5,0,21.0,1.0,3.0,9.0,125.19
52228,0,9.0,Phone,1,7.0,COD,Female,3.0,5,Fashion,5,Married,3,1,21.0,7.0,7.0,7.0,202.52
52232,0,3.0,Phone,1,7.0,CC,Male,3.0,3,Phone,4,Married,1,1,21.0,3.0,5.0,7.0,135.79
52338,0,12.0,Computer,1,31.0,Debit Card,Male,3.0,3,Fashion,3,Married,4,0,21.0,0.0,1.0,3.0,209.2
52410,0,9.0,Phone,2,7.0,Debit Card,Male,2.0,3,Phone,3,Married,1,0,21.0,0.0,1.0,3.0,120.63999999999999
52442,0,13.0,Phone,2,12.0,CC,Male,2.0,3,Grocery,1,Single,2,1,21.0,1.0,7.0,7.0,264.37
52448,0,9.0,Phone,3,14.0,Debit Card,Male,3.0,3,Phone,1,Single,4,1,21.0,1.0,1.0,2.0,126.44
52464,0,9.0,Phone,1,9.0,Debit Card,Female,2.0,3,Phone,1,Married,2,0,21.0,1.0,1.0,0.0,120.61000000000001
52497,0,1.0,Phone,1,33.0,CC,Female,2.0,5,Laptop & Accessory,5,Married,1,0,21.0,1.0,1.0,0.0,148.77
52521,0,12.0,Phone,1,18.0,CC,Male,3.0,3,Laptop & Accessory,4,Married,5,0,21.0,1.0,1.0,0.0,152.95
52559,1,9.0,Phone,3,13.0,Debit Card,Male,3.0,3,Phone,1,Married,2,1,21.0,1.0,1.0,2.0,122.75
52589,0,18.0,Phone,2,10.0,Debit Card,Female,2.0,5,Fashion,3,Married,5,0,21.0,1.0,1.0,3.0,197.56
52630,0,12.0,Phone,1,16.0,CC,Male,3.0,3,Fashion,3,Single,8,0,21.0,2.0,2.0,2.0,234.64
52646,0,7.0,Phone,3,14.0,COD,Male,3.0,1,Laptop & Accessory,3,Married,2,0,21.0,2.0,4.0,8.0,167.99
52674,0,0.0,Phone,3,29.0,CC,Female,2.0,4,Laptop & Accessory,3,Married,2,0,21.0,3.0,5.0,8.0,135.4
52679,1,9.0,Phone,3,16.0,Debit Card,Female,3.0,3,Fashion,4,Married,6,0,21.0,1.0,1.0,7.0,173.14
52693,0,9.0,Computer,2,8.0,UPI,Male,3.0,4,Laptop & Accessory,1,Single,2,0,21.0,1.0,1.0,8.0,138.86
52702,0,14.0,Phone,3,14.0,E wallet,Female,2.0,3,Laptop & Accessory,4,Married,6,0,21.0,0.0,1.0,4.0,143.93
52730,0,7.0,Phone,3,7.0,E wallet,Male,2.0,3,Fashion,1,Single,2,0,21.0,2.0,2.0,1.0,198.88
52735,0,4.0,Computer,1,7.0,Debit Card,Male,2.0,5,Laptop & Accessory,5,Married,2,0,21.0,6.0,8.0,7.0,150.03
52787,0,29.0,Computer,1,7.0,Debit Card,Male,2.0,3,Laptop & Accessory,3,Married,2,0,21.0,0.0,1.0,9.0,163.06
52792,0,7.0,Phone,3,34.0,E wallet,Female,3.0,4,Laptop & Accessory,3,Married,2,0,21.0,1.0,1.0,7.0,167.12
52843,0,27.0,Phone,3,13.0,E wallet,Male,3.0,4,Laptop & Accessory,3,Divorced,4,1,21.0,1.0,5.0,6.0,148.06
52848,0,31.0,Phone,1,16.0,CC,Female,4.0,5,Phone,4,Divorced,6,1,21.0,2.0,2.0,1.0,158.46
52860,0,6.0,Phone,1,13.0,Debit Card,Male,3.0,4,Phone,3,Single,5,0,21.0,1.0,2.0,5.0,155.38
52927,1,1.0,Phone,1,9.0,Debit Card,Female,3.0,4,Phone,5,Divorced,9,0,21.0,2.0,2.0,8.0,152.07
52951,0,6.0,Computer,1,14.0,Debit Card,Male,4.0,3,Phone,4,Divorced,3,0,21.0,1.0,2.0,4.0,152.94
52969,0,1.0,Computer,1,7.0,Debit Card,Female,3.0,4,Laptop & Accessory,4,Married,3,0,21.0,1.0,2.0,5.0,188.97
53055,0,11.0,Phone,1,17.0,CC,Female,4.0,4,Phone,5,Divorced,8,0,21.0,2.0,2.0,4.0,159.52
53086,0,17.0,Computer,1,28.0,CC,Male,4.0,4,Phone,2,Divorced,9,0,21.0,1.0,2.0,3.0,147.58
53101,0,4.0,Phone,1,9.0,Debit Card,Female,3.0,6,Laptop & Accessory,2,Single,4,0,21.0,1.0,2.0,3.0,185.91
53166,0,1.0,Phone,3,35.0,E wallet,Male,4.0,4,Laptop & Accessory,4,Divorced,3,0,21.0,2.0,2.0,5.0,187.72
53189,0,1.0,Phone,1,13.0,CC,Male,4.0,4,Phone,3,Divorced,2,0,21.0,3.0,3.0,3.0,152.73
53192,0,4.0,Computer,1,10.0,CC,Female,4.0,4,Phone,3,Married,3,0,21.0,2.0,2.0,1.0,145.83
53193,0,27.0,Phone,3,7.0,CC,Female,3.0,4,Laptop & Accessory,5,Single,9,0,21.0,7.0,9.0,11.0,208.81
53209,0,12.0,Phone,3,14.0,E wallet,Female,3.0,5,Laptop & Accessory,2,Single,2,0,21.0,2.0,2.0,6.0,165.28
53212,0,1.0,Computer,3,10.0,CC,Female,4.0,3,Laptop & Accessory,2,Married,3,1,21.0,2.0,2.0,5.0,171.47
53244,0,14.0,Phone,1,9.0,CC,Female,3.0,5,Phone,2,Single,2,1,21.0,3.0,3.0,4.0,148.42
53278,0,26.0,Phone,1,18.0,Debit Card,Female,3.0,4,Laptop & Accessory,3,Divorced,10,0,21.0,2.0,2.0,5.0,156.49
53303,0,2.0,Phone,3,9.0,E wallet,Female,3.0,4,Laptop & Accessory,4,Divorced,3,1,21.0,8.0,8.0,6.0,172.79
53326,0,9.0,Phone,1,16.0,Debit Card,Female,4.0,5,Fashion,3,Divorced,3,1,21.0,3.0,2.0,16.0,231.85000000000002
53373,0,6.0,Computer,1,7.0,Debit Card,Female,4.0,5,Phone,4,Divorced,8,0,21.0,2.0,2.0,3.0,148.32
53402,1,1.0,Phone,1,17.0,Debit Card,Female,4.0,5,Phone,5,Single,8,1,21.0,2.0,2.0,1.0,149.04
53431,0,9.0,Phone,1,17.0,UPI,Male,3.0,4,Phone,2,Married,3,0,21.0,2.0,2.0,3.0,164.17
53476,0,14.0,Phone,1,27.0,COD,Male,4.0,4,Fashion,2,Divorced,6,0,21.0,5.0,12.0,3.0,228.22
53488,1,1.0,Phone,1,28.0,CC,Male,3.0,4,Phone,3,Married,3,0,21.0,2.0,2.0,1.0,148.77
53489,1,1.0,Phone,1,32.0,CC,Male,3.0,5,Phone,4,Single,6,1,21.0,1.0,3.0,3.0,148.13
53508,0,10.0,Computer,1,25.0,Debit Card,Male,4.0,4,Laptop & Accessory,2,Single,4,0,21.0,2.0,2.0,10.0,202.79
53525,0,8.0,Phone,3,16.0,Debit Card,Female,4.0,4,Laptop & Accessory,3,Divorced,3,0,21.0,2.0,2.0,4.0,182.14
53538,0,8.0,Computer,1,7.0,CC,Male,4.0,5,Laptop & Accessory,5,Single,2,0,21.0,2.0,5.0,10.0,178.43
53571,0,6.0,Computer,1,20.0,UPI,Female,4.0,5,Phone,4,Divorced,3,0,21.0,1.0,3.0,3.0,152.43
53603,0,1.0,Phone,1,11.0,Debit Card,Male,3.0,4,Phone,2,Single,3,1,21.0,1.0,3.0,3.0,153.75
53606,1,1.0,Computer,1,17.0,Debit Card,Female,3.0,5,Phone,3,Single,3,0,21.0,3.0,3.0,3.0,151.25
53665,0,1.0,Computer,3,9.0,Debit Card,Male,3.0,6,Laptop & Accessory,2,Single,5,0,21.0,2.0,2.0,1.0,175.71
53668,0,8.0,Computer,1,33.0,COD,Female,4.0,5,Phone,3,Married,3,0,21.0,2.0,2.0,1.0,145.29
53669,0,14.0,Phone,1,9.0,CC,Female,3.0,2,Laptop & Accessory,3,Married,7,0,21.0,6.0,12.0,9.0,188.77
53697,1,1.0,Computer,1,35.0,Debit Card,Male,4.0,5,Laptop & Accessory,5,Single,5,0,21.0,1.0,2.0,4.0,167.84
53767,0,28.0,Computer,1,18.0,CC,Female,3.0,4,Grocery,1,Married,5,0,21.0,1.0,2.0,13.0,285.32
53783,0,19.0,Phone,1,35.0,COD,Male,4.0,4,Phone,1,Married,6,0,21.0,2.0,2.0,4.0,146.32
53874,0,10.0,Phone,1,10.0,Debit Card,Male,4.0,2,Laptop & Accessory,5,Married,8,0,21.0,2.0,2.0,5.0,193.42
53897,0,1.0,Computer,1,14.0,CC,Male,4.0,4,Phone,1,Single,3,0,21.0,6.0,6.0,8.0,150.7
53900,0,31.0,Phone,1,7.0,CC,Male,4.0,6,Fashion,1,Married,5,0,21.0,1.0,2.0,1.0,233.82999999999998
53930,0,5.0,Computer,1,31.0,COD,Female,2.0,4,Laptop & Accessory,1,Single,4,0,21.0,2.0,2.0,5.0,177.38
53946,1,1.0,Phone,3,23.0,Debit Card,Female,4.0,4,Fashion,5,Single,4,1,21.0,1.0,2.0,3.0,210.64
53957,0,15.0,Phone,1,16.0,Debit Card,Male,4.0,4,Phone,5,Married,3,0,21.0,2.0,2.0,5.0,147.89
53959,0,27.0,Computer,1,7.0,CC,Female,3.0,5,Grocery,3,Married,6,1,21.0,1.0,2.0,3.0,254.64999999999998
53999,0,12.0,Phone,3,9.0,E wallet,Female,4.0,6,Laptop & Accessory,1,Married,4,1,21.0,1.0,2.0,4.0,179.05
54007,0,17.0,Computer,3,9.0,Debit Card,Male,4.0,4,Laptop & Accessory,1,Married,3,0,21.0,6.0,8.0,8.0,181.75
54027,0,29.0,Phone,1,9.0,COD,Male,4.0,5,Phone,1,Married,10,0,21.0,1.0,2.0,5.0,151.62
54089,0,7.0,Computer,1,14.0,Debit Card,Male,3.0,4,Laptop & Accessory,3,Married,3,0,21.0,3.0,3.0,9.0,184.68
54096,0,5.0,Computer,1,17.0,CC,Female,3.0,4,Fashion,3,Married,6,0,21.0,4.0,2.0,9.0,235.31
54158,0,1.0,Phone,1,11.0,Debit Card,Male,3.0,2,Laptop & Accessory,4,Married,3,1,21.0,2.0,2.0,4.0,186.42
54167,0,31.0,Phone,1,10.0,CC,Female,3.0,2,Phone,5,Married,6,1,21.0,1.0,2.0,1.0,151.7
54207,0,8.0,Computer,3,30.0,E wallet,Male,4.0,4,Laptop & Accessory,3,Single,2,0,21.0,1.0,9.0,8.0,170.68
54271,0,25.0,Computer,1,7.0,CC,Female,2.0,5,Fashion,5,Single,5,0,21.0,5.0,13.0,9.0,199.84
54296,0,10.0,Phone,1,13.0,CC,Male,3.0,4,Laptop & Accessory,4,Married,8,0,21.0,1.0,2.0,2.0,174.41
54303,0,12.0,Phone,1,10.0,COD,Female,3.0,4,Laptop & Accessory,3,Single,5,1,21.0,3.0,3.0,3.0,168.17
54313,0,27.0,Phone,3,13.0,E wallet,Male,3.0,4,Laptop & Accessory,3,Married,4,1,21.0,1.0,5.0,6.0,148.06
54318,0,31.0,Phone,1,16.0,CC,Female,4.0,5,Phone,4,Married,6,1,21.0,2.0,2.0,1.0,158.46
54330,0,6.0,Phone,1,13.0,Debit Card,Male,3.0,4,Phone,3,Single,5,0,21.0,1.0,2.0,5.0,155.38
54397,1,1.0,Phone,1,9.0,Debit Card,Female,3.0,4,Phone,5,Married,9,0,21.0,2.0,2.0,8.0,152.07
54421,0,6.0,Computer,1,14.0,Debit Card,Male,4.0,2,Phone,4,Married,3,0,21.0,1.0,2.0,4.0,152.94
54439,0,1.0,Computer,1,7.0,Debit Card,Female,3.0,4,Laptop & Accessory,4,Married,3,0,21.0,2.0,2.0,5.0,188.97
54525,0,11.0,Phone,1,17.0,CC,Female,4.0,4,Phone,5,Married,8,0,21.0,2.0,2.0,4.0,159.52
54556,0,17.0,Computer,1,28.0,CC,Male,4.0,4,Phone,1,Married,9,0,21.0,2.0,2.0,3.0,147.58
54571,0,4.0,Phone,1,9.0,Debit Card,Female,3.0,6,Laptop & Accessory,1,Single,4,0,21.0,2.0,2.0,3.0,185.91
54636,0,1.0,Phone,3,35.0,E wallet,Male,4.0,4,Laptop & Accessory,4,Married,3,0,21.0,1.0,2.0,5.0,187.72
54659,0,1.0,Phone,1,13.0,CC,Male,4.0,4,Phone,3,Married,2,0,21.0,2.0,3.0,3.0,152.73
54662,0,4.0,Computer,1,10.0,CC,Female,4.0,4,Phone,3,Married,3,0,21.0,2.0,2.0,1.0,145.83
54663,0,27.0,Phone,3,7.0,CC,Female,3.0,4,Laptop & Accessory,5,Single,9,0,21.0,5.0,9.0,11.0,208.81
54679,0,12.0,Phone,3,14.0,E wallet,Female,3.0,5,Laptop & Accessory,1,Single,2,0,21.0,2.0,2.0,6.0,165.28
54682,0,1.0,Computer,3,10.0,CC,Female,4.0,2,Laptop & Accessory,1,Married,3,1,21.0,2.0,2.0,5.0,171.47
54714,0,14.0,Phone,1,9.0,CC,Female,3.0,5,Phone,1,Single,2,1,21.0,1.0,3.0,4.0,148.42
54748,0,26.0,Phone,1,18.0,Debit Card,Female,3.0,4,Laptop & Accessory,3,Married,10,0,21.0,2.0,2.0,5.0,156.49
54773,0,2.0,Phone,3,9.0,E wallet,Female,3.0,4,Laptop & Accessory,4,Married,3,1,21.0,7.0,8.0,6.0,172.79
54796,0,9.0,Phone,1,16.0,Debit Card,Female,4.0,5,Fashion,3,Married,3,1,21.0,4.0,2.0,16.0,231.85000000000002
54843,0,6.0,Computer,1,7.0,Debit Card,Female,4.0,5,Phone,4,Married,8,0,21.0,1.0,2.0,3.0,148.32
54872,1,1.0,Phone,1,17.0,Debit Card,Female,4.0,5,Phone,5,Single,8,1,21.0,2.0,2.0,1.0,149.04
54901,0,9.0,Phone,1,17.0,UPI,Male,3.0,4,Phone,1,Married,3,0,21.0,1.0,2.0,3.0,164.17
54946,0,14.0,Phone,1,27.0,COD,Male,4.0,4,Fashion,1,Married,6,0,21.0,4.0,12.0,3.0,228.22
54958,1,1.0,Phone,1,28.0,CC,Male,3.0,4,Phone,3,Married,3,0,21.0,2.0,2.0,1.0,148.77
54959,1,1.0,Phone,1,32.0,CC,Male,3.0,5,Phone,4,Single,6,1,21.0,2.0,3.0,3.0,148.13
54978,0,10.0,Computer,1,25.0,Debit Card,Male,4.0,4,Laptop & Accessory,1,Single,4,0,21.0,1.0,2.0,10.0,202.79
54995,0,8.0,Phone,3,16.0,Debit Card,Female,4.0,4,Laptop & Accessory,3,Married,3,0,21.0,1.0,2.0,4.0,182.14
55008,0,8.0,Computer,1,8.0,CC,Male,4.0,5,Laptop & Accessory,5,Single,2,0,21.0,1.0,5.0,10.0,178.43
55041,0,6.0,Computer,1,20.0,UPI,Female,4.0,5,Phone,4,Married,3,0,21.0,3.0,3.0,3.0,159.0
55073,0,1.0,Phone,1,11.0,Debit Card,Male,3.0,4,Phone,1,Single,3,1,21.0,3.0,3.0,3.0,153.75
55076,1,1.0,Computer,1,17.0,Debit Card,Female,3.0,5,Phone,3,Single,3,0,21.0,2.0,3.0,3.0,151.25
55135,0,1.0,Computer,3,9.0,Debit Card,Male,3.0,6,Laptop & Accessory,1,Single,5,0,21.0,1.0,2.0,1.0,175.71
55138,0,8.0,Computer,1,33.0,COD,Female,4.0,5,Phone,3,Married,3,0,21.0,2.0,2.0,1.0,145.29
55139,0,14.0,Phone,1,9.0,CC,Female,3.0,2,Laptop & Accessory,3,Married,7,0,21.0,7.0,12.0,9.0,188.77
55167,1,13.0,Computer,1,35.0,Debit Card,Male,4.0,5,Laptop & Accessory,5,Single,5,0,21.0,1.0,2.0,4.0,167.84
55237,0,28.0,Computer,1,18.0,CC,Female,3.0,4,Grocery,1,Married,5,0,21.0,1.0,2.0,13.0,285.32
55253,0,19.0,Phone,1,35.0,COD,Male,4.0,4,Phone,1,Married,6,0,21.0,2.0,2.0,4.0,146.32
55344,0,10.0,Phone,1,10.0,Debit Card,Male,4.0,2,Laptop & Accessory,5,Married,8,0,21.0,1.0,2.0,5.0,193.42
55367,0,1.0,Computer,1,14.0,CC,Male,4.0,4,Phone,1,Single,3,0,21.0,1.0,6.0,8.0,150.7
55370,0,31.0,Phone,1,8.0,CC,Male,4.0,6,Fashion,1,Married,5,0,21.0,2.0,2.0,1.0,233.82999999999998
55400,0,5.0,Computer,1,31.0,COD,Female,2.0,4,Laptop & Accessory,1,Single,4,0,21.0,1.0,2.0,5.0,177.38
55416,1,1.0,Phone,3,23.0,Debit Card,Female,4.0,4,Fashion,5,Single,4,1,21.0,2.0,2.0,3.0,210.64
55427,0,15.0,Phone,1,16.0,Debit Card,Male,4.0,4,Phone,5,Married,3,0,21.0,1.0,2.0,5.0,147.89
55429,0,27.0,Computer,1,8.0,CC,Female,3.0,5,Grocery,3,Married,6,1,21.0,2.0,2.0,3.0,254.64999999999998
55469,0,12.0,Phone,3,9.0,E wallet,Female,4.0,6,Laptop & Accessory,1,Married,4,1,21.0,1.0,2.0,4.0,179.05
55477,0,17.0,Computer,3,9.0,Debit Card,Male,4.0,4,Laptop & Accessory,1,Married,3,0,21.0,8.0,8.0,8.0,181.75
55497,0,29.0,Phone,1,9.0,COD,Male,4.0,5,Phone,1,Married,10,0,21.0,2.0,2.0,5.0,151.62
55559,0,7.0,Computer,1,14.0,Debit Card,Male,3.0,4,Laptop & Accessory,3,Married,3,0,21.0,1.0,3.0,9.0,184.68
55566,0,5.0,Computer,1,17.0,CC,Female,3.0,4,Fashion,3,Married,6,0,21.0,4.0,2.0,9.0,235.31
55628,0,1.0,Phone,1,11.0,Debit Card,Male,3.0,2,Laptop & Accessory,4,Married,3,1,21.0,1.0,2.0,4.0,186.42
50028,0,9.0,Phone,3,12.0,E wallet,Male,2.0,3,Laptop & Accessory,3,Divorced,3,1,20.0,0.0,4.0,5.0,123.06
50033,0,30.0,Phone,1,15.0,CC,Female,3.0,4,Phone,4,Divorced,5,1,20.0,1.0,1.0,0.0,133.46
50045,0,5.0,Phone,1,12.0,Debit Card,Male,3.0,3,Phone,3,Single,4,0,20.0,0.0,1.0,4.0,130.38
50112,1,0.0,Phone,1,8.0,Debit Card,Female,3.0,3,Phone,5,Divorced,8,0,20.0,1.0,1.0,7.0,127.07
50136,0,5.0,Computer,1,13.0,Debit Card,Male,3.0,2,Phone,4,Divorced,2,0,20.0,0.0,1.0,3.0,127.94
50154,0,0.0,Computer,1,6.0,Debit Card,Female,2.0,3,Laptop & Accessory,4,Married,2,0,20.0,0.0,1.0,4.0,163.97
50240,0,10.0,Phone,1,16.0,CC,Female,3.0,3,Phone,5,Divorced,7,0,20.0,1.0,1.0,3.0,134.52
50271,0,9.0,Computer,1,27.0,CC,Male,3.0,3,Phone,2,Divorced,8,0,20.0,0.0,1.0,2.0,122.58000000000001
50286,0,3.0,Phone,1,8.0,Debit Card,Female,2.0,5,Laptop & Accessory,2,Single,3,0,20.0,0.0,1.0,2.0,160.91
50351,0,0.0,Phone,3,34.0,E wallet,Male,3.0,3,Laptop & Accessory,4,Divorced,2,0,20.0,1.0,1.0,4.0,162.72
50374,0,0.0,Phone,1,12.0,CC,Male,3.0,3,Phone,3,Divorced,1,0,20.0,2.0,2.0,2.0,127.72999999999999
50377,0,9.0,Computer,1,9.0,CC,Female,3.0,3,Phone,3,Married,2,0,20.0,1.0,1.0,0.0,120.83000000000001
50378,0,26.0,Phone,3,6.0,CC,Female,2.0,3,Laptop & Accessory,5,Single,8,0,20.0,6.0,8.0,10.0,183.81
50394,0,11.0,Phone,3,13.0,E wallet,Female,2.0,4,Laptop & Accessory,2,Single,1,0,20.0,1.0,1.0,5.0,140.28
50397,0,0.0,Computer,3,9.0,CC,Female,3.0,2,Laptop & Accessory,2,Married,2,1,20.0,1.0,1.0,4.0,146.47
50429,0,13.0,Phone,1,14.0,CC,Female,2.0,4,Phone,2,Single,1,1,20.0,2.0,2.0,3.0,123.41999999999999
50463,0,25.0,Phone,1,17.0,Debit Card,Female,3.0,3,Laptop & Accessory,3,Divorced,9,0,20.0,1.0,1.0,4.0,131.49
50488,0,1.0,Phone,3,8.0,E wallet,Female,2.0,3,Laptop & Accessory,4,Divorced,2,1,20.0,7.0,7.0,5.0,147.79
50511,0,8.0,Phone,1,15.0,Debit Card,Female,3.0,4,Fashion,3,Divorced,2,1,20.0,2.0,5.0,15.0,206.85000000000002
50558,0,5.0,Computer,1,14.0,Debit Card,Female,3.0,4,Phone,4,Divorced,7,0,20.0,1.0,1.0,2.0,123.32
50587,1,0.0,Phone,1,14.0,Debit Card,Female,3.0,4,Phone,5,Single,7,1,20.0,1.0,1.0,0.0,124.03999999999999
50616,0,8.0,Phone,1,16.0,UPI,Male,2.0,3,Phone,2,Married,2,0,20.0,1.0,1.0,2.0,139.17
50661,0,13.0,Phone,1,26.0,COD,Male,3.0,3,Fashion,2,Divorced,5,0,20.0,4.0,11.0,1.0,203.22
50673,1,0.0,Phone,1,14.0,CC,Male,2.0,3,Phone,3,Married,2,0,20.0,1.0,1.0,0.0,123.77000000000001
50674,1,9.0,Phone,1,31.0,CC,Male,2.0,4,Phone,4,Single,5,1,20.0,0.0,2.0,2.0,123.13
50693,0,9.0,Computer,1,24.0,Debit Card,Male,3.0,3,Laptop & Accessory,2,Single,3,0,20.0,1.0,1.0,9.0,177.79
50710,0,7.0,Phone,3,15.0,Debit Card,Female,3.0,3,Laptop & Accessory,3,Divorced,2,0,20.0,1.0,1.0,3.0,157.14
50723,0,7.0,Computer,1,6.0,CC,Male,3.0,4,Laptop & Accessory,5,Single,1,0,20.0,1.0,4.0,9.0,153.43
50756,0,5.0,Computer,1,19.0,UPI,Female,3.0,4,Phone,4,Divorced,2,0,20.0,0.0,2.0,2.0,127.43
50788,0,0.0,Phone,1,10.0,Debit Card,Male,3.0,3,Phone,2,Single,2,1,20.0,0.0,2.0,2.0,128.75
50791,1,0.0,Computer,1,14.0,Debit Card,Female,2.0,4,Phone,3,Single,2,0,20.0,2.0,2.0,2.0,126.25
50850,0,0.0,Computer,3,8.0,Debit Card,Male,2.0,5,Laptop & Accessory,2,Single,4,0,20.0,1.0,1.0,0.0,150.71
50853,0,9.0,Computer,1,32.0,COD,Female,3.0,4,Phone,3,Married,2,0,20.0,1.0,1.0,0.0,120.28999999999999
50854,0,13.0,Phone,1,8.0,CC,Female,2.0,1,Laptop & Accessory,3,Married,6,0,20.0,5.0,11.0,8.0,163.77
50882,1,0.0,Computer,1,34.0,Debit Card,Male,3.0,4,Laptop & Accessory,5,Single,4,0,20.0,0.0,1.0,3.0,142.84
50952,0,27.0,Computer,1,17.0,CC,Female,2.0,3,Grocery,1,Married,4,0,20.0,1.0,2.0,12.0,260.32
50968,0,9.0,Phone,1,34.0,COD,Male,3.0,3,Phone,1,Married,5,0,20.0,1.0,1.0,3.0,121.32
51059,0,9.0,Phone,1,9.0,Debit Card,Male,3.0,1,Laptop & Accessory,5,Married,7,0,20.0,1.0,1.0,4.0,168.42
51082,0,0.0,Computer,1,14.0,CC,Male,3.0,3,Phone,1,Single,2,0,20.0,5.0,5.0,7.0,125.69999999999999
51085,0,30.0,Phone,1,6.0,CC,Male,3.0,5,Fashion,1,Married,4,0,20.0,0.0,1.0,0.0,208.82999999999998
51115,0,4.0,Computer,1,30.0,COD,Female,1.0,3,Laptop & Accessory,1,Single,3,0,20.0,1.0,1.0,4.0,152.38
51131,1,0.0,Phone,3,22.0,Debit Card,Female,3.0,3,Fashion,5,Single,3,1,20.0,0.0,1.0,0.0,185.64
51142,0,9.0,Phone,1,15.0,Debit Card,Male,3.0,3,Phone,5,Married,2,0,20.0,1.0,1.0,4.0,122.88999999999999
51144,0,26.0,Computer,1,6.0,CC,Female,2.0,4,Grocery,3,Married,5,1,20.0,0.0,1.0,3.0,229.64999999999998
51184,0,11.0,Phone,3,8.0,E wallet,Female,3.0,5,Laptop & Accessory,1,Married,3,1,20.0,0.0,1.0,3.0,154.05
51192,0,16.0,Computer,3,8.0,Debit Card,Male,3.0,3,Laptop & Accessory,1,Married,2,0,20.0,5.0,7.0,7.0,156.75
51212,0,28.0,Phone,1,8.0,COD,Male,3.0,4,Phone,1,Married,9,0,20.0,0.0,1.0,4.0,126.62
51274,0,6.0,Computer,1,13.0,Debit Card,Male,2.0,3,Laptop & Accessory,3,Married,2,0,20.0,2.0,2.0,8.0,159.68
51281,0,4.0,Computer,1,16.0,CC,Female,2.0,3,Fashion,3,Married,5,0,20.0,3.0,4.0,3.0,210.31
51343,0,0.0,Phone,1,10.0,Debit Card,Male,2.0,1,Laptop & Accessory,4,Married,2,1,20.0,1.0,1.0,3.0,161.42
51352,0,30.0,Phone,1,9.0,CC,Female,3.0,1,Phone,5,Married,5,1,20.0,0.0,1.0,0.0,126.69999999999999
51392,0,7.0,Computer,3,29.0,E wallet,Male,3.0,3,Laptop & Accessory,3,Single,1,0,20.0,0.0,8.0,7.0,145.68
51456,0,24.0,Computer,1,6.0,CC,Female,1.0,4,Fashion,5,Single,4,0,20.0,4.0,12.0,8.0,174.84
51481,0,9.0,Phone,1,12.0,CC,Male,2.0,3,Laptop & Accessory,4,Married,7,0,20.0,0.0,1.0,1.0,149.41
51488,0,11.0,Phone,1,9.0,COD,Female,2.0,3,Laptop & Accessory,3,Single,4,1,20.0,2.0,2.0,2.0,143.17
51498,0,9.0,Phone,3,12.0,E wallet,Male,2.0,3,Laptop & Accessory,3,Married,3,1,20.0,0.0,4.0,5.0,123.06
51503,0,30.0,Phone,1,15.0,CC,Female,3.0,4,Phone,4,Married,5,1,20.0,1.0,1.0,0.0,133.46
51515,0,5.0,Phone,1,12.0,Debit Card,Male,3.0,3,Phone,3,Single,4,0,20.0,0.0,1.0,4.0,130.38
51582,1,0.0,Phone,1,8.0,Debit Card,Female,3.0,3,Phone,5,Married,8,0,20.0,1.0,1.0,7.0,127.07
51606,0,5.0,Computer,1,13.0,Debit Card,Male,3.0,1,Phone,4,Married,2,0,20.0,0.0,1.0,3.0,127.94
51624,0,0.0,Computer,1,6.0,Debit Card,Female,2.0,3,Laptop & Accessory,4,Married,2,0,20.0,1.0,1.0,4.0,163.97
51710,0,10.0,Phone,1,16.0,CC,Female,3.0,3,Phone,5,Married,7,0,20.0,1.0,1.0,3.0,134.52
51741,0,9.0,Computer,1,27.0,CC,Male,3.0,3,Phone,1,Married,8,0,20.0,1.0,1.0,2.0,122.58000000000001
51756,0,3.0,Phone,1,8.0,Debit Card,Female,2.0,5,Laptop & Accessory,1,Single,3,0,20.0,1.0,1.0,2.0,160.91
51821,0,0.0,Phone,3,34.0,E wallet,Male,3.0,3,Laptop & Accessory,4,Married,2,0,20.0,0.0,1.0,4.0,162.72
51844,0,0.0,Phone,1,12.0,CC,Male,3.0,3,Phone,3,Married,1,0,20.0,1.0,2.0,2.0,127.72999999999999
51847,0,9.0,Computer,1,9.0,CC,Female,3.0,3,Phone,3,Married,2,0,20.0,1.0,1.0,0.0,120.83000000000001
51848,0,26.0,Phone,3,6.0,CC,Female,2.0,3,Laptop & Accessory,5,Single,8,0,20.0,4.0,8.0,10.0,183.81
51864,0,11.0,Phone,3,13.0,E wallet,Female,2.0,4,Laptop & Accessory,1,Single,1,0,20.0,1.0,1.0,5.0,140.28
51867,0,0.0,Computer,3,9.0,CC,Female,3.0,1,Laptop & Accessory,1,Married,2,1,20.0,1.0,1.0,4.0,146.47
51899,0,13.0,Phone,1,14.0,CC,Female,2.0,4,Phone,1,Single,1,1,20.0,0.0,2.0,3.0,123.41999999999999
51933,0,25.0,Phone,1,17.0,Debit Card,Female,3.0,3,Laptop & Accessory,3,Married,9,0,20.0,1.0,1.0,4.0,131.49
51958,0,1.0,Phone,3,8.0,E wallet,Female,2.0,3,Laptop & Accessory,4,Married,2,1,20.0,6.0,7.0,5.0,147.79
51981,0,8.0,Phone,1,15.0,Debit Card,Female,3.0,4,Fashion,3,Married,2,1,20.0,3.0,5.0,15.0,206.85000000000002
52028,0,5.0,Computer,1,14.0,Debit Card,Female,3.0,4,Phone,4,Married,7,0,20.0,0.0,1.0,2.0,123.32
52057,1,0.0,Phone,1,14.0,Debit Card,Female,3.0,4,Phone,5,Single,7,1,20.0,1.0,1.0,0.0,124.03999999999999
52086,0,8.0,Phone,1,16.0,UPI,Male,2.0,3,Phone,1,Married,2,0,20.0,0.0,1.0,2.0,139.17
52131,0,13.0,Phone,1,26.0,COD,Male,3.0,3,Fashion,1,Married,5,0,20.0,3.0,11.0,1.0,203.22
52143,1,0.0,Phone,1,14.0,CC,Male,2.0,3,Phone,3,Married,2,0,20.0,1.0,1.0,0.0,123.77000000000001
52144,1,0.0,Phone,1,31.0,CC,Male,2.0,4,Phone,4,Single,5,1,20.0,1.0,2.0,2.0,123.13
52163,0,9.0,Computer,1,24.0,Debit Card,Male,3.0,3,Laptop & Accessory,1,Single,3,0,20.0,0.0,1.0,9.0,177.79
52180,0,7.0,Phone,3,15.0,Debit Card,Female,3.0,3,Laptop & Accessory,3,Married,2,0,20.0,0.0,1.0,3.0,157.14
52193,0,7.0,Computer,1,7.0,CC,Male,3.0,4,Laptop & Accessory,5,Single,1,0,20.0,0.0,4.0,9.0,153.43
52226,0,5.0,Computer,1,19.0,UPI,Female,3.0,4,Phone,4,Married,2,0,20.0,2.0,2.0,2.0,134.0
52258,0,0.0,Phone,1,10.0,Debit Card,Male,3.0,3,Phone,1,Single,2,1,20.0,2.0,2.0,2.0,128.75
52261,1,0.0,Computer,1,14.0,Debit Card,Female,2.0,4,Phone,3,Single,2,0,20.0,1.0,2.0,2.0,126.25
52320,0,0.0,Computer,3,8.0,Debit Card,Male,2.0,5,Laptop & Accessory,1,Single,4,0,20.0,0.0,1.0,0.0,150.71
52323,0,9.0,Computer,1,32.0,COD,Female,3.0,4,Phone,3,Married,2,0,20.0,1.0,1.0,0.0,120.28999999999999
52324,0,13.0,Phone,1,8.0,CC,Female,2.0,1,Laptop & Accessory,3,Married,6,0,20.0,6.0,11.0,8.0,163.77
52352,1,12.0,Computer,1,34.0,Debit Card,Male,3.0,4,Laptop & Accessory,5,Single,4,0,20.0,0.0,1.0,3.0,142.84
52422,0,27.0,Computer,1,17.0,CC,Female,2.0,3,Grocery,1,Married,4,0,20.0,0.0,2.0,12.0,260.32
52438,0,9.0,Phone,1,34.0,COD,Male,3.0,3,Phone,1,Married,5,0,20.0,1.0,1.0,3.0,121.32
52529,0,9.0,Phone,1,9.0,Debit Card,Male,3.0,1,Laptop & Accessory,5,Married,7,0,20.0,0.0,1.0,4.0,168.42
52552,0,0.0,Computer,1,14.0,CC,Male,3.0,3,Phone,1,Single,2,0,20.0,0.0,5.0,7.0,125.69999999999999
52555,0,30.0,Phone,1,7.0,CC,Male,3.0,5,Fashion,1,Married,4,0,20.0,1.0,1.0,0.0,208.82999999999998
52585,0,4.0,Computer,1,30.0,COD,Female,1.0,3,Laptop & Accessory,1,Single,3,0,20.0,0.0,1.0,4.0,152.38
52601,1,0.0,Phone,3,22.0,Debit Card,Female,3.0,3,Fashion,5,Single,3,1,20.0,1.0,1.0,0.0,185.64
52612,0,9.0,Phone,1,15.0,Debit Card,Male,3.0,3,Phone,5,Married,2,0,20.0,0.0,1.0,4.0,122.88999999999999
52614,0,26.0,Computer,1,7.0,CC,Female,2.0,4,Grocery,3,Married,5,1,20.0,1.0,1.0,3.0,229.64999999999998
52654,0,11.0,Phone,3,8.0,E wallet,Female,3.0,5,Laptop & Accessory,1,Married,3,1,20.0,0.0,1.0,3.0,154.05
52662,0,16.0,Computer,3,8.0,Debit Card,Male,3.0,3,Laptop & Accessory,1,Married,2,0,20.0,7.0,7.0,7.0,156.75
52682,0,28.0,Phone,1,8.0,COD,Male,3.0,4,Phone,1,Married,9,0,20.0,1.0,1.0,4.0,126.62
52744,0,6.0,Computer,1,13.0,Debit Card,Male,2.0,3,Laptop & Accessory,3,Married,2,0,20.0,0.0,2.0,8.0,159.68
52751,0,4.0,Computer,1,16.0,CC,Female,2.0,3,Fashion,3,Married,5,0,20.0,3.0,4.0,3.0,210.31
52813,0,0.0,Phone,1,10.0,Debit Card,Male,2.0,1,Laptop & Accessory,4,Married,2,1,20.0,0.0,1.0,3.0,161.42
52838,1,1.0,Phone,3,29.0,E wallet,Male,3.0,4,Phone,3,Single,3,1,20.0,1.0,2.0,1.0,141.75
52891,0,1.0,Computer,1,7.0,COD,Male,3.0,5,Laptop & Accessory,5,Divorced,7,0,20.0,1.0,3.0,1.0,167.98
52895,1,2.0,Phone,1,36.0,CC,Male,4.0,4,Laptop & Accessory,5,Divorced,9,1,20.0,1.0,2.0,1.0,191.73
52943,0,3.0,Phone,1,22.0,Debit Card,Male,3.0,4,Phone,2,Single,3,0,20.0,1.0,2.0,6.0,148.4
52956,0,3.0,Phone,3,9.0,CC,Male,4.0,5,Laptop & Accessory,4,Divorced,4,0,20.0,1.0,2.0,1.0,191.44
52974,0,29.0,Phone,1,27.0,COD,Male,3.0,4,Laptop & Accessory,2,Divorced,5,1,20.0,2.0,2.0,9.0,179.15
52991,0,15.0,Phone,3,9.0,Debit Card,Male,3.0,4,Grocery,4,Single,3,0,20.0,1.0,2.0,5.0,285.15
52993,0,2.0,Phone,1,23.0,CC,Male,4.0,3,Laptop & Accessory,5,Single,2,0,20.0,1.0,2.0,8.0,181.61
53006,0,17.0,Computer,1,17.0,Debit Card,Female,3.0,4,Phone,2,Single,2,0,20.0,1.0,2.0,8.0,149.55
53038,0,21.0,Computer,3,11.0,CC,Male,3.0,4,Laptop & Accessory,3,Single,5,0,20.0,1.0,2.0,1.0,154.76
53063,0,9.0,Phone,1,16.0,Debit Card,Male,4.0,5,Laptop & Accessory,4,Single,11,0,20.0,2.0,2.0,1.0,190.4
53118,0,31.0,Computer,3,35.0,E wallet,Female,4.0,5,Fashion,5,Divorced,6,0,20.0,14.0,14.0,3.0,227.66
53124,0,20.0,Phone,3,17.0,E wallet,Female,4.0,5,Fashion,2,Divorced,4,1,20.0,2.0,2.0,3.0,215.71
53143,0,19.0,Phone,3,9.0,UPI,Male,4.0,4,Laptop & Accessory,4,Divorced,2,0,20.0,4.0,4.0,8.0,173.05
53146,0,7.0,Phone,1,7.0,CC,Female,4.0,3,Grocery,3,Married,6,0,20.0,1.0,2.0,6.0,286.84
53162,0,12.0,Phone,1,17.0,CC,Female,4.0,4,Laptop & Accessory,3,Divorced,5,0,20.0,2.0,2.0,3.0,223.24
53225,0,27.0,Phone,1,14.0,Debit Card,Male,3.0,3,Grocery,3,Divorced,5,0,20.0,1.0,2.0,4.0,273.14
53245,0,1.0,Phone,1,14.0,CC,Female,3.0,5,Laptop & Accessory,5,Single,10,0,20.0,2.0,2.0,8.0,193.11
53267,0,3.0,Computer,3,6.0,E wallet,Male,3.0,4,Laptop & Accessory,2,Divorced,2,0,20.0,1.0,2.0,2.0,168.42
53304,0,8.0,Phone,2,10.0,UPI,Male,3.0,4,Phone,2,Divorced,2,0,20.0,2.0,2.0,3.0,162.37
53319,0,11.0,Phone,3,23.0,E wallet,Male,4.0,5,Laptop & Accessory,3,Married,6,0,20.0,2.0,2.0,1.0,188.34
53327,1,1.0,Computer,1,32.0,Debit Card,Female,4.0,4,Phone,4,Married,3,1,20.0,1.0,8.0,9.0,145.22
53333,0,12.0,Phone,3,16.0,E wallet,Male,4.0,5,Phone,4,Divorced,2,0,20.0,1.0,2.0,3.0,153.99
53335,0,5.0,Phone,1,18.0,Debit Card,Male,3.0,4,Phone,2,Divorced,5,1,20.0,2.0,2.0,3.0,148.56
53336,1,1.0,Phone,3,7.0,CC,Female,3.0,5,Phone,3,Married,8,1,20.0,1.0,2.0,3.0,153.0
53354,1,1.0,Phone,1,25.0,UPI,Female,4.0,4,Phone,2,Single,3,0,20.0,2.0,2.0,1.0,151.93
53357,1,1.0,Phone,1,10.0,Debit Card,Female,3.0,4,Laptop & Accessory,3,Divorced,2,1,20.0,2.0,2.0,3.0,166.71
53361,0,1.0,Phone,1,11.0,Debit Card,Female,4.0,4,Phone,3,Single,3,0,20.0,2.0,2.0,1.0,148.18
53380,1,1.0,Phone,1,11.0,COD,Male,3.0,4,Phone,5,Single,3,0,20.0,2.0,2.0,1.0,154.73
53398,0,21.0,Computer,1,23.0,CC,Male,4.0,2,Laptop & Accessory,3,Married,3,1,20.0,1.0,3.0,8.0,175.67
53445,0,7.0,Computer,3,15.0,Debit Card,Female,3.0,5,Phone,2,Single,2,0,20.0,3.0,3.0,3.0,148.42
53454,0,8.0,Phone,3,17.0,Debit Card,Female,3.0,4,Phone,3,Divorced,3,1,20.0,1.0,2.0,1.0,147.2
53463,0,30.0,Computer,1,16.0,CC,Female,4.0,4,Phone,3,Divorced,4,0,20.0,1.0,2.0,4.0,154.42
53477,0,1.0,Computer,1,15.0,Debit Card,Male,3.0,6,Phone,3,Divorced,3,0,20.0,2.0,2.0,3.0,171.21
53497,0,26.0,Phone,1,14.0,Debit Card,Male,3.0,4,Fashion,4,Single,9,0,20.0,4.0,5.0,3.0,229.45
53515,0,16.0,Phone,1,36.0,CC,Male,3.0,6,Laptop & Accessory,2,Single,6,0,20.0,2.0,2.0,1.0,167.72
53545,0,19.0,Phone,1,14.0,CC,Female,3.0,4,Phone,3,Divorced,6,1,20.0,2.0,2.0,3.0,169.77
53556,0,4.0,Phone,3,36.0,Debit Card,Male,4.0,4,Laptop & Accessory,5,Married,10,0,20.0,2.0,2.0,4.0,166.15
53587,0,5.0,Phone,1,31.0,CC,Female,4.0,5,Laptop & Accessory,5,Single,3,0,20.0,1.0,2.0,9.0,193.12
53638,1,16.0,Phone,3,12.0,Debit Card,Male,4.0,4,Fashion,4,Single,11,1,20.0,6.0,8.0,3.0,209.46
53641,0,5.0,Computer,3,9.0,Debit Card,Female,3.0,4,Fashion,3,Married,3,1,20.0,4.0,10.0,3.0,223.52
53772,0,9.0,Phone,1,23.0,Debit Card,Female,4.0,5,Fashion,4,Single,3,0,20.0,2.0,4.0,3.0,211.06
53799,0,9.0,Phone,1,7.0,CC,Male,4.0,5,Phone,5,Single,3,0,20.0,1.0,2.0,3.0,149.5
53816,0,3.0,Computer,1,9.0,Debit Card,Male,3.0,4,Laptop & Accessory,1,Married,3,0,20.0,1.0,2.0,3.0,213.53
53851,0,19.0,Phone,1,9.0,UPI,Female,3.0,5,Laptop & Accessory,1,Married,3,0,20.0,3.0,4.0,10.0,182.7
53852,0,12.0,Phone,1,9.0,CC,Female,3.0,5,Fashion,3,Married,5,1,20.0,2.0,2.0,3.0,202.56
53869,0,1.0,Phone,3,9.0,CC,Female,3.0,4,Phone,3,Single,3,0,20.0,1.0,3.0,3.0,152.83
53872,0,23.0,Phone,1,13.0,Debit Card,Female,3.0,5,Grocery,3,Married,4,1,20.0,1.0,3.0,13.0,264.66
53893,0,12.0,Phone,1,11.0,CC,Female,3.0,4,Phone,3,Married,9,0,20.0,1.0,2.0,1.0,158.06
53905,0,18.0,Phone,1,9.0,Debit Card,Female,4.0,2,Fashion,1,Married,3,1,20.0,7.0,7.0,8.0,203.79
53919,0,15.0,Computer,2,11.0,UPI,Male,3.0,6,Laptop & Accessory,4,Married,8,0,20.0,1.0,2.0,3.0,189.3
53938,0,5.0,Phone,3,12.0,COD,Male,3.0,4,Laptop & Accessory,3,Married,3,0,20.0,1.0,2.0,3.0,208.46
53973,0,7.0,Phone,1,15.0,Debit Card,Male,3.0,2,Phone,5,Married,8,0,20.0,7.0,8.0,7.0,156.43
54025,0,1.0,Computer,1,22.0,Debit Card,Female,4.0,5,Phone,5,Married,2,0,20.0,8.0,8.0,4.0,172.74
54028,0,2.0,Phone,3,10.0,CC,Female,4.0,4,Phone,4,Married,3,0,20.0,2.0,2.0,1.0,153.56
54057,0,13.0,Computer,3,28.0,Debit Card,Female,3.0,6,Laptop & Accessory,3,Married,8,0,20.0,1.0,2.0,3.0,182.36
54067,0,12.0,Phone,1,16.0,Debit Card,Male,4.0,4,Phone,1,Married,4,0,20.0,2.0,2.0,4.0,172.71
54097,0,28.0,Phone,1,17.0,CC,Female,4.0,4,Laptop & Accessory,5,Single,8,1,20.0,1.0,2.0,5.0,169.4
54104,0,1.0,Phone,1,9.0,UPI,Male,3.0,4,Phone,3,Married,8,1,20.0,1.0,2.0,3.0,164.77
54108,0,5.0,Phone,3,9.0,Debit Card,Male,3.0,4,Phone,3,Married,2,0,20.0,2.0,2.0,3.0,155.67
54115,0,9.0,Phone,1,16.0,CC,Male,3.0,4,Laptop & Accessory,3,Single,3,0,20.0,1.0,2.0,9.0,175.98
54118,0,14.0,Phone,1,7.0,Debit Card,Male,3.0,4,Phone,1,Married,10,0,20.0,1.0,2.0,1.0,149.06
54122,0,6.0,Phone,3,7.0,E wallet,Female,3.0,4,Fashion,1,Married,3,0,20.0,4.0,6.0,3.0,229.22
54129,1,1.0,Computer,3,16.0,E wallet,Male,3.0,4,Phone,5,Married,3,0,20.0,2.0,2.0,1.0,142.9
54130,0,10.0,Phone,3,10.0,CC,Female,4.0,5,Fashion,1,Married,2,0,20.0,4.0,4.0,5.0,201.44
54154,0,5.0,Computer,1,12.0,CC,Male,4.0,4,Laptop & Accessory,5,Single,2,0,20.0,1.0,2.0,3.0,224.36
54200,0,7.0,Computer,3,7.0,Debit Card,Female,3.0,2,Laptop & Accessory,5,Married,4,0,20.0,1.0,2.0,4.0,178.76
54210,0,9.0,Phone,1,15.0,Debit Card,Male,3.0,2,Phone,1,Married,3,0,20.0,2.0,2.0,2.0,147.69
54215,0,1.0,Phone,3,30.0,E wallet,Female,3.0,5,Laptop & Accessory,1,Married,9,1,20.0,1.0,2.0,1.0,166.57
54249,0,4.0,Phone,1,9.0,Debit Card,Male,5.0,5,Laptop & Accessory,1,Married,3,0,20.0,4.0,11.0,9.0,166.52
54286,0,1.0,Phone,1,13.0,UPI,Female,3.0,5,Phone,4,Married,3,0,20.0,3.0,5.0,4.0,148.68
54288,1,1.0,Phone,3,29.0,E wallet,Male,3.0,4,Phone,3,Single,3,1,20.0,2.0,2.0,1.0,141.75
54300,0,4.0,Phone,2,16.0,UPI,Male,3.0,4,Laptop & Accessory,1,Married,2,1,20.0,5.0,5.0,8.0,188.47
54361,0,1.0,Computer,1,7.0,COD,Male,3.0,5,Laptop & Accessory,5,Married,7,0,20.0,3.0,3.0,1.0,167.98
54365,1,2.0,Phone,1,36.0,CC,Male,4.0,4,Laptop & Accessory,5,Married,9,1,20.0,2.0,2.0,1.0,191.73
54413,0,3.0,Phone,1,22.0,Debit Card,Male,3.0,4,Phone,1,Single,3,0,20.0,2.0,2.0,6.0,148.4
54426,0,3.0,Phone,3,9.0,CC,Male,4.0,5,Laptop & Accessory,4,Married,4,0,20.0,2.0,2.0,1.0,191.44
54444,0,29.0,Phone,1,27.0,COD,Male,3.0,4,Laptop & Accessory,1,Married,5,1,20.0,1.0,2.0,9.0,179.15
54461,0,15.0,Phone,3,9.0,Debit Card,Male,3.0,4,Grocery,4,Single,3,0,20.0,1.0,2.0,5.0,285.15
54463,0,2.0,Phone,1,23.0,CC,Male,4.0,2,Laptop & Accessory,5,Single,2,0,20.0,1.0,2.0,8.0,181.61
54476,0,17.0,Computer,1,17.0,Debit Card,Female,3.0,4,Phone,1,Single,2,0,20.0,1.0,2.0,8.0,149.55
54508,0,21.0,Computer,3,11.0,CC,Male,4.0,4,Laptop & Accessory,3,Single,5,0,20.0,1.0,2.0,1.0,154.76
54533,0,9.0,Phone,1,16.0,Debit Card,Male,4.0,5,Laptop & Accessory,4,Single,11,0,20.0,1.0,2.0,1.0,190.4
54588,0,31.0,Computer,3,35.0,E wallet,Female,4.0,5,Fashion,5,Married,6,0,20.0,4.0,14.0,3.0,227.66
54594,0,6.0,Phone,3,17.0,E wallet,Female,4.0,5,Fashion,1,Married,4,1,20.0,1.0,2.0,3.0,215.71
54613,0,19.0,Phone,3,9.0,UPI,Male,4.0,4,Laptop & Accessory,4,Married,2,0,20.0,4.0,4.0,8.0,173.05
54616,0,7.0,Phone,1,7.0,CC,Female,4.0,2,Grocery,3,Married,6,0,20.0,1.0,2.0,6.0,286.84
54632,0,12.0,Phone,1,17.0,CC,Female,4.0,4,Laptop & Accessory,3,Married,5,0,20.0,1.0,2.0,3.0,223.24
54695,0,27.0,Phone,1,14.0,Debit Card,Male,3.0,2,Grocery,3,Married,5,0,20.0,1.0,2.0,4.0,273.14
54715,0,1.0,Phone,1,14.0,CC,Female,3.0,5,Laptop & Accessory,5,Single,10,0,20.0,2.0,2.0,8.0,193.11
54737,0,1.0,Computer,3,15.0,E wallet,Male,3.0,4,Laptop & Accessory,1,Married,2,0,20.0,2.0,2.0,2.0,168.42
54774,0,8.0,Phone,2,10.0,UPI,Male,3.0,4,Phone,1,Married,2,0,20.0,2.0,2.0,3.0,162.37
54789,0,11.0,Phone,3,23.0,E wallet,Male,4.0,5,Laptop & Accessory,3,Married,6,0,20.0,2.0,2.0,1.0,188.34
54797,1,1.0,Computer,1,32.0,Debit Card,Female,4.0,4,Phone,4,Married,3,1,20.0,7.0,8.0,9.0,145.22
54803,0,12.0,Phone,3,16.0,E wallet,Male,4.0,5,Phone,4,Married,2,0,20.0,1.0,2.0,3.0,153.99
54805,0,5.0,Phone,1,18.0,Debit Card,Male,3.0,4,Phone,1,Married,5,1,20.0,1.0,2.0,3.0,148.56
54806,1,1.0,Phone,3,7.0,CC,Female,3.0,5,Phone,3,Married,8,1,20.0,2.0,2.0,3.0,153.0
54824,1,1.0,Phone,1,25.0,UPI,Female,4.0,4,Phone,1,Single,3,0,20.0,2.0,2.0,1.0,151.93
54827,1,1.0,Phone,1,10.0,Debit Card,Female,3.0,4,Laptop & Accessory,3,Married,2,1,20.0,2.0,2.0,3.0,166.71
54831,0,1.0,Phone,1,11.0,Debit Card,Female,4.0,4,Phone,3,Single,3,0,20.0,1.0,2.0,1.0,148.18
54850,1,1.0,Phone,1,11.0,COD,Male,3.0,4,Phone,5,Single,3,0,20.0,2.0,2.0,1.0,154.73
54868,0,21.0,Computer,1,23.0,CC,Male,4.0,2,Laptop & Accessory,3,Married,3,1,20.0,2.0,3.0,8.0,175.67
54915,0,7.0,Computer,3,15.0,Debit Card,Female,3.0,5,Phone,1,Single,2,0,20.0,1.0,3.0,3.0,148.42
54924,0,8.0,Phone,3,17.0,Debit Card,Female,3.0,4,Phone,3,Married,3,1,20.0,1.0,2.0,1.0,147.2
54933,0,30.0,Computer,1,16.0,CC,Female,4.0,4,Phone,3,Married,4,0,20.0,2.0,2.0,4.0,154.42
54947,0,1.0,Computer,1,15.0,Debit Card,Male,3.0,6,Phone,3,Married,3,0,20.0,2.0,2.0,3.0,171.21
54967,0,26.0,Phone,1,6.0,Debit Card,Male,3.0,4,Fashion,4,Single,9,0,20.0,3.0,5.0,3.0,229.45
54985,0,16.0,Phone,1,36.0,CC,Male,3.0,6,Laptop & Accessory,1,Single,6,0,20.0,2.0,2.0,1.0,167.72
55015,0,19.0,Phone,1,14.0,CC,Female,3.0,4,Phone,3,Married,6,1,20.0,1.0,2.0,3.0,169.77
55026,0,4.0,Phone,3,36.0,Debit Card,Male,4.0,4,Laptop & Accessory,5,Married,10,0,20.0,2.0,2.0,4.0,166.15
55057,0,5.0,Phone,1,31.0,CC,Female,4.0,5,Laptop & Accessory,5,Single,3,0,20.0,2.0,2.0,9.0,193.12
55108,1,16.0,Phone,3,12.0,Debit Card,Male,4.0,4,Fashion,4,Single,11,1,20.0,8.0,8.0,3.0,209.46
55111,0,5.0,Computer,3,9.0,Debit Card,Female,3.0,4,Fashion,3,Married,3,1,20.0,9.0,10.0,3.0,223.52
55242,0,9.0,Phone,1,23.0,Debit Card,Female,4.0,5,Fashion,4,Single,3,0,20.0,4.0,4.0,3.0,211.06
55269,0,9.0,Phone,1,8.0,CC,Male,4.0,5,Phone,5,Single,3,0,20.0,2.0,2.0,3.0,149.5
55286,0,3.0,Computer,1,9.0,Debit Card,Male,3.0,4,Laptop & Accessory,1,Married,3,0,20.0,2.0,2.0,3.0,213.53
55321,0,19.0,Phone,1,9.0,UPI,Female,3.0,5,Laptop & Accessory,1,Married,3,0,20.0,4.0,4.0,10.0,182.7
55322,0,12.0,Phone,1,9.0,CC,Female,3.0,5,Fashion,3,Married,5,1,20.0,1.0,2.0,3.0,202.56
55339,0,1.0,Phone,3,9.0,CC,Female,3.0,4,Phone,3,Single,3,0,20.0,1.0,3.0,3.0,152.83
55342,0,23.0,Phone,1,13.0,Debit Card,Female,3.0,5,Grocery,3,Married,4,1,20.0,1.0,3.0,13.0,264.66
55363,0,12.0,Phone,1,11.0,CC,Female,3.0,4,Phone,3,Married,9,0,20.0,1.0,2.0,1.0,158.06
55375,0,18.0,Phone,1,9.0,Debit Card,Female,4.0,2,Fashion,1,Married,3,1,20.0,2.0,7.0,8.0,203.79
55389,0,15.0,Computer,2,11.0,UPI,Male,3.0,6,Laptop & Accessory,4,Married,8,0,20.0,1.0,2.0,3.0,189.3
55408,0,5.0,Phone,3,12.0,COD,Male,3.0,4,Laptop & Accessory,3,Married,3,0,20.0,2.0,2.0,3.0,208.46
55443,0,7.0,Phone,1,15.0,Debit Card,Male,3.0,2,Phone,5,Married,8,0,20.0,4.0,8.0,7.0,156.43
55495,0,1.0,Computer,1,22.0,Debit Card,Female,4.0,5,Phone,5,Married,2,0,20.0,1.0,8.0,4.0,172.74
55498,0,2.0,Phone,3,10.0,CC,Female,4.0,4,Phone,4,Married,3,0,20.0,2.0,2.0,1.0,153.56
55527,0,13.0,Computer,3,28.0,Debit Card,Female,3.0,6,Laptop & Accessory,3,Married,8,0,20.0,1.0,2.0,3.0,182.36
55537,0,12.0,Phone,1,16.0,Debit Card,Male,4.0,4,Phone,1,Married,4,0,20.0,1.0,2.0,4.0,172.71
55567,0,28.0,Phone,1,17.0,CC,Female,4.0,4,Laptop & Accessory,5,Single,8,1,20.0,1.0,2.0,5.0,169.4
55574,0,1.0,Phone,1,9.0,UPI,Male,3.0,4,Phone,3,Married,8,1,20.0,1.0,2.0,3.0,164.77
55578,0,5.0,Phone,3,9.0,Debit Card,Male,3.0,4,Phone,3,Married,2,0,20.0,1.0,2.0,3.0,155.67
55585,0,9.0,Phone,1,16.0,CC,Male,3.0,4,Laptop & Accessory,3,Single,3,0,20.0,1.0,2.0,9.0,175.98
55588,0,14.0,Phone,1,8.0,Debit Card,Male,3.0,4,Phone,1,Married,10,0,20.0,2.0,2.0,1.0,149.06
55592,0,6.0,Phone,3,8.0,E wallet,Female,3.0,4,Fashion,1,Married,3,0,20.0,1.0,6.0,3.0,229.22
55599,1,1.0,Computer,3,16.0,E wallet,Male,3.0,4,Phone,5,Married,3,0,20.0,2.0,2.0,1.0,142.9
55600,0,10.0,Phone,3,10.0,CC,Female,4.0,5,Fashion,1,Married,2,0,20.0,1.0,4.0,5.0,201.44
55624,0,5.0,Computer,1,12.0,CC,Male,4.0,4,Laptop & Accessory,5,Single,2,0,20.0,2.0,2.0,3.0,224.36
50023,1,9.0,Phone,3,28.0,E wallet,Male,2.0,3,Phone,3,Single,2,1,19.0,0.0,1.0,0.0,116.75
50076,0,0.0,Computer,1,6.0,COD,Male,2.0,4,Laptop & Accessory,5,Divorced,6,0,19.0,0.0,2.0,0.0,142.98
50080,1,1.0,Phone,1,35.0,CC,Male,3.0,3,Laptop & Accessory,5,Divorced,8,1,19.0,0.0,1.0,0.0,166.73
50128,0,2.0,Phone,1,14.0,Debit Card,Male,2.0,3,Phone,2,Single,2,0,19.0,0.0,1.0,5.0,123.4
50141,0,2.0,Phone,3,8.0,CC,Male,3.0,4,Laptop & Accessory,4,Divorced,3,0,19.0,0.0,1.0,0.0,166.44
50159,0,28.0,Phone,1,26.0,COD,Male,2.0,3,Laptop & Accessory,2,Divorced,4,1,19.0,1.0,1.0,8.0,154.15
50176,0,14.0,Phone,3,8.0,Debit Card,Male,2.0,3,Grocery,4,Single,2,0,19.0,1.0,2.0,4.0,260.15
50178,0,1.0,Phone,1,22.0,CC,Male,3.0,2,Laptop & Accessory,5,Single,1,0,19.0,0.0,1.0,7.0,156.61
50191,0,16.0,Computer,1,14.0,Debit Card,Female,2.0,3,Phone,2,Single,1,0,19.0,0.0,1.0,7.0,124.55000000000001
50223,0,20.0,Computer,3,10.0,CC,Male,3.0,3,Laptop & Accessory,3,Single,4,0,19.0,0.0,1.0,0.0,129.76
50248,0,8.0,Phone,1,15.0,Debit Card,Male,3.0,4,Laptop & Accessory,4,Single,10,0,19.0,1.0,1.0,0.0,165.4
50303,0,30.0,Computer,3,34.0,E wallet,Female,3.0,4,Fashion,5,Divorced,5,0,19.0,13.0,13.0,11.0,202.66
50309,0,19.0,Phone,3,16.0,E wallet,Female,3.0,4,Fashion,2,Divorced,3,1,19.0,1.0,1.0,2.0,190.71
50328,0,18.0,Phone,3,8.0,UPI,Male,3.0,3,Laptop & Accessory,4,Divorced,1,0,19.0,3.0,3.0,7.0,148.05
50331,0,6.0,Phone,1,6.0,CC,Female,3.0,2,Grocery,3,Married,5,0,19.0,1.0,1.0,5.0,261.84
50347,0,11.0,Phone,1,16.0,CC,Female,3.0,3,Laptop & Accessory,3,Divorced,4,0,19.0,1.0,1.0,0.0,198.24
50410,0,26.0,Phone,1,13.0,Debit Card,Male,2.0,2,Grocery,3,Divorced,4,0,19.0,0.0,2.0,3.0,248.14
50430,0,0.0,Phone,1,13.0,CC,Female,2.0,4,Laptop & Accessory,5,Single,9,0,19.0,1.0,1.0,7.0,168.11
50452,0,2.0,Computer,3,5.0,E wallet,Male,2.0,3,Laptop & Accessory,2,Divorced,1,0,19.0,0.0,1.0,1.0,143.42
50489,0,7.0,Phone,2,9.0,UPI,Male,2.0,3,Phone,2,Divorced,1,0,19.0,1.0,1.0,2.0,137.37
50504,0,10.0,Phone,3,22.0,E wallet,Male,3.0,4,Laptop & Accessory,3,Married,5,0,19.0,1.0,1.0,0.0,163.34
50512,1,9.0,Computer,1,31.0,Debit Card,Female,3.0,3,Phone,4,Married,2,1,19.0,0.0,7.0,8.0,120.22
50518,0,11.0,Phone,3,15.0,E wallet,Male,3.0,4,Phone,4,Divorced,1,0,19.0,0.0,1.0,2.0,128.99
50520,0,4.0,Phone,1,14.0,Debit Card,Male,2.0,3,Phone,2,Divorced,4,1,19.0,1.0,1.0,2.0,123.56
50521,1,0.0,Phone,3,6.0,CC,Female,3.0,4,Phone,3,Married,7,1,19.0,0.0,1.0,2.0,128.0
50539,1,0.0,Phone,1,24.0,UPI,Female,3.0,3,Phone,2,Single,2,0,19.0,1.0,1.0,0.0,126.93
50542,1,0.0,Phone,1,9.0,Debit Card,Female,2.0,3,Laptop & Accessory,3,Divorced,1,1,19.0,1.0,1.0,2.0,141.71
50546,0,0.0,Phone,1,14.0,Debit Card,Female,3.0,3,Phone,3,Single,2,0,19.0,1.0,1.0,0.0,123.18
50565,1,0.0,Phone,1,10.0,COD,Male,3.0,3,Phone,5,Single,2,0,19.0,1.0,1.0,0.0,129.73
50583,0,20.0,Computer,1,22.0,CC,Male,3.0,1,Laptop & Accessory,3,Married,2,1,19.0,0.0,2.0,7.0,150.67
50630,0,6.0,Computer,3,14.0,Debit Card,Female,2.0,4,Phone,2,Single,1,0,19.0,2.0,2.0,2.0,123.41999999999999
50639,0,9.0,Phone,3,16.0,Debit Card,Female,2.0,3,Phone,3,Divorced,2,1,19.0,0.0,1.0,0.0,122.19999999999999
50648,0,29.0,Computer,1,15.0,CC,Female,3.0,3,Phone,3,Divorced,3,0,19.0,0.0,1.0,3.0,129.42
50662,0,0.0,Computer,1,14.0,Debit Card,Male,2.0,5,Phone,3,Divorced,2,0,19.0,1.0,1.0,2.0,146.21
50682,0,25.0,Phone,1,13.0,Debit Card,Male,2.0,3,Fashion,4,Single,8,0,19.0,3.0,4.0,0.0,204.45
50700,0,15.0,Phone,1,35.0,CC,Male,2.0,5,Laptop & Accessory,2,Single,5,0,19.0,1.0,1.0,0.0,142.72
50730,0,18.0,Phone,1,13.0,CC,Female,2.0,3,Phone,3,Divorced,5,1,19.0,1.0,1.0,2.0,144.77
50741,0,3.0,Phone,3,35.0,Debit Card,Male,3.0,3,Laptop & Accessory,5,Married,9,0,19.0,1.0,1.0,3.0,141.15
50772,0,4.0,Phone,1,30.0,CC,Female,3.0,4,Laptop & Accessory,5,Single,2,0,19.0,0.0,1.0,8.0,168.12
50823,1,15.0,Phone,3,11.0,Debit Card,Male,3.0,3,Fashion,4,Single,10,1,19.0,5.0,7.0,7.0,184.46
50826,0,4.0,Computer,3,8.0,Debit Card,Female,2.0,3,Fashion,3,Married,2,1,19.0,3.0,9.0,6.0,198.52
50884,0,27.0,Phone,1,6.0,CC,Female,2.0,3,Grocery,2,Single,7,0,19.0,1.0,12.0,7.0,273.28
50900,0,20.0,Phone,1,8.0,CC,Female,2.0,3,Grocery,3,Divorced,4,0,19.0,1.0,5.0,6.0,271.69
50957,0,8.0,Phone,1,22.0,Debit Card,Female,3.0,4,Fashion,4,Single,2,0,19.0,1.0,3.0,3.0,186.06
50984,0,8.0,Phone,1,14.0,CC,Male,3.0,4,Phone,5,Single,2,0,19.0,0.0,1.0,2.0,124.5
51001,0,2.0,Computer,1,8.0,Debit Card,Male,2.0,3,Laptop & Accessory,1,Married,2,0,19.0,0.0,1.0,3.0,188.53
51036,0,18.0,Phone,1,8.0,UPI,Female,2.0,4,Laptop & Accessory,1,Married,2,0,19.0,2.0,3.0,9.0,157.7
51037,0,11.0,Phone,1,8.0,CC,Female,2.0,4,Fashion,3,Married,4,1,19.0,1.0,1.0,2.0,177.56
51054,0,0.0,Phone,3,8.0,CC,Female,3.0,3,Phone,3,Single,2,0,19.0,0.0,2.0,2.0,127.83000000000001
51057,0,22.0,Phone,1,12.0,Debit Card,Female,2.0,4,Grocery,3,Married,3,1,19.0,1.0,2.0,12.0,239.66000000000003
51078,0,11.0,Phone,1,10.0,CC,Female,2.0,3,Phone,3,Married,8,0,19.0,0.0,1.0,0.0,133.06
51090,0,17.0,Phone,1,8.0,Debit Card,Female,3.0,1,Fashion,1,Married,2,1,19.0,6.0,6.0,7.0,178.79
51104,0,14.0,Computer,2,10.0,UPI,Male,2.0,5,Laptop & Accessory,4,Married,7,0,19.0,0.0,1.0,2.0,164.3
51123,0,4.0,Phone,3,11.0,COD,Male,2.0,3,Laptop & Accessory,3,Married,2,0,19.0,0.0,1.0,2.0,183.46
51158,0,6.0,Phone,1,14.0,Debit Card,Male,3.0,1,Phone,5,Married,7,0,19.0,6.0,7.0,6.0,131.43
51210,0,0.0,Computer,1,21.0,Debit Card,Female,3.0,4,Phone,5,Married,1,0,19.0,7.0,7.0,3.0,147.74
51213,0,1.0,Phone,3,9.0,CC,Female,3.0,3,Phone,4,Married,2,0,19.0,1.0,1.0,0.0,128.56
51242,0,12.0,Computer,3,27.0,Debit Card,Female,2.0,5,Laptop & Accessory,3,Married,7,0,19.0,0.0,1.0,2.0,157.36
51252,0,11.0,Phone,1,15.0,Debit Card,Male,3.0,3,Phone,1,Married,3,0,19.0,1.0,1.0,3.0,147.71
51282,0,27.0,Phone,1,16.0,CC,Female,3.0,3,Laptop & Accessory,5,Single,7,1,19.0,0.0,1.0,4.0,144.4
51289,0,0.0,Phone,1,8.0,UPI,Male,2.0,3,Phone,3,Married,7,1,19.0,0.0,1.0,2.0,139.77
51293,0,4.0,Phone,3,8.0,Debit Card,Male,3.0,3,Phone,3,Married,1,0,19.0,1.0,1.0,2.0,130.67
51300,0,8.0,Phone,1,15.0,CC,Male,2.0,3,Laptop & Accessory,3,Single,2,0,19.0,0.0,1.0,8.0,150.98
51303,0,13.0,Phone,1,14.0,Debit Card,Male,2.0,3,Phone,1,Married,9,0,19.0,0.0,1.0,0.0,124.06
51307,0,5.0,Phone,3,6.0,E wallet,Female,2.0,3,Fashion,1,Married,2,0,19.0,3.0,5.0,7.0,204.22
51314,1,9.0,Computer,3,15.0,E wallet,Male,2.0,3,Phone,5,Married,2,0,19.0,1.0,1.0,0.0,117.9
51315,0,9.0,Phone,3,9.0,CC,Female,3.0,4,Fashion,1,Married,1,0,19.0,3.0,3.0,4.0,176.44
51339,0,4.0,Computer,1,11.0,CC,Male,3.0,3,Laptop & Accessory,5,Single,1,0,19.0,0.0,1.0,7.0,199.36
51385,0,6.0,Computer,3,6.0,Debit Card,Female,2.0,1,Laptop & Accessory,5,Married,3,0,19.0,0.0,1.0,3.0,153.76
51395,0,9.0,Phone,1,14.0,Debit Card,Male,2.0,1,Phone,1,Married,2,0,19.0,1.0,1.0,1.0,122.69
51400,0,0.0,Phone,3,29.0,E wallet,Female,2.0,4,Laptop & Accessory,1,Married,8,1,19.0,0.0,1.0,0.0,141.57
51434,0,3.0,Phone,1,8.0,Debit Card,Male,4.0,4,Laptop & Accessory,1,Married,2,0,19.0,3.0,10.0,8.0,141.52
51452,0,23.0,Computer,1,6.0,Debit Card,Female,3.0,3,Others,4,Married,4,1,19.0,1.0,1.0,7.0,281.72
51471,0,0.0,Phone,1,14.0,UPI,Female,2.0,4,Phone,4,Married,2,0,19.0,2.0,4.0,3.0,123.68
51473,1,9.0,Phone,3,28.0,E wallet,Male,2.0,3,Phone,3,Single,2,1,19.0,1.0,1.0,0.0,116.75
51485,0,3.0,Phone,2,15.0,UPI,Male,2.0,3,Laptop & Accessory,1,Married,1,1,19.0,4.0,4.0,7.0,163.47
51546,0,0.0,Computer,1,6.0,COD,Male,2.0,4,Laptop & Accessory,5,Married,6,0,19.0,2.0,2.0,0.0,142.98
51550,1,1.0,Phone,1,35.0,CC,Male,3.0,3,Laptop & Accessory,5,Married,8,1,19.0,1.0,1.0,0.0,166.73
51598,0,2.0,Phone,1,14.0,Debit Card,Male,2.0,3,Phone,1,Single,2,0,19.0,1.0,1.0,5.0,123.4
51611,0,2.0,Phone,3,8.0,CC,Male,3.0,4,Laptop & Accessory,4,Married,3,0,19.0,1.0,1.0,0.0,166.44
51629,0,28.0,Phone,1,26.0,COD,Male,2.0,3,Laptop & Accessory,1,Married,4,1,19.0,0.0,1.0,8.0,154.15
51646,0,14.0,Phone,3,8.0,Debit Card,Male,2.0,3,Grocery,4,Single,2,0,19.0,1.0,2.0,4.0,260.15
51648,0,1.0,Phone,1,22.0,CC,Male,3.0,1,Laptop & Accessory,5,Single,1,0,19.0,0.0,1.0,7.0,156.61
51661,0,16.0,Computer,1,14.0,Debit Card,Female,2.0,3,Phone,1,Single,1,0,19.0,0.0,1.0,7.0,124.55000000000001
51693,0,20.0,Computer,3,10.0,CC,Male,3.0,3,Laptop & Accessory,3,Single,4,0,19.0,0.0,1.0,0.0,129.76
51718,0,8.0,Phone,1,15.0,Debit Card,Male,3.0,4,Laptop & Accessory,4,Single,10,0,19.0,0.0,1.0,0.0,165.4
51773,0,30.0,Computer,3,34.0,E wallet,Female,3.0,4,Fashion,5,Married,5,0,19.0,3.0,13.0,11.0,202.66
51779,0,5.0,Phone,3,16.0,E wallet,Female,3.0,4,Fashion,1,Married,3,1,19.0,0.0,1.0,2.0,190.71
51798,0,18.0,Phone,3,8.0,UPI,Male,3.0,3,Laptop & Accessory,4,Married,1,0,19.0,3.0,3.0,7.0,148.05
51801,0,6.0,Phone,1,6.0,CC,Female,3.0,1,Grocery,3,Married,5,0,19.0,1.0,1.0,5.0,261.84
51817,0,11.0,Phone,1,16.0,CC,Female,3.0,3,Laptop & Accessory,3,Married,4,0,19.0,0.0,1.0,0.0,198.24
51880,0,26.0,Phone,1,13.0,Debit Card,Male,2.0,1,Grocery,3,Married,4,0,19.0,0.0,2.0,3.0,248.14
51900,0,0.0,Phone,1,13.0,CC,Female,2.0,4,Laptop & Accessory,5,Single,9,0,19.0,1.0,1.0,7.0,168.11
51922,0,0.0,Computer,3,14.0,E wallet,Male,2.0,3,Laptop & Accessory,1,Married,1,0,19.0,1.0,1.0,1.0,143.42
51959,0,7.0,Phone,2,9.0,UPI,Male,2.0,3,Phone,1,Married,1,0,19.0,1.0,1.0,2.0,137.37
51974,0,10.0,Phone,3,22.0,E wallet,Male,3.0,4,Laptop & Accessory,3,Married,5,0,19.0,1.0,1.0,0.0,163.34
51982,1,9.0,Computer,1,31.0,Debit Card,Female,3.0,3,Phone,4,Married,2,1,19.0,6.0,7.0,8.0,120.22
51988,0,11.0,Phone,3,15.0,E wallet,Male,3.0,4,Phone,4,Married,1,0,19.0,0.0,1.0,2.0,128.99
51990,0,4.0,Phone,1,14.0,Debit Card,Male,2.0,3,Phone,1,Married,4,1,19.0,0.0,1.0,2.0,123.56
51991,1,0.0,Phone,3,6.0,CC,Female,3.0,4,Phone,3,Married,7,1,19.0,1.0,1.0,2.0,128.0
52009,1,0.0,Phone,1,24.0,UPI,Female,3.0,3,Phone,1,Single,2,0,19.0,1.0,1.0,0.0,126.93
52012,1,0.0,Phone,1,9.0,Debit Card,Female,2.0,3,Laptop & Accessory,3,Married,1,1,19.0,1.0,1.0,2.0,141.71
52016,0,0.0,Phone,1,14.0,Debit Card,Female,3.0,3,Phone,3,Single,2,0,19.0,0.0,1.0,0.0,123.18
52035,1,0.0,Phone,1,10.0,COD,Male,3.0,3,Phone,5,Single,2,0,19.0,1.0,1.0,0.0,129.73
52053,0,20.0,Computer,1,22.0,CC,Male,3.0,1,Laptop & Accessory,3,Married,2,1,19.0,1.0,2.0,7.0,150.67
52100,0,6.0,Computer,3,14.0,Debit Card,Female,2.0,4,Phone,1,Single,1,0,19.0,0.0,2.0,2.0,123.41999999999999
52109,0,9.0,Phone,3,16.0,Debit Card,Female,2.0,3,Phone,3,Married,2,1,19.0,0.0,1.0,0.0,122.19999999999999
52118,0,29.0,Computer,1,15.0,CC,Female,3.0,3,Phone,3,Married,3,0,19.0,1.0,1.0,3.0,129.42
52132,0,0.0,Computer,1,14.0,Debit Card,Male,2.0,5,Phone,3,Married,2,0,19.0,1.0,1.0,2.0,146.21
52152,0,25.0,Phone,1,5.0,Debit Card,Male,2.0,3,Fashion,4,Single,8,0,19.0,2.0,4.0,0.0,204.45
52170,0,15.0,Phone,1,35.0,CC,Male,2.0,5,Laptop & Accessory,1,Single,5,0,19.0,1.0,1.0,0.0,142.72
52200,0,18.0,Phone,1,13.0,CC,Female,2.0,3,Phone,3,Married,5,1,19.0,0.0,1.0,2.0,144.77
52211,0,3.0,Phone,3,35.0,Debit Card,Male,3.0,3,Laptop & Accessory,5,Married,9,0,19.0,1.0,1.0,3.0,141.15
52242,0,4.0,Phone,1,30.0,CC,Female,3.0,4,Laptop & Accessory,5,Single,2,0,19.0,1.0,1.0,8.0,168.12
52293,1,15.0,Phone,3,11.0,Debit Card,Male,3.0,3,Fashion,4,Single,10,1,19.0,7.0,7.0,7.0,184.46
52296,0,4.0,Computer,3,8.0,Debit Card,Female,2.0,3,Fashion,3,Married,2,1,19.0,8.0,9.0,6.0,198.52
52354,0,27.0,Phone,1,7.0,CC,Female,2.0,3,Grocery,1,Single,7,0,19.0,1.0,12.0,7.0,273.28
52370,0,20.0,Phone,1,8.0,CC,Female,2.0,3,Grocery,3,Married,4,0,19.0,1.0,5.0,6.0,271.69
52427,0,8.0,Phone,1,22.0,Debit Card,Female,3.0,4,Fashion,4,Single,2,0,19.0,3.0,3.0,3.0,186.06
52454,0,8.0,Phone,1,14.0,CC,Male,3.0,4,Phone,5,Single,2,0,19.0,1.0,1.0,2.0,124.5
52471,0,2.0,Computer,1,8.0,Debit Card,Male,2.0,3,Laptop & Accessory,1,Married,2,0,19.0,1.0,1.0,3.0,188.53
52506,0,18.0,Phone,1,8.0,UPI,Female,2.0,4,Laptop & Accessory,1,Married,2,0,19.0,3.0,3.0,9.0,157.7
52507,0,11.0,Phone,1,8.0,CC,Female,2.0,4,Fashion,3,Married,4,1,19.0,0.0,1.0,2.0,177.56
52524,0,0.0,Phone,3,8.0,CC,Female,3.0,3,Phone,3,Single,2,0,19.0,0.0,2.0,2.0,127.83000000000001
52527,0,22.0,Phone,1,12.0,Debit Card,Female,2.0,4,Grocery,3,Married,3,1,19.0,2.0,2.0,12.0,239.66000000000003
52548,0,11.0,Phone,1,10.0,CC,Female,2.0,3,Phone,3,Married,8,0,19.0,0.0,1.0,0.0,133.06
52560,0,17.0,Phone,1,8.0,Debit Card,Female,3.0,1,Fashion,1,Married,2,1,19.0,1.0,6.0,7.0,178.79
52574,0,14.0,Computer,2,10.0,UPI,Male,2.0,5,Laptop & Accessory,4,Married,7,0,19.0,0.0,1.0,2.0,164.3
52593,0,4.0,Phone,3,11.0,COD,Male,2.0,3,Laptop & Accessory,3,Married,2,0,19.0,1.0,1.0,2.0,183.46
52628,0,6.0,Phone,1,14.0,Debit Card,Male,3.0,1,Phone,5,Married,7,0,19.0,3.0,7.0,6.0,131.43
52680,0,0.0,Computer,1,21.0,Debit Card,Female,3.0,4,Phone,5,Married,1,0,19.0,0.0,7.0,3.0,147.74
52683,0,1.0,Phone,3,9.0,CC,Female,3.0,3,Phone,4,Married,2,0,19.0,1.0,1.0,0.0,128.56
52712,0,12.0,Computer,3,27.0,Debit Card,Female,2.0,5,Laptop & Accessory,3,Married,7,0,19.0,0.0,1.0,2.0,157.36
52722,0,11.0,Phone,1,15.0,Debit Card,Male,3.0,3,Phone,1,Married,3,0,19.0,0.0,1.0,3.0,147.71
52752,0,27.0,Phone,1,16.0,CC,Female,3.0,3,Laptop & Accessory,5,Single,7,1,19.0,0.0,1.0,4.0,144.4
52759,0,0.0,Phone,1,8.0,UPI,Male,2.0,3,Phone,3,Married,7,1,19.0,0.0,1.0,2.0,139.77
52763,0,4.0,Phone,3,8.0,Debit Card,Male,3.0,3,Phone,3,Married,1,0,19.0,0.0,1.0,2.0,130.67
52770,0,8.0,Phone,1,15.0,CC,Male,2.0,3,Laptop & Accessory,3,Single,2,0,19.0,0.0,1.0,8.0,150.98
52773,0,13.0,Phone,1,14.0,Debit Card,Male,2.0,3,Phone,1,Married,9,0,19.0,1.0,1.0,0.0,124.06
52777,0,5.0,Phone,3,7.0,E wallet,Female,2.0,3,Fashion,1,Married,2,0,19.0,0.0,5.0,7.0,204.22
52784,1,9.0,Computer,3,15.0,E wallet,Male,2.0,3,Phone,5,Married,2,0,19.0,1.0,1.0,0.0,117.9
52785,0,9.0,Phone,3,9.0,CC,Female,3.0,4,Fashion,1,Married,1,0,19.0,0.0,3.0,4.0,176.44
52809,0,4.0,Computer,1,11.0,CC,Male,3.0,3,Laptop & Accessory,5,Single,1,0,19.0,1.0,1.0,7.0,199.36
52832,1,1.0,Computer,1,13.0,Debit Card,Female,4.0,5,Phone,2,Single,3,1,19.0,2.0,2.0,1.0,154.26
52835,1,20.0,Phone,1,21.0,Debit Card,Female,4.0,4,Phone,4,Divorced,11,1,19.0,2.0,5.0,4.0,174.63
52836,1,1.0,Phone,3,13.0,Debit Card,Male,4.0,6,Laptop & Accessory,3,Divorced,6,1,19.0,7.0,8.0,8.0,186.72
52844,0,19.0,Phone,1,16.0,Debit Card,Male,3.0,4,Laptop & Accessory,4,Married,10,0,19.0,2.0,2.0,16.0,148.48
52850,0,8.0,Computer,3,9.0,E wallet,Female,4.0,4,Phone,3,Divorced,8,0,19.0,2.0,2.0,3.0,147.31
52852,0,1.0,Computer,1,16.0,CC,Male,3.0,4,Phone,4,Married,8,0,19.0,1.0,3.0,3.0,145.24
52866,0,30.0,Phone,1,15.0,Debit Card,Female,4.0,4,Phone,5,Married,6,1,19.0,2.0,3.0,3.0,167.57
52880,0,25.0,Phone,1,10.0,CC,Female,4.0,4,Grocery,4,Single,5,0,19.0,1.0,2.0,1.0,262.34
52890,0,12.0,Phone,1,36.0,COD,Male,3.0,4,Laptop & Accessory,2,Divorced,5,0,19.0,1.0,2.0,8.0,187.61
52906,0,15.0,Phone,3,13.0,Debit Card,Female,4.0,4,Fashion,2,Single,5,1,19.0,1.0,2.0,1.0,260.91
52932,0,6.0,Computer,3,33.0,E wallet,Male,4.0,4,Laptop & Accessory,2,Divorced,2,0,19.0,2.0,3.0,3.0,169.65
52952,0,12.0,Computer,3,9.0,Debit Card,Male,3.0,5,Laptop & Accessory,2,Divorced,5,0,19.0,7.0,8.0,6.0,177.49
52966,0,11.0,Computer,1,7.0,CC,Female,1.0,4,Fashion,2,Married,4,1,19.0,1.0,2.0,3.0,261.03
52967,0,3.0,Phone,1,29.0,Debit Card,Female,4.0,3,Fashion,4,Married,9,0,19.0,6.0,2.0,3.0,244.95999999999998
52973,0,3.0,Computer,3,9.0,Debit Card,Male,3.0,4,Laptop & Accessory,2,Single,3,0,19.0,1.0,2.0,10.0,170.54
52989,0,10.0,Computer,1,25.0,Debit Card,Male,3.0,3,Phone,2,Divorced,6,0,19.0,1.0,2.0,1.0,161.88
52990,0,25.0,Phone,1,9.0,CC,Male,3.0,6,Laptop & Accessory,4,Married,7,0,19.0,1.0,2.0,3.0,179.82
53002,0,19.0,Computer,1,14.0,Debit Card,Male,4.0,4,Fashion,5,Married,3,0,19.0,6.0,10.0,12.0,177.1
53003,0,5.0,Phone,1,9.0,Debit Card,Male,3.0,4,Phone,2,Married,2,1,19.0,2.0,3.0,3.0,151.95
53018,1,3.0,Phone,3,10.0,CC,Female,3.0,4,Laptop & Accessory,3,Divorced,6,1,19.0,2.0,2.0,1.0,177.38
53030,0,1.0,Phone,3,15.0,E wallet,Female,3.0,4,Laptop & Accessory,4,Divorced,3,0,19.0,1.0,2.0,8.0,187.14
53057,1,5.0,Computer,3,11.0,E wallet,Male,3.0,4,Laptop & Accessory,4,Single,3,0,19.0,8.0,8.0,3.0,218.55
53072,0,4.0,Phone,3,9.0,COD,Male,4.0,4,Phone,4,Divorced,3,0,19.0,2.0,2.0,1.0,149.76
53111,0,3.0,Phone,1,10.0,CC,Male,4.0,5,Fashion,3,Divorced,3,0,19.0,2.0,2.0,8.0,244.35000000000002
53154,1,1.0,Phone,1,31.0,COD,Male,4.0,6,Phone,2,Single,3,1,19.0,2.0,2.0,1.0,148.4
53171,1,1.0,Computer,3,19.0,Debit Card,Male,4.0,5,Phone,5,Divorced,3,0,19.0,2.0,2.0,1.0,145.33
53185,0,8.0,Phone,3,21.0,COD,Female,3.0,4,Phone,3,Married,3,1,19.0,2.0,2.0,7.0,150.79
53206,0,9.0,Computer,1,10.0,Debit Card,Male,3.0,5,Phone,3,Divorced,3,0,19.0,2.0,2.0,1.0,137.81
53210,0,3.0,Computer,1,7.0,Debit Card,Male,4.0,6,Phone,2,Married,3,0,19.0,3.0,3.0,9.0,152.2
53239,0,17.0,Computer,3,22.0,Debit Card,Male,3.0,5,Laptop & Accessory,2,Divorced,5,0,19.0,1.0,3.0,3.0,193.04
53256,0,1.0,Phone,1,17.0,CC,Male,4.0,3,Phone,3,Single,3,0,19.0,2.0,2.0,3.0,160.05
53261,0,26.0,Computer,1,26.0,CC,Male,3.0,4,Phone,2,Divorced,2,0,19.0,2.0,2.0,3.0,167.58
53298,1,13.0,Phone,3,18.0,E wallet,Female,3.0,4,Fashion,2,Divorced,3,0,19.0,1.0,8.0,8.0,201.54
53315,0,27.0,Phone,3,14.0,E wallet,Female,4.0,5,Fashion,2,Divorced,9,1,19.0,1.0,2.0,5.0,234.33999999999997
53325,0,1.0,Phone,3,10.0,UPI,Male,4.0,4,Laptop & Accessory,5,Divorced,3,1,19.0,2.0,2.0,4.0,166.94
53340,0,27.0,Phone,1,30.0,Debit Card,Female,4.0,4,Grocery,2,Single,8,0,19.0,1.0,4.0,9.0,267.75
53356,0,21.0,Phone,3,9.0,Debit Card,Female,4.0,5,Phone,2,Single,3,1,19.0,2.0,2.0,3.0,157.94
53359,0,2.0,Phone,1,16.0,CC,Female,4.0,4,Phone,3,Married,7,0,19.0,3.0,3.0,3.0,148.77
53371,0,10.0,Phone,1,14.0,UPI,Male,4.0,4,Phone,2,Single,4,0,19.0,1.0,2.0,2.0,171.78
53374,1,1.0,Phone,3,26.0,E wallet,Male,3.0,5,Phone,4,Divorced,3,1,19.0,1.0,2.0,1.0,149.13
53396,0,13.0,Phone,3,9.0,Debit Card,Male,3.0,2,Fashion,3,Single,2,0,19.0,2.0,2.0,8.0,203.8
53403,0,7.0,Phone,1,20.0,Debit Card,Female,3.0,4,Phone,2,Single,5,0,19.0,2.0,2.0,3.0,159.52
53412,0,24.0,Phone,1,31.0,Debit Card,Male,4.0,4,Grocery,3,Divorced,5,1,19.0,1.0,2.0,6.0,264.73
53430,0,1.0,Phone,1,9.0,Debit Card,Female,3.0,4,Laptop & Accessory,2,Divorced,2,0,19.0,1.0,3.0,3.0,167.27
53433,0,24.0,Phone,1,16.0,Debit Card,Male,4.0,4,Phone,2,Divorced,6,0,19.0,2.0,2.0,1.0,148.8
53439,1,1.0,Computer,3,36.0,CC,Male,4.0,6,Laptop & Accessory,5,Single,10,0,19.0,1.0,3.0,3.0,174.69
53441,0,18.0,Phone,3,35.0,CC,Female,3.0,2,Grocery,2,Divorced,5,1,19.0,2.0,2.0,12.0,258.2
53475,0,12.0,Phone,1,24.0,Debit Card,Female,4.0,5,Fashion,3,Divorced,2,0,19.0,1.0,2.0,3.0,213.23
53478,0,29.0,Computer,1,9.0,Debit Card,Male,4.0,4,Fashion,4,Divorced,5,0,19.0,2.0,2.0,3.0,234.76
53535,0,4.0,Phone,3,17.0,E wallet,Male,4.0,5,Laptop & Accessory,3,Divorced,3,0,19.0,2.0,2.0,5.0,190.78
53537,0,9.0,Phone,1,9.0,Debit Card,Male,3.0,5,Fashion,4,Married,4,0,19.0,7.0,7.0,3.0,227.74
53550,0,3.0,Phone,1,22.0,Debit Card,Female,4.0,6,Phone,2,Divorced,2,1,19.0,2.0,2.0,4.0,146.68
53570,0,31.0,Phone,3,14.0,E wallet,Male,3.0,2,Laptop & Accessory,2,Married,2,1,19.0,1.0,2.0,10.0,177.2
53622,0,4.0,Computer,1,16.0,CC,Female,4.0,4,Laptop & Accessory,3,Single,9,1,19.0,2.0,2.0,8.0,171.95
53625,0,1.0,Phone,1,7.0,CC,Female,3.0,4,Phone,4,Single,3,0,19.0,2.0,3.0,2.0,145.96
53630,1,1.0,Phone,1,14.0,Debit Card,Male,4.0,4,Laptop & Accessory,3,Divorced,3,0,19.0,2.0,2.0,2.0,173.83
53672,1,1.0,Computer,3,25.0,E wallet,Female,4.0,4,Laptop & Accessory,3,Divorced,2,1,19.0,4.0,4.0,3.0,171.14
53692,0,11.0,Phone,1,18.0,CC,Female,4.0,4,Phone,3,Single,6,0,19.0,1.0,2.0,3.0,161.29
53721,0,5.0,Phone,3,15.0,Debit Card,Male,3.0,4,Fashion,2,Married,3,0,19.0,3.0,2.0,10.0,232.93
53725,0,19.0,Phone,1,27.0,CC,Male,4.0,6,Fashion,5,Married,4,1,19.0,1.0,2.0,8.0,233.51
53726,0,5.0,Phone,2,15.0,CC,Female,4.0,2,Phone,4,Single,11,0,19.0,1.0,2.0,3.0,146.09
53728,0,19.0,Phone,1,36.0,COD,Male,3.0,4,Fashion,1,Divorced,6,1,19.0,2.0,2.0,3.0,218.8
53732,0,2.0,Phone,3,12.0,CC,Male,3.0,4,Laptop & Accessory,5,Single,2,0,19.0,2.0,2.0,3.0,209.63
53739,0,8.0,Phone,3,10.0,UPI,Male,3.0,6,Laptop & Accessory,5,Single,5,0,19.0,3.0,4.0,13.0,172.59
53753,0,18.0,Computer,1,9.0,CC,Male,3.0,4,Fashion,3,Single,7,1,19.0,1.0,3.0,3.0,227.09
53770,0,13.0,Phone,1,13.0,Debit Card,Female,3.0,4,Fashion,4,Single,6,0,19.0,1.0,3.0,3.0,208.76
53789,0,14.0,Computer,1,15.0,Debit Card,Male,4.0,4,Laptop & Accessory,1,Married,5,1,19.0,3.0,3.0,3.0,165.69
53795,0,3.0,Phone,1,16.0,Debit Card,Male,4.0,2,Phone,3,Married,8,0,19.0,2.0,2.0,1.0,149.51
53813,0,3.0,Phone,1,10.0,CC,Male,3.0,4,Phone,5,Single,3,1,19.0,1.0,2.0,6.0,172.23
53825,0,9.0,Phone,1,14.0,Debit Card,Male,4.0,5,Phone,1,Married,3,0,19.0,2.0,2.0,2.0,151.9
53843,0,1.0,Phone,1,12.0,CC,Male,4.0,4,Phone,1,Single,3,0,19.0,2.0,3.0,3.0,156.17
53891,0,18.0,Phone,2,7.0,Debit Card,Female,3.0,4,Phone,1,Married,6,1,19.0,3.0,3.0,3.0,156.95
53901,0,7.0,Phone,1,28.0,CC,Male,4.0,2,Phone,4,Married,3,0,19.0,3.0,3.0,14.0,145.28
53972,1,1.0,Phone,3,34.0,Debit Card,Male,3.0,4,Laptop & Accessory,1,Single,3,1,19.0,1.0,8.0,8.0,183.13
53978,0,16.0,Phone,1,20.0,CC,Male,4.0,2,Laptop & Accessory,5,Married,7,0,19.0,2.0,2.0,1.0,180.38
53983,0,13.0,Computer,3,27.0,Debit Card,Male,3.0,4,Laptop & Accessory,1,Married,4,0,19.0,2.0,3.0,3.0,166.27
54052,0,1.0,Computer,1,13.0,UPI,Male,4.0,2,Phone,1,Married,2,0,19.0,3.0,8.0,8.0,150.44
54061,0,21.0,Computer,1,21.0,COD,Male,4.0,4,Laptop & Accessory,4,Married,10,0,19.0,1.0,2.0,8.0,179.67
54076,0,8.0,Phone,3,20.0,CC,Male,3.0,4,Fashion,3,Married,3,0,19.0,2.0,2.0,3.0,211.28
54079,0,6.0,Computer,1,22.0,CC,Female,3.0,4,Laptop & Accessory,1,Married,7,0,19.0,1.0,2.0,3.0,191.67
54112,0,21.0,Computer,1,7.0,CC,Female,4.0,4,Fashion,4,Married,2,0,19.0,1.0,2.0,13.0,244.57
54155,0,1.0,Phone,3,12.0,UPI,Female,2.0,5,Phone,3,Single,2,0,19.0,1.0,2.0,1.0,154.66
54181,0,1.0,Computer,1,18.0,UPI,Female,4.0,2,Laptop & Accessory,3,Married,2,0,19.0,1.0,2.0,4.0,165.11
54220,0,11.0,Phone,1,7.0,Debit Card,Male,3.0,5,Laptop & Accessory,3,Married,3,0,19.0,1.0,2.0,8.0,184.93
54242,0,9.0,Phone,1,7.0,CC,Male,2.0,5,Phone,3,Single,3,0,19.0,2.0,2.0,5.0,153.59
54263,1,1.0,Computer,1,13.0,Debit Card,Female,4.0,5,Phone,1,Single,3,1,19.0,1.0,2.0,1.0,154.26
54283,1,20.0,Phone,1,21.0,Debit Card,Female,4.0,4,Phone,4,Married,11,1,19.0,4.0,5.0,4.0,174.63
54285,1,1.0,Phone,3,13.0,Debit Card,Male,4.0,6,Laptop & Accessory,3,Married,6,1,19.0,1.0,8.0,8.0,186.72
54299,0,1.0,Phone,3,35.0,Debit Card,Male,3.0,5,Laptop & Accessory,3,Married,4,0,19.0,2.0,3.0,3.0,211.39
54314,0,19.0,Phone,1,16.0,Debit Card,Male,3.0,4,Laptop & Accessory,4,Married,10,0,19.0,2.0,2.0,16.0,148.48
54320,0,8.0,Computer,3,9.0,E wallet,Female,4.0,4,Phone,3,Married,8,0,19.0,1.0,2.0,3.0,147.31
54322,0,1.0,Computer,1,16.0,CC,Male,3.0,4,Phone,4,Married,8,0,19.0,3.0,3.0,3.0,145.24
54336,0,30.0,Phone,1,15.0,Debit Card,Female,4.0,4,Phone,5,Married,6,1,19.0,3.0,3.0,3.0,167.57
54350,0,25.0,Phone,1,10.0,CC,Female,4.0,4,Grocery,4,Single,5,0,19.0,1.0,2.0,1.0,262.34
54360,0,12.0,Phone,1,36.0,COD,Male,3.0,4,Laptop & Accessory,1,Married,5,0,19.0,1.0,2.0,8.0,187.61
54376,0,15.0,Phone,3,13.0,Debit Card,Female,4.0,4,Fashion,1,Single,5,1,19.0,1.0,2.0,1.0,260.91
54402,0,6.0,Computer,3,33.0,E wallet,Male,4.0,4,Laptop & Accessory,1,Married,2,0,19.0,3.0,3.0,3.0,169.65
54422,0,12.0,Computer,3,9.0,Debit Card,Male,3.0,5,Laptop & Accessory,1,Married,5,0,19.0,2.0,8.0,6.0,177.49
54436,0,11.0,Computer,1,7.0,CC,Female,4.0,4,Fashion,1,Married,4,1,19.0,1.0,2.0,3.0,261.03
54437,0,9.0,Phone,1,29.0,Debit Card,Female,4.0,2,Fashion,4,Married,9,0,19.0,6.0,2.0,3.0,244.95999999999998
54443,0,3.0,Computer,3,9.0,Debit Card,Male,3.0,4,Laptop & Accessory,1,Single,3,0,19.0,1.0,2.0,10.0,170.54
54459,0,10.0,Computer,1,25.0,Debit Card,Male,3.0,2,Phone,1,Married,6,0,19.0,2.0,2.0,1.0,161.88
54460,0,25.0,Phone,1,9.0,CC,Male,3.0,6,Laptop & Accessory,4,Married,7,0,19.0,1.0,2.0,3.0,179.82
54472,0,19.0,Computer,1,14.0,Debit Card,Male,4.0,4,Fashion,5,Married,3,0,19.0,3.0,10.0,12.0,177.1
54473,0,5.0,Phone,1,9.0,Debit Card,Male,3.0,4,Phone,1,Married,2,1,19.0,3.0,3.0,3.0,151.95
54488,1,3.0,Phone,3,10.0,CC,Female,3.0,4,Laptop & Accessory,3,Married,6,1,19.0,2.0,2.0,1.0,177.38
54500,0,1.0,Phone,3,15.0,E wallet,Female,3.0,4,Laptop & Accessory,4,Married,3,0,19.0,1.0,2.0,8.0,187.14
54527,1,5.0,Computer,3,11.0,E wallet,Male,3.0,4,Laptop & Accessory,4,Single,3,0,19.0,5.0,8.0,3.0,218.55
54542,0,4.0,Phone,3,9.0,COD,Male,4.0,4,Phone,4,Married,3,0,19.0,2.0,2.0,1.0,149.76
54581,0,3.0,Phone,1,10.0,CC,Male,4.0,5,Fashion,3,Married,3,0,19.0,1.0,2.0,8.0,244.35000000000002
54624,1,1.0,Phone,1,31.0,COD,Male,4.0,6,Phone,1,Single,3,1,19.0,1.0,2.0,1.0,148.4
54641,1,1.0,Computer,3,19.0,Debit Card,Male,4.0,5,Phone,5,Married,3,0,19.0,2.0,2.0,1.0,145.33
54655,0,8.0,Phone,3,21.0,COD,Female,3.0,4,Phone,3,Married,3,1,19.0,2.0,2.0,7.0,150.79
54676,0,9.0,Computer,1,10.0,Debit Card,Male,3.0,5,Phone,3,Married,3,0,19.0,2.0,2.0,1.0,137.81
54680,0,3.0,Computer,1,7.0,Debit Card,Male,4.0,6,Phone,1,Married,3,0,19.0,1.0,3.0,9.0,152.2
54709,0,17.0,Computer,3,22.0,Debit Card,Male,3.0,5,Laptop & Accessory,1,Married,5,0,19.0,2.0,3.0,3.0,193.04
54726,0,1.0,Phone,1,17.0,CC,Male,4.0,2,Phone,3,Single,3,0,19.0,1.0,2.0,3.0,160.05
54731,0,26.0,Computer,1,26.0,CC,Male,3.0,4,Phone,1,Married,2,0,19.0,2.0,2.0,3.0,167.58
54768,1,13.0,Phone,3,18.0,E wallet,Female,3.0,4,Fashion,1,Married,3,0,19.0,1.0,8.0,8.0,201.54
54785,0,27.0,Phone,3,14.0,E wallet,Female,4.0,5,Fashion,1,Married,9,1,19.0,1.0,2.0,5.0,234.33999999999997
54795,0,1.0,Phone,3,10.0,UPI,Male,4.0,4,Laptop & Accessory,5,Married,3,1,19.0,1.0,2.0,4.0,166.94
54810,0,27.0,Phone,1,30.0,Debit Card,Female,4.0,4,Grocery,1,Single,8,0,19.0,1.0,4.0,9.0,267.75
54826,0,21.0,Phone,3,9.0,Debit Card,Female,4.0,5,Phone,1,Single,3,1,19.0,1.0,2.0,3.0,157.94
54829,0,2.0,Phone,1,16.0,CC,Female,4.0,4,Phone,3,Married,7,0,19.0,1.0,3.0,3.0,148.77
54841,0,10.0,Phone,1,14.0,UPI,Male,4.0,4,Phone,1,Single,4,0,19.0,2.0,2.0,2.0,171.78
54844,1,1.0,Phone,3,26.0,E wallet,Male,3.0,5,Phone,4,Married,3,1,19.0,1.0,2.0,1.0,149.13
54866,0,13.0,Phone,3,9.0,Debit Card,Male,3.0,2,Fashion,3,Single,2,0,19.0,1.0,2.0,8.0,203.8
54873,0,7.0,Phone,1,20.0,Debit Card,Female,3.0,4,Phone,1,Single,5,0,19.0,2.0,2.0,3.0,159.52
54882,0,24.0,Phone,1,31.0,Debit Card,Male,4.0,4,Grocery,3,Married,5,1,19.0,1.0,2.0,6.0,264.73
54900,0,1.0,Phone,1,9.0,Debit Card,Female,3.0,4,Laptop & Accessory,1,Married,2,0,19.0,3.0,3.0,3.0,167.27
54903,0,24.0,Phone,1,16.0,Debit Card,Male,4.0,4,Phone,1,Married,6,0,19.0,2.0,2.0,1.0,148.8
54909,1,1.0,Computer,3,36.0,CC,Male,4.0,6,Laptop & Accessory,5,Single,10,0,19.0,2.0,3.0,3.0,174.69
54911,0,18.0,Phone,3,35.0,CC,Female,3.0,2,Grocery,1,Married,5,1,19.0,5.0,2.0,12.0,258.2
54945,0,12.0,Phone,1,24.0,Debit Card,Female,4.0,5,Fashion,3,Married,2,0,19.0,2.0,2.0,3.0,213.23
54948,0,29.0,Computer,1,9.0,Debit Card,Male,4.0,4,Fashion,4,Married,5,0,19.0,1.0,2.0,3.0,234.76
55005,0,4.0,Phone,3,17.0,E wallet,Male,4.0,5,Laptop & Accessory,3,Married,3,0,19.0,1.0,2.0,5.0,190.78
55007,0,9.0,Phone,1,9.0,Debit Card,Male,3.0,5,Fashion,4,Married,4,0,19.0,3.0,7.0,3.0,227.74
55020,0,3.0,Phone,1,22.0,Debit Card,Female,4.0,6,Phone,1,Married,2,1,19.0,2.0,2.0,4.0,146.68
55040,0,31.0,Phone,3,14.0,E wallet,Male,3.0,2,Laptop & Accessory,1,Married,2,1,19.0,1.0,2.0,10.0,177.2
55092,0,4.0,Computer,1,16.0,CC,Female,4.0,4,Laptop & Accessory,3,Single,9,1,19.0,1.0,2.0,8.0,171.95
55095,0,1.0,Phone,1,8.0,CC,Female,3.0,4,Phone,4,Single,3,0,19.0,2.0,3.0,2.0,145.96
55100,1,1.0,Phone,1,14.0,Debit Card,Male,4.0,4,Laptop & Accessory,3,Married,3,0,19.0,1.0,2.0,2.0,173.83
55142,1,1.0,Computer,3,25.0,E wallet,Female,4.0,4,Laptop & Accessory,3,Married,2,1,19.0,1.0,4.0,3.0,171.14
55162,0,11.0,Phone,1,18.0,CC,Female,4.0,4,Phone,3,Single,6,0,19.0,2.0,2.0,3.0,161.29
55191,0,5.0,Phone,3,15.0,Debit Card,Male,3.0,4,Fashion,1,Married,3,0,19.0,3.0,2.0,10.0,232.93
55195,0,19.0,Phone,1,27.0,CC,Male,4.0,6,Fashion,5,Married,4,1,19.0,2.0,2.0,8.0,233.51
55196,0,5.0,Phone,2,15.0,CC,Female,4.0,2,Phone,4,Single,11,0,19.0,2.0,2.0,3.0,146.09
55198,0,19.0,Phone,1,36.0,COD,Male,3.0,4,Fashion,1,Married,6,1,19.0,2.0,2.0,3.0,218.8
55202,0,2.0,Phone,3,12.0,CC,Male,3.0,4,Laptop & Accessory,5,Single,2,0,19.0,1.0,2.0,3.0,209.63
55209,0,8.0,Phone,3,10.0,UPI,Male,3.0,6,Laptop & Accessory,5,Single,5,0,19.0,3.0,4.0,13.0,172.59
55223,0,18.0,Computer,1,9.0,CC,Male,3.0,4,Fashion,3,Single,7,1,19.0,3.0,3.0,3.0,227.09
55240,0,13.0,Phone,1,13.0,Debit Card,Female,3.0,4,Fashion,4,Single,6,0,19.0,3.0,3.0,3.0,208.76
55259,0,14.0,Computer,1,15.0,Debit Card,Male,4.0,4,Laptop & Accessory,1,Married,5,1,19.0,2.0,3.0,3.0,165.69
55265,0,3.0,Phone,1,16.0,Debit Card,Male,4.0,2,Phone,3,Married,8,0,19.0,1.0,2.0,1.0,149.51
55283,0,3.0,Phone,1,10.0,CC,Male,3.0,4,Phone,5,Single,3,1,19.0,1.0,2.0,6.0,172.23
55295,0,9.0,Phone,1,14.0,Debit Card,Male,4.0,5,Phone,1,Married,3,0,19.0,2.0,2.0,2.0,151.9
55313,0,1.0,Phone,1,12.0,CC,Male,4.0,4,Phone,1,Single,3,0,19.0,1.0,3.0,3.0,156.17
55361,0,18.0,Phone,2,8.0,Debit Card,Female,3.0,4,Phone,1,Married,6,1,19.0,3.0,3.0,3.0,156.95
55371,0,7.0,Phone,1,28.0,CC,Male,4.0,2,Phone,4,Married,3,0,19.0,1.0,3.0,14.0,145.28
55442,1,1.0,Phone,3,34.0,Debit Card,Male,3.0,4,Laptop & Accessory,1,Single,3,1,19.0,4.0,8.0,8.0,183.13
55448,0,16.0,Phone,1,20.0,CC,Male,4.0,2,Laptop & Accessory,5,Married,7,0,19.0,2.0,2.0,1.0,180.38
55453,0,13.0,Computer,3,27.0,Debit Card,Male,3.0,4,Laptop & Accessory,1,Married,4,0,19.0,2.0,3.0,3.0,166.27
55522,0,1.0,Computer,1,13.0,UPI,Male,4.0,2,Phone,1,Married,2,0,19.0,3.0,8.0,8.0,150.44
55531,0,21.0,Computer,1,21.0,COD,Male,4.0,4,Laptop & Accessory,4,Married,10,0,19.0,1.0,2.0,8.0,179.67
55546,0,8.0,Phone,3,20.0,CC,Male,3.0,4,Fashion,3,Married,3,0,19.0,1.0,2.0,3.0,211.28
55549,0,6.0,Computer,1,22.0,CC,Female,3.0,4,Laptop & Accessory,1,Married,7,0,19.0,1.0,2.0,3.0,191.67
55582,0,21.0,Computer,1,8.0,CC,Female,4.0,4,Fashion,4,Married,2,0,19.0,1.0,2.0,13.0,244.57
55625,0,1.0,Phone,3,12.0,UPI,Female,2.0,5,Phone,3,Single,2,0,19.0,2.0,2.0,1.0,154.66
50017,1,0.0,Computer,1,12.0,Debit Card,Female,3.0,4,Phone,2,Single,2,1,18.0,1.0,1.0,0.0,129.26
50020,1,19.0,Phone,1,20.0,Debit Card,Female,3.0,3,Phone,4,Divorced,10,1,18.0,1.0,4.0,3.0,149.63
50021,1,0.0,Phone,3,12.0,Debit Card,Male,3.0,5,Laptop & Accessory,3,Divorced,5,1,18.0,6.0,7.0,7.0,161.72
50029,0,18.0,Phone,1,14.0,Debit Card,Male,2.0,3,Laptop & Accessory,4,Married,9,0,18.0,1.0,1.0,15.0,123.47999999999999
50035,0,9.0,Computer,3,8.0,E wallet,Female,3.0,3,Phone,3,Divorced,7,0,18.0,1.0,1.0,2.0,122.31
50037,0,9.0,Computer,1,15.0,CC,Male,2.0,3,Phone,4,Married,7,0,18.0,0.0,2.0,2.0,120.24000000000001
50051,0,29.0,Phone,1,14.0,Debit Card,Female,3.0,3,Phone,5,Married,5,1,18.0,1.0,2.0,2.0,142.57
50065,0,24.0,Phone,1,9.0,CC,Female,3.0,3,Grocery,4,Single,4,0,18.0,0.0,2.0,0.0,237.33999999999997
50075,0,11.0,Phone,1,35.0,COD,Male,2.0,3,Laptop & Accessory,2,Divorced,4,0,18.0,0.0,1.0,7.0,162.61
50091,0,14.0,Phone,3,12.0,Debit Card,Female,3.0,3,Fashion,2,Single,4,1,18.0,0.0,2.0,0.0,235.91000000000003
50113,0,25.0,Computer,3,8.0,Debit Card,Male,3.0,4,Others,3,Single,2,1,18.0,1.0,15.0,12.0,290.68
50117,0,5.0,Computer,3,32.0,E wallet,Male,3.0,3,Laptop & Accessory,2,Divorced,1,0,18.0,1.0,2.0,2.0,144.65
50137,0,11.0,Computer,3,8.0,Debit Card,Male,2.0,4,Laptop & Accessory,2,Divorced,4,0,18.0,6.0,7.0,5.0,152.49
50151,0,10.0,Computer,1,6.0,CC,Female,0.0,3,Fashion,2,Married,3,1,18.0,0.0,2.0,2.0,236.02999999999997
50152,0,2.0,Phone,1,28.0,Debit Card,Female,3.0,2,Fashion,4,Married,8,0,18.0,5.0,6.0,3.0,219.95999999999998
50158,0,2.0,Computer,3,8.0,Debit Card,Male,2.0,3,Laptop & Accessory,2,Single,2,0,18.0,0.0,1.0,9.0,145.54
50174,0,9.0,Computer,1,24.0,Debit Card,Male,2.0,2,Phone,2,Divorced,5,0,18.0,0.0,1.0,0.0,136.88
50175,0,24.0,Phone,1,8.0,CC,Male,2.0,5,Laptop & Accessory,4,Married,6,0,18.0,0.0,1.0,2.0,154.82
50187,0,18.0,Computer,1,13.0,Debit Card,Male,3.0,3,Fashion,5,Married,2,0,18.0,5.0,9.0,11.0,152.1
50188,0,4.0,Phone,1,8.0,Debit Card,Male,3.0,3,Phone,2,Married,1,1,18.0,1.0,2.0,2.0,126.94999999999999
50203,1,2.0,Phone,3,9.0,CC,Female,2.0,3,Laptop & Accessory,3,Divorced,5,1,18.0,1.0,1.0,0.0,152.38
50215,0,0.0,Phone,3,14.0,E wallet,Female,2.0,3,Laptop & Accessory,4,Divorced,2,0,18.0,0.0,1.0,7.0,162.14
50242,1,4.0,Computer,3,10.0,E wallet,Male,2.0,3,Laptop & Accessory,4,Single,2,0,18.0,7.0,7.0,7.0,193.55
50257,0,3.0,Phone,3,14.0,COD,Male,3.0,3,Phone,4,Divorced,2,0,18.0,1.0,1.0,0.0,124.75999999999999
50296,0,2.0,Phone,1,9.0,CC,Male,3.0,4,Fashion,3,Divorced,2,0,18.0,1.0,1.0,3.0,219.35000000000002
50339,1,0.0,Phone,1,14.0,COD,Male,3.0,5,Phone,2,Single,2,1,18.0,1.0,1.0,0.0,123.4
50356,1,9.0,Computer,3,18.0,Debit Card,Male,3.0,4,Phone,5,Divorced,2,0,18.0,1.0,1.0,0.0,120.33000000000001
50370,0,7.0,Phone,3,14.0,COD,Female,2.0,3,Phone,3,Married,2,1,18.0,1.0,1.0,6.0,125.78999999999999
50391,0,9.0,Computer,1,9.0,Debit Card,Male,2.0,4,Phone,3,Divorced,2,0,18.0,1.0,1.0,0.0,112.81
50395,0,2.0,Computer,1,6.0,Debit Card,Male,3.0,5,Phone,2,Married,2,0,18.0,2.0,2.0,8.0,127.19999999999999
50424,0,16.0,Computer,3,21.0,Debit Card,Male,2.0,4,Laptop & Accessory,2,Divorced,4,0,18.0,0.0,2.0,2.0,168.04
50441,0,0.0,Phone,1,16.0,CC,Male,3.0,2,Phone,3,Single,2,0,18.0,1.0,1.0,2.0,135.05
50446,0,25.0,Computer,1,25.0,CC,Male,2.0,3,Phone,2,Divorced,1,0,18.0,1.0,1.0,2.0,142.58
50483,1,12.0,Phone,3,17.0,E wallet,Female,2.0,3,Fashion,2,Divorced,2,0,18.0,0.0,7.0,7.0,176.54
50500,0,26.0,Phone,3,13.0,E wallet,Female,3.0,4,Fashion,2,Divorced,8,1,18.0,0.0,1.0,3.0,209.33999999999997
50510,0,0.0,Phone,3,9.0,UPI,Male,3.0,3,Laptop & Accessory,5,Divorced,2,1,18.0,1.0,1.0,3.0,141.94
50525,0,26.0,Phone,1,29.0,Debit Card,Female,3.0,3,Grocery,2,Single,7,0,18.0,2.0,2.0,8.0,242.75
50541,0,20.0,Phone,3,8.0,Debit Card,Female,3.0,4,Phone,2,Single,2,1,18.0,1.0,1.0,2.0,132.94
50544,0,1.0,Phone,1,14.0,CC,Female,3.0,3,Phone,3,Married,6,0,18.0,2.0,2.0,2.0,123.77000000000001
50556,0,9.0,Phone,1,13.0,UPI,Male,3.0,3,Phone,2,Single,3,0,18.0,0.0,1.0,1.0,146.78
50559,1,0.0,Phone,3,14.0,E wallet,Male,2.0,4,Phone,4,Divorced,2,1,18.0,0.0,1.0,0.0,124.13
50581,0,12.0,Phone,3,8.0,Debit Card,Male,2.0,1,Fashion,3,Single,1,0,18.0,1.0,1.0,7.0,178.8
50588,0,6.0,Phone,1,19.0,Debit Card,Female,2.0,3,Phone,2,Single,4,0,18.0,1.0,1.0,2.0,134.52
50597,0,23.0,Phone,1,30.0,Debit Card,Male,3.0,3,Grocery,3,Divorced,4,1,18.0,0.0,2.0,5.0,239.73000000000002
50615,0,0.0,Phone,1,8.0,Debit Card,Female,2.0,3,Laptop & Accessory,2,Divorced,1,0,18.0,0.0,2.0,2.0,142.27
50618,0,23.0,Phone,1,14.0,Debit Card,Male,3.0,3,Phone,2,Divorced,5,0,18.0,1.0,1.0,0.0,123.80000000000001
50624,1,0.0,Computer,3,35.0,CC,Male,3.0,5,Laptop & Accessory,5,Single,9,0,18.0,0.0,2.0,2.0,149.69
50626,0,17.0,Phone,3,34.0,CC,Female,2.0,1,Grocery,2,Divorced,4,1,18.0,1.0,2.0,11.0,233.2
50660,0,11.0,Phone,1,23.0,Debit Card,Female,3.0,4,Fashion,3,Divorced,1,0,18.0,0.0,1.0,9.0,188.23
50663,0,28.0,Computer,1,8.0,Debit Card,Male,3.0,3,Fashion,4,Divorced,4,0,18.0,1.0,1.0,3.0,209.76
50720,0,3.0,Phone,3,16.0,E wallet,Male,3.0,4,Laptop & Accessory,3,Divorced,2,0,18.0,1.0,1.0,4.0,165.78
50722,0,8.0,Phone,1,8.0,Debit Card,Male,2.0,4,Fashion,4,Married,3,0,18.0,6.0,6.0,4.0,202.74
50734,0,26.0,Phone,1,13.0,CC,Female,2.0,3,Others,3,Married,4,0,18.0,1.0,4.0,7.0,286.06
50735,0,9.0,Phone,1,21.0,Debit Card,Female,3.0,5,Phone,2,Divorced,1,1,18.0,1.0,1.0,3.0,121.68
50755,0,30.0,Phone,3,13.0,E wallet,Male,2.0,1,Laptop & Accessory,2,Married,1,1,18.0,0.0,1.0,9.0,152.2
50807,0,3.0,Computer,1,15.0,CC,Female,3.0,3,Laptop & Accessory,3,Single,8,1,18.0,1.0,1.0,7.0,146.95
50810,0,9.0,Phone,1,6.0,CC,Female,2.0,3,Phone,4,Single,2,0,18.0,1.0,2.0,1.0,120.96000000000001
50815,1,0.0,Phone,1,13.0,Debit Card,Male,3.0,3,Laptop & Accessory,3,Divorced,2,0,18.0,1.0,1.0,1.0,148.83
50857,1,0.0,Computer,3,24.0,E wallet,Female,3.0,3,Laptop & Accessory,3,Divorced,1,1,18.0,3.0,3.0,2.0,146.14
50877,0,10.0,Phone,1,17.0,CC,Female,3.0,3,Phone,3,Single,5,0,18.0,0.0,1.0,2.0,136.29
50906,0,4.0,Phone,3,14.0,Debit Card,Male,2.0,3,Fashion,2,Married,2,0,18.0,2.0,9.0,9.0,207.93
50910,0,18.0,Phone,1,26.0,CC,Male,3.0,5,Fashion,5,Married,3,1,18.0,0.0,1.0,7.0,208.51
50911,0,9.0,Phone,2,14.0,CC,Female,3.0,1,Phone,4,Single,10,0,18.0,0.0,1.0,2.0,121.09
50913,0,18.0,Phone,1,35.0,COD,Male,2.0,3,Fashion,1,Divorced,5,1,18.0,1.0,1.0,2.0,193.8
50917,0,1.0,Phone,3,11.0,CC,Male,2.0,3,Laptop & Accessory,5,Single,1,0,18.0,1.0,1.0,3.0,184.63
50924,0,7.0,Phone,3,9.0,UPI,Male,2.0,5,Laptop & Accessory,5,Single,4,0,18.0,2.0,3.0,12.0,147.59
50938,0,17.0,Computer,1,8.0,CC,Male,2.0,3,Fashion,3,Single,6,1,18.0,0.0,2.0,2.0,202.09
50955,0,12.0,Phone,1,12.0,Debit Card,Female,2.0,3,Fashion,4,Single,5,0,18.0,0.0,2.0,2.0,183.76
50974,0,13.0,Computer,1,14.0,Debit Card,Male,3.0,3,Laptop & Accessory,1,Married,4,1,18.0,2.0,2.0,2.0,140.69
50980,0,2.0,Phone,1,14.0,Debit Card,Male,3.0,1,Phone,3,Married,7,0,18.0,1.0,1.0,0.0,124.50999999999999
50998,0,2.0,Phone,1,9.0,CC,Male,2.0,3,Phone,5,Single,2,1,18.0,0.0,1.0,5.0,147.23
51010,0,8.0,Phone,1,13.0,Debit Card,Male,3.0,4,Phone,1,Married,2,0,18.0,1.0,1.0,1.0,126.9
51028,0,0.0,Phone,1,11.0,CC,Male,3.0,3,Phone,1,Single,2,0,18.0,1.0,2.0,2.0,131.17
51076,0,17.0,Phone,2,6.0,Debit Card,Female,2.0,3,Phone,1,Married,5,1,18.0,2.0,2.0,2.0,131.95
51086,0,9.0,Phone,1,27.0,CC,Male,3.0,1,Phone,4,Married,2,0,18.0,2.0,2.0,13.0,120.28
51157,1,0.0,Phone,3,33.0,Debit Card,Male,2.0,3,Laptop & Accessory,1,Single,2,1,18.0,0.0,7.0,7.0,158.13
51163,0,15.0,Phone,1,19.0,CC,Male,3.0,1,Laptop & Accessory,5,Married,6,0,18.0,1.0,1.0,0.0,155.38
51168,0,12.0,Computer,3,26.0,Debit Card,Male,2.0,3,Laptop & Accessory,1,Married,3,0,18.0,1.0,2.0,2.0,141.27
51237,0,0.0,Computer,1,14.0,UPI,Male,3.0,1,Phone,1,Married,1,0,18.0,2.0,7.0,7.0,125.44
51246,0,20.0,Computer,1,20.0,COD,Male,3.0,3,Laptop & Accessory,4,Married,9,0,18.0,0.0,1.0,7.0,154.67
51261,0,7.0,Phone,3,19.0,CC,Male,2.0,3,Fashion,3,Married,2,0,18.0,1.0,1.0,1.0,186.28
51264,0,5.0,Computer,1,21.0,CC,Female,2.0,3,Laptop & Accessory,1,Married,6,0,18.0,0.0,1.0,2.0,166.67
51297,0,20.0,Computer,1,6.0,CC,Female,3.0,3,Fashion,4,Married,1,0,18.0,0.0,5.0,3.0,219.57
51340,0,0.0,Phone,3,11.0,UPI,Female,3.0,4,Phone,3,Single,1,0,18.0,0.0,1.0,0.0,129.66
51366,0,0.0,Computer,1,17.0,UPI,Female,3.0,1,Laptop & Accessory,3,Married,1,0,18.0,0.0,1.0,3.0,140.11
51405,0,10.0,Phone,1,6.0,Debit Card,Male,2.0,4,Laptop & Accessory,3,Married,2,0,18.0,0.0,1.0,7.0,159.93
51427,0,8.0,Phone,1,6.0,CC,Male,3.0,4,Phone,3,Single,2,0,18.0,1.0,1.0,4.0,128.59
51448,1,0.0,Computer,1,12.0,Debit Card,Female,3.0,4,Phone,1,Single,2,1,18.0,0.0,1.0,0.0,129.26
51468,1,19.0,Phone,1,20.0,Debit Card,Female,3.0,3,Phone,4,Married,10,1,18.0,3.0,4.0,3.0,149.63
51470,1,0.0,Phone,3,12.0,Debit Card,Male,3.0,5,Laptop & Accessory,3,Married,5,1,18.0,0.0,7.0,7.0,161.72
51484,0,0.0,Phone,3,34.0,Debit Card,Male,2.0,4,Laptop & Accessory,3,Married,3,0,18.0,1.0,2.0,2.0,186.39
51499,0,18.0,Phone,1,14.0,Debit Card,Male,2.0,3,Laptop & Accessory,4,Married,9,0,18.0,1.0,1.0,15.0,123.47999999999999
51505,0,9.0,Computer,3,8.0,E wallet,Female,3.0,3,Phone,3,Married,7,0,18.0,0.0,1.0,2.0,122.31
51507,0,9.0,Computer,1,15.0,CC,Male,2.0,3,Phone,4,Married,7,0,18.0,2.0,2.0,2.0,120.24000000000001
51521,0,29.0,Phone,1,14.0,Debit Card,Female,3.0,3,Phone,5,Married,5,1,18.0,2.0,2.0,2.0,142.57
51535,0,24.0,Phone,1,9.0,CC,Female,3.0,3,Grocery,4,Single,4,0,18.0,1.0,2.0,0.0,237.33999999999997
51545,0,11.0,Phone,1,35.0,COD,Male,2.0,3,Laptop & Accessory,1,Married,4,0,18.0,0.0,1.0,7.0,162.61
51561,0,14.0,Phone,3,12.0,Debit Card,Female,3.0,3,Fashion,1,Single,4,1,18.0,0.0,2.0,0.0,235.91000000000003
51583,0,25.0,Computer,3,8.0,Debit Card,Male,3.0,4,Others,3,Single,2,1,18.0,1.0,15.0,12.0,290.68
51587,0,5.0,Computer,3,32.0,E wallet,Male,3.0,3,Laptop & Accessory,1,Married,1,0,18.0,2.0,2.0,2.0,144.65
51607,0,11.0,Computer,3,8.0,Debit Card,Male,2.0,4,Laptop & Accessory,1,Married,4,0,18.0,1.0,7.0,5.0,152.49
51621,0,10.0,Computer,1,6.0,CC,Female,3.0,3,Fashion,1,Married,3,1,18.0,0.0,2.0,2.0,236.02999999999997
51622,0,8.0,Phone,1,28.0,Debit Card,Female,3.0,1,Fashion,4,Married,8,0,18.0,5.0,6.0,3.0,219.95999999999998
51628,0,2.0,Computer,3,8.0,Debit Card,Male,2.0,3,Laptop & Accessory,1,Single,2,0,18.0,0.0,1.0,9.0,145.54
51644,0,9.0,Computer,1,24.0,Debit Card,Male,2.0,1,Phone,1,Married,5,0,18.0,1.0,1.0,0.0,136.88
51645,0,24.0,Phone,1,8.0,CC,Male,2.0,5,Laptop & Accessory,4,Married,6,0,18.0,0.0,1.0,2.0,154.82
51657,0,18.0,Computer,1,13.0,Debit Card,Male,3.0,3,Fashion,5,Married,2,0,18.0,2.0,9.0,11.0,152.1
51658,0,4.0,Phone,1,8.0,Debit Card,Male,3.0,3,Phone,1,Married,1,1,18.0,2.0,2.0,2.0,126.94999999999999
51673,1,2.0,Phone,3,9.0,CC,Female,2.0,3,Laptop & Accessory,3,Married,5,1,18.0,1.0,1.0,0.0,152.38
51685,0,0.0,Phone,3,14.0,E wallet,Female,2.0,3,Laptop & Accessory,4,Married,2,0,18.0,0.0,1.0,7.0,162.14
51712,1,4.0,Computer,3,10.0,E wallet,Male,2.0,3,Laptop & Accessory,4,Single,2,0,18.0,4.0,7.0,7.0,193.55
51727,0,3.0,Phone,3,14.0,COD,Male,3.0,3,Phone,4,Married,2,0,18.0,1.0,1.0,0.0,124.75999999999999
51766,0,2.0,Phone,1,9.0,CC,Male,3.0,4,Fashion,3,Married,2,0,18.0,0.0,1.0,3.0,219.35000000000002
51809,1,0.0,Phone,1,14.0,COD,Male,3.0,5,Phone,1,Single,2,1,18.0,0.0,1.0,0.0,123.4
51826,1,9.0,Computer,3,18.0,Debit Card,Male,3.0,4,Phone,5,Married,2,0,18.0,1.0,1.0,0.0,120.33000000000001
51840,0,7.0,Phone,3,14.0,COD,Female,2.0,3,Phone,3,Married,2,1,18.0,1.0,1.0,6.0,125.78999999999999
51861,0,9.0,Computer,1,9.0,Debit Card,Male,2.0,4,Phone,3,Married,2,0,18.0,1.0,1.0,0.0,112.81
51865,0,2.0,Computer,1,6.0,Debit Card,Male,3.0,5,Phone,1,Married,2,0,18.0,0.0,2.0,8.0,127.19999999999999
51894,0,16.0,Computer,3,21.0,Debit Card,Male,2.0,4,Laptop & Accessory,1,Married,4,0,18.0,1.0,2.0,2.0,168.04
51911,0,0.0,Phone,1,16.0,CC,Male,3.0,1,Phone,3,Single,2,0,18.0,0.0,1.0,2.0,135.05
51916,0,25.0,Computer,1,25.0,CC,Male,2.0,3,Phone,1,Married,1,0,18.0,1.0,1.0,2.0,142.58
51953,1,12.0,Phone,3,17.0,E wallet,Female,2.0,3,Fashion,1,Married,2,0,18.0,0.0,7.0,7.0,176.54
51970,0,26.0,Phone,3,13.0,E wallet,Female,3.0,4,Fashion,1,Married,8,1,18.0,0.0,1.0,3.0,209.33999999999997
51980,0,0.0,Phone,3,9.0,UPI,Male,3.0,3,Laptop & Accessory,5,Married,2,1,18.0,0.0,1.0,3.0,141.94
51995,0,26.0,Phone,1,29.0,Debit Card,Female,3.0,3,Grocery,1,Single,7,0,18.0,3.0,2.0,8.0,242.75
52011,0,20.0,Phone,3,8.0,Debit Card,Female,3.0,4,Phone,1,Single,2,1,18.0,0.0,1.0,2.0,132.94
52014,0,1.0,Phone,1,14.0,CC,Female,3.0,3,Phone,3,Married,6,0,18.0,0.0,2.0,2.0,123.77000000000001
52026,0,9.0,Phone,1,13.0,UPI,Male,3.0,3,Phone,1,Single,3,0,18.0,1.0,1.0,1.0,146.78
52029,1,0.0,Phone,3,14.0,E wallet,Male,2.0,4,Phone,4,Married,2,1,18.0,0.0,1.0,0.0,124.13
52051,0,12.0,Phone,3,8.0,Debit Card,Male,2.0,1,Fashion,3,Single,1,0,18.0,0.0,1.0,7.0,178.8
52058,0,6.0,Phone,1,19.0,Debit Card,Female,2.0,3,Phone,1,Single,4,0,18.0,1.0,1.0,2.0,134.52
52067,0,23.0,Phone,1,30.0,Debit Card,Male,3.0,3,Grocery,3,Married,4,1,18.0,1.0,2.0,5.0,239.73000000000002
52085,0,0.0,Phone,1,8.0,Debit Card,Female,2.0,3,Laptop & Accessory,1,Married,1,0,18.0,2.0,2.0,2.0,142.27
52088,0,23.0,Phone,1,14.0,Debit Card,Male,3.0,3,Phone,1,Married,5,0,18.0,1.0,1.0,0.0,123.80000000000001
52094,1,0.0,Computer,3,35.0,CC,Male,3.0,5,Laptop & Accessory,5,Single,9,0,18.0,1.0,2.0,2.0,149.69
52096,0,17.0,Phone,3,34.0,CC,Female,2.0,1,Grocery,1,Married,4,1,18.0,4.0,2.0,11.0,233.2
52130,0,11.0,Phone,1,23.0,Debit Card,Female,3.0,4,Fashion,3,Married,1,0,18.0,1.0,1.0,9.0,188.23
52133,0,28.0,Computer,1,8.0,Debit Card,Male,3.0,3,Fashion,4,Married,4,0,18.0,0.0,1.0,3.0,209.76
52190,0,3.0,Phone,3,16.0,E wallet,Male,3.0,4,Laptop & Accessory,3,Married,2,0,18.0,0.0,1.0,4.0,165.78
52192,0,8.0,Phone,1,8.0,Debit Card,Male,2.0,4,Fashion,4,Married,3,0,18.0,2.0,6.0,4.0,202.74
52204,0,26.0,Phone,1,13.0,CC,Female,2.0,3,Others,3,Married,4,0,18.0,1.0,4.0,7.0,286.06
52205,0,9.0,Phone,1,21.0,Debit Card,Female,3.0,5,Phone,1,Married,1,1,18.0,1.0,1.0,3.0,121.68
52225,0,30.0,Phone,3,13.0,E wallet,Male,2.0,1,Laptop & Accessory,1,Married,1,1,18.0,0.0,1.0,9.0,152.2
52277,0,3.0,Computer,1,15.0,CC,Female,3.0,3,Laptop & Accessory,3,Single,8,1,18.0,0.0,1.0,7.0,146.95
52280,0,9.0,Phone,1,7.0,CC,Female,2.0,3,Phone,4,Single,2,0,18.0,1.0,2.0,1.0,120.96000000000001
52285,1,0.0,Phone,1,13.0,Debit Card,Male,3.0,3,Laptop & Accessory,3,Married,2,0,18.0,0.0,1.0,1.0,148.83
52327,1,0.0,Computer,3,24.0,E wallet,Female,3.0,3,Laptop & Accessory,3,Married,1,1,18.0,0.0,3.0,2.0,146.14
52347,0,10.0,Phone,1,17.0,CC,Female,3.0,3,Phone,3,Single,5,0,18.0,1.0,1.0,2.0,136.29
52376,0,4.0,Phone,3,14.0,Debit Card,Male,2.0,3,Fashion,1,Married,2,0,18.0,2.0,9.0,9.0,207.93
52380,0,18.0,Phone,1,26.0,CC,Male,3.0,5,Fashion,5,Married,3,1,18.0,1.0,1.0,7.0,208.51
52381,0,9.0,Phone,2,14.0,CC,Female,3.0,1,Phone,4,Single,10,0,18.0,1.0,1.0,2.0,121.09
52383,0,18.0,Phone,1,35.0,COD,Male,2.0,3,Fashion,1,Married,5,1,18.0,1.0,1.0,2.0,193.8
52387,0,1.0,Phone,3,11.0,CC,Male,2.0,3,Laptop & Accessory,5,Single,1,0,18.0,0.0,1.0,3.0,184.63
52394,0,7.0,Phone,3,9.0,UPI,Male,2.0,5,Laptop & Accessory,5,Single,4,0,18.0,2.0,3.0,12.0,147.59
52408,0,17.0,Computer,1,8.0,CC,Male,2.0,3,Fashion,3,Single,6,1,18.0,2.0,2.0,2.0,202.09
52425,0,12.0,Phone,1,12.0,Debit Card,Female,2.0,3,Fashion,4,Single,5,0,18.0,2.0,2.0,2.0,183.76
52444,0,13.0,Computer,1,14.0,Debit Card,Male,3.0,3,Laptop & Accessory,1,Married,4,1,18.0,1.0,2.0,2.0,140.69
52450,0,2.0,Phone,1,14.0,Debit Card,Male,3.0,1,Phone,3,Married,7,0,18.0,0.0,1.0,0.0,124.50999999999999
52468,0,2.0,Phone,1,9.0,CC,Male,2.0,3,Phone,5,Single,2,1,18.0,0.0,1.0,5.0,147.23
52480,0,8.0,Phone,1,13.0,Debit Card,Male,3.0,4,Phone,1,Married,2,0,18.0,1.0,1.0,1.0,126.9
52498,0,0.0,Phone,1,11.0,CC,Male,3.0,3,Phone,1,Single,2,0,18.0,0.0,2.0,2.0,131.17
52546,0,17.0,Phone,2,7.0,Debit Card,Female,2.0,3,Phone,1,Married,5,1,18.0,2.0,2.0,2.0,131.95
52556,0,9.0,Phone,1,27.0,CC,Male,3.0,1,Phone,4,Married,2,0,18.0,0.0,2.0,13.0,120.28
52627,1,0.0,Phone,3,33.0,Debit Card,Male,2.0,3,Laptop & Accessory,1,Single,2,1,18.0,3.0,7.0,7.0,158.13
52633,0,15.0,Phone,1,19.0,CC,Male,3.0,1,Laptop & Accessory,5,Married,6,0,18.0,1.0,1.0,0.0,155.38
52638,0,12.0,Computer,3,26.0,Debit Card,Male,2.0,3,Laptop & Accessory,1,Married,3,0,18.0,1.0,2.0,2.0,141.27
52707,0,0.0,Computer,1,14.0,UPI,Male,3.0,1,Phone,1,Married,1,0,18.0,2.0,7.0,7.0,125.44
52716,0,20.0,Computer,1,20.0,COD,Male,3.0,3,Laptop & Accessory,4,Married,9,0,18.0,0.0,1.0,7.0,154.67
52731,0,7.0,Phone,3,19.0,CC,Male,2.0,3,Fashion,3,Married,2,0,18.0,0.0,1.0,1.0,186.28
52734,0,5.0,Computer,1,21.0,CC,Female,2.0,3,Laptop & Accessory,1,Married,6,0,18.0,0.0,1.0,2.0,166.67
52767,0,20.0,Computer,1,7.0,CC,Female,3.0,3,Fashion,4,Married,1,0,18.0,0.0,5.0,3.0,219.57
52810,0,0.0,Phone,3,11.0,UPI,Female,3.0,4,Phone,3,Single,1,0,18.0,1.0,1.0,0.0,129.66
52829,1,1.0,Phone,1,16.0,CC,Male,4.0,5,Phone,3,Divorced,2,1,18.0,1.0,2.0,1.0,158.88
52847,0,1.0,Phone,1,14.0,CC,Male,3.0,5,Laptop & Accessory,3,Divorced,4,0,18.0,2.0,2.0,1.0,186.32
52879,0,8.0,Computer,1,9.0,Debit Card,Male,3.0,5,Laptop & Accessory,3,Divorced,3,0,18.0,1.0,2.0,3.0,220.47
52893,0,8.0,Computer,1,17.0,CC,Male,3.0,4,Phone,3,Married,3,1,18.0,3.0,3.0,1.0,163.15
52916,0,31.0,Phone,1,10.0,Debit Card,Male,4.0,5,Phone,2,Divorced,5,0,18.0,1.0,2.0,1.0,146.77
52917,0,11.0,Computer,3,11.0,E wallet,Male,3.0,4,Phone,2,Married,6,0,18.0,2.0,6.0,9.0,25.0
52923,0,31.0,Phone,2,13.0,CC,Male,3.0,4,Phone,3,Divorced,10,0,18.0,3.0,3.0,3.0,147.67
52934,0,14.0,Phone,1,31.0,COD,Male,4.0,4,Laptop & Accessory,2,Married,3,0,18.0,3.0,5.0,8.0,158.19
52940,0,19.0,Computer,1,14.0,Debit Card,Male,4.0,3,Laptop & Accessory,3,Divorced,6,0,18.0,1.0,2.0,3.0,189.34
52965,0,1.0,Phone,1,10.0,CC,Male,4.0,5,Phone,3,Single,3,0,18.0,2.0,2.0,1.0,157.3
52995,0,13.0,Phone,1,7.0,CC,Male,3.0,3,Fashion,2,Married,2,0,18.0,4.0,4.0,3.0,221.13
52998,0,12.0,Phone,1,32.0,Debit Card,Female,3.0,5,Fashion,4,Divorced,5,0,18.0,2.0,2.0,2.0,245.61
53028,0,3.0,Phone,1,16.0,UPI,Male,2.0,5,Phone,2,Single,2,0,18.0,3.0,3.0,3.0,164.83
53046,0,1.0,Phone,3,7.0,Debit Card,Male,3.0,4,Laptop & Accessory,3,Divorced,3,0,18.0,3.0,8.0,8.0,177.96
53132,0,16.0,Computer,1,12.0,UPI,Male,4.0,4,Phone,3,Divorced,6,0,18.0,3.0,3.0,1.0,145.93
53150,0,15.0,Computer,1,9.0,UPI,Female,4.0,5,Laptop & Accessory,3,Single,4,1,18.0,1.0,2.0,8.0,193.11
53155,0,11.0,Phone,1,7.0,COD,Female,3.0,4,Fashion,2,Single,6,0,18.0,2.0,2.0,3.0,199.91
53173,1,1.0,Phone,3,20.0,CC,Male,3.0,4,Laptop & Accessory,5,Married,4,0,18.0,1.0,2.0,3.0,167.33
53181,0,12.0,Phone,1,7.0,Debit Card,Female,3.0,4,Phone,5,Single,5,0,18.0,2.0,2.0,1.0,151.19
53213,0,11.0,Phone,1,17.0,Debit Card,Male,4.0,3,Phone,2,Single,5,0,18.0,2.0,2.0,1.0,171.8
53247,0,27.0,Phone,1,13.0,Debit Card,Male,3.0,4,Laptop & Accessory,2,Single,4,0,18.0,2.0,3.0,3.0,149.5
53264,1,1.0,Phone,3,15.0,COD,Male,3.0,5,Laptop & Accessory,5,Single,8,0,18.0,2.0,2.0,3.0,178.26
53274,0,8.0,Phone,3,15.0,Debit Card,Female,4.0,4,Laptop & Accessory,5,Divorced,7,0,18.0,2.0,2.0,3.0,190.0
53289,1,1.0,Phone,1,9.0,CC,Male,3.0,4,Phone,3,Single,8,0,18.0,1.0,3.0,2.0,168.82
53331,0,1.0,Computer,1,11.0,Debit Card,Male,3.0,5,Phone,2,Divorced,2,0,18.0,1.0,4.0,5.0,156.62
53355,0,10.0,Phone,1,21.0,Debit Card,Male,4.0,4,Laptop & Accessory,2,Divorced,2,1,18.0,5.0,5.0,12.0,190.86
53363,0,16.0,Phone,3,21.0,CC,Female,4.0,5,Laptop & Accessory,3,Single,9,0,18.0,1.0,2.0,4.0,187.44
53369,0,22.0,Phone,1,27.0,CC,Male,3.0,4,Phone,3,Divorced,6,0,18.0,1.0,2.0,1.0,147.59
53410,0,21.0,Phone,3,11.0,Debit Card,Female,3.0,4,Laptop & Accessory,2,Single,3,1,18.0,2.0,2.0,8.0,166.63
53413,0,12.0,Computer,1,17.0,CC,Male,4.0,4,Phone,3,Divorced,2,0,18.0,1.0,2.0,3.0,151.84
53423,1,1.0,Computer,1,12.0,CC,Female,3.0,4,Phone,4,Single,2,0,18.0,1.0,2.0,3.0,149.22
53485,0,8.0,Computer,1,10.0,Debit Card,Male,3.0,4,Laptop & Accessory,2,Single,2,0,18.0,2.0,2.0,5.0,202.56
53493,0,7.0,Computer,3,14.0,Debit Card,Female,2.0,4,Laptop & Accessory,4,Divorced,2,0,18.0,2.0,2.0,3.0,168.02
53494,0,8.0,Computer,1,10.0,Debit Card,Male,3.0,5,Phone,2,Divorced,5,0,18.0,2.0,2.0,1.0,154.79
53500,0,2.0,Phone,1,10.0,CC,Female,4.0,4,Fashion,4,Married,2,0,18.0,1.0,2.0,8.0,201.55
53510,0,2.0,Phone,1,9.0,Debit Card,Male,4.0,5,Phone,4,Divorced,2,0,18.0,1.0,2.0,5.0,157.01
53512,0,23.0,Phone,3,15.0,COD,Male,3.0,5,Grocery,4,Divorced,8,0,18.0,2.0,2.0,4.0,256.2
53520,1,1.0,Phone,3,16.0,E wallet,Female,4.0,4,Laptop & Accessory,5,Single,2,1,18.0,1.0,2.0,4.0,207.24
53526,0,9.0,Phone,2,15.0,COD,Male,4.0,4,Phone,3,Single,3,0,18.0,1.0,2.0,5.0,168.23
53528,0,14.0,Computer,1,16.0,CC,Female,3.0,4,Fashion,3,Single,11,0,18.0,1.0,2.0,14.0,259.99
53555,1,5.0,Computer,1,12.0,Debit Card,Male,4.0,5,Phone,5,Married,8,0,18.0,2.0,2.0,1.0,146.07
53567,0,1.0,Phone,3,28.0,E wallet,Male,3.0,2,Phone,2,Single,3,0,18.0,1.0,3.0,3.0,151.78
53578,0,16.0,Computer,1,33.0,CC,Female,3.0,4,Fashion,5,Divorced,5,1,18.0,1.0,2.0,1.0,256.91
53581,0,28.0,Computer,1,7.0,Debit Card,Female,3.0,4,Fashion,3,Married,9,0,18.0,2.0,2.0,3.0,230.02
53588,0,31.0,Phone,3,10.0,Debit Card,Female,3.0,5,Laptop & Accessory,2,Single,7,0,18.0,1.0,2.0,6.0,176.71
53597,0,8.0,Phone,1,27.0,COD,Female,3.0,2,Phone,3,Divorced,2,0,18.0,2.0,2.0,1.0,150.85
53651,0,15.0,Computer,3,7.0,E wallet,Female,4.0,4,Laptop & Accessory,5,Married,2,0,18.0,1.0,2.0,8.0,166.03
53666,1,19.0,Phone,3,20.0,E wallet,Male,3.0,2,Grocery,3,Single,8,1,18.0,1.0,4.0,9.0,261.95
53718,0,8.0,Phone,1,7.0,Debit Card,Female,3.0,5,Phone,4,Divorced,7,0,18.0,2.0,2.0,3.0,157.94
53758,0,21.0,Phone,3,21.0,CC,Female,4.0,4,Laptop & Accessory,3,Divorced,5,1,18.0,2.0,2.0,3.0,170.91
53765,0,7.0,Phone,1,15.0,Debit Card,Male,4.0,4,Laptop & Accessory,3,Single,4,1,18.0,1.0,2.0,1.0,188.88
53780,0,11.0,Phone,1,20.0,CC,Male,3.0,4,Laptop & Accessory,1,Married,3,0,18.0,1.0,4.0,8.0,167.85
53808,0,8.0,Phone,1,7.0,Debit Card,Male,3.0,4,Laptop & Accessory,1,Married,11,0,18.0,2.0,3.0,2.0,179.84
53821,0,9.0,Phone,1,35.0,Debit Card,Male,3.0,2,Laptop & Accessory,3,Married,3,0,18.0,6.0,7.0,9.0,159.07
53827,1,1.0,Phone,1,31.0,CC,Male,3.0,4,Phone,4,Married,3,1,18.0,1.0,2.0,1.0,149.08
53830,0,6.0,Phone,1,12.0,UPI,Female,3.0,2,Phone,1,Married,5,0,18.0,2.0,2.0,3.0,158.12
53849,0,11.0,Phone,1,26.0,Debit Card,Male,3.0,4,Laptop & Accessory,3,Married,5,0,18.0,1.0,2.0,3.0,182.68
53853,1,1.0,Phone,3,17.0,CC,Male,3.0,5,Fashion,5,Married,11,0,18.0,5.0,7.0,3.0,228.06
53860,0,1.0,Phone,1,15.0,CC,Female,3.0,2,Phone,3,Married,9,0,18.0,1.0,2.0,3.0,160.17
53865,0,1.0,Computer,1,9.0,Debit Card,Male,4.0,2,Laptop & Accessory,3,Married,3,0,18.0,1.0,2.0,8.0,177.06
53907,0,17.0,Phone,3,9.0,CC,Male,4.0,4,Laptop & Accessory,1,Married,3,1,18.0,1.0,9.0,9.0,203.47
53910,0,3.0,Phone,1,16.0,CC,Female,3.0,4,Phone,3,Married,11,0,18.0,2.0,2.0,3.0,154.74
53964,1,1.0,Phone,1,15.0,CC,Female,4.0,4,Phone,5,Married,3,1,18.0,1.0,2.0,1.0,148.98
53977,0,14.0,Phone,1,9.0,Debit Card,Female,3.0,4,Phone,5,Married,6,0,18.0,2.0,2.0,3.0,158.77
53981,1,1.0,Computer,1,16.0,Debit Card,Male,4.0,4,Laptop & Accessory,5,Married,6,0,18.0,1.0,2.0,8.0,178.46
53990,0,14.0,Phone,1,7.0,Debit Card,Female,3.0,4,Laptop & Accessory,1,Married,6,0,18.0,1.0,2.0,4.0,190.13
54003,1,1.0,Phone,2,25.0,UPI,Male,3.0,2,Phone,5,Married,2,0,18.0,2.0,2.0,1.0,154.56
54015,0,3.0,Phone,1,36.0,Debit Card,Male,4.0,6,Laptop & Accessory,3,Married,10,0,18.0,2.0,2.0,7.0,188.84
54056,1,1.0,Computer,3,31.0,COD,Male,3.0,2,Phone,5,Single,3,0,18.0,2.0,2.0,1.0,135.91
54090,0,17.0,Phone,1,18.0,Debit Card,Male,2.0,4,Fashion,3,Married,3,0,18.0,2.0,2.0,10.0,200.1
54110,0,16.0,Phone,1,25.0,Debit Card,Male,3.0,4,Laptop & Accessory,5,Married,8,1,18.0,1.0,2.0,3.0,179.1
54156,0,10.0,Computer,1,30.0,CC,Male,3.0,2,Laptop & Accessory,1,Married,6,0,18.0,1.0,2.0,4.0,150.71
54173,0,5.0,Phone,1,33.0,Debit Card,Male,3.0,4,Phone,3,Married,3,0,18.0,4.0,5.0,4.0,154.11
54228,0,19.0,Phone,1,14.0,Debit Card,Male,3.0,4,Fashion,5,Married,4,0,18.0,1.0,2.0,3.0,222.24
54230,1,1.0,Phone,1,16.0,CC,Male,4.0,5,Phone,3,Married,2,1,18.0,2.0,2.0,1.0,158.88
54233,0,5.0,Phone,1,7.0,CC,Male,3.0,4,Phone,4,Single,3,0,18.0,2.0,2.0,1.0,150.01
54234,0,6.0,Phone,1,7.0,Debit Card,Male,4.0,4,Laptop & Accessory,4,Married,3,0,18.0,2.0,2.0,10.0,187.2
54305,0,6.0,Computer,3,16.0,CC,Male,3.0,6,Laptop & Accessory,1,Married,2,0,18.0,1.0,2.0,8.0,171.68
54317,0,25.0,Phone,1,14.0,CC,Male,3.0,5,Laptop & Accessory,3,Married,4,0,18.0,2.0,2.0,1.0,186.32
54349,0,8.0,Computer,1,9.0,Debit Card,Male,3.0,5,Laptop & Accessory,3,Married,3,0,18.0,1.0,2.0,3.0,220.47
54363,0,8.0,Computer,1,17.0,CC,Male,3.0,4,Phone,3,Married,3,1,18.0,3.0,3.0,1.0,163.15
54386,0,31.0,Phone,1,10.0,Debit Card,Male,4.0,5,Phone,1,Married,5,0,18.0,1.0,2.0,1.0,146.77
54387,0,11.0,Computer,3,11.0,E wallet,Male,3.0,4,Phone,1,Married,6,0,18.0,4.0,6.0,9.0,152.93
54393,0,31.0,Phone,2,13.0,CC,Male,3.0,4,Phone,3,Married,10,0,18.0,1.0,3.0,3.0,147.67
54404,0,14.0,Phone,1,31.0,COD,Male,4.0,4,Laptop & Accessory,1,Married,3,0,18.0,3.0,5.0,8.0,158.19
54410,0,19.0,Computer,1,14.0,Debit Card,Male,4.0,2,Laptop & Accessory,3,Married,6,0,18.0,2.0,2.0,3.0,189.34
54435,0,1.0,Phone,1,10.0,CC,Male,4.0,5,Phone,3,Single,3,0,18.0,2.0,2.0,1.0,157.3
54465,0,13.0,Phone,1,7.0,CC,Male,3.0,2,Fashion,1,Married,2,0,18.0,2.0,4.0,3.0,221.13
54468,0,12.0,Phone,1,32.0,Debit Card,Female,3.0,5,Fashion,4,Married,5,0,18.0,1.0,2.0,2.0,245.61
54498,0,3.0,Phone,1,16.0,UPI,Male,2.0,5,Phone,1,Single,2,0,18.0,2.0,3.0,3.0,164.83
54516,0,1.0,Phone,3,7.0,Debit Card,Male,3.0,4,Laptop & Accessory,3,Married,3,0,18.0,1.0,8.0,8.0,177.96
54602,0,16.0,Computer,1,12.0,UPI,Male,4.0,4,Phone,3,Married,6,0,18.0,1.0,3.0,1.0,145.93
54620,0,15.0,Computer,1,9.0,UPI,Female,4.0,5,Laptop & Accessory,3,Single,4,1,18.0,1.0,2.0,8.0,193.11
54625,0,11.0,Phone,1,7.0,COD,Female,3.0,4,Fashion,1,Single,6,0,18.0,2.0,2.0,3.0,199.91
54643,1,1.0,Phone,3,20.0,CC,Male,3.0,4,Laptop & Accessory,5,Married,4,0,18.0,1.0,2.0,3.0,167.33
54651,0,12.0,Phone,1,7.0,Debit Card,Female,3.0,4,Phone,5,Single,5,0,18.0,1.0,2.0,1.0,151.19
54683,0,11.0,Phone,1,17.0,Debit Card,Male,4.0,2,Phone,1,Single,5,0,18.0,2.0,2.0,1.0,171.8
54717,0,27.0,Phone,1,13.0,Debit Card,Male,3.0,4,Laptop & Accessory,1,Single,4,0,18.0,3.0,3.0,3.0,149.5
54734,1,1.0,Phone,3,15.0,COD,Male,3.0,5,Laptop & Accessory,5,Single,8,0,18.0,1.0,2.0,3.0,178.26
54744,0,8.0,Phone,3,15.0,Debit Card,Female,4.0,4,Laptop & Accessory,5,Married,7,0,18.0,2.0,2.0,3.0,190.0
54759,1,1.0,Phone,1,9.0,CC,Male,3.0,4,Phone,3,Single,8,0,18.0,3.0,3.0,2.0,168.82
54801,0,1.0,Computer,1,11.0,Debit Card,Male,3.0,5,Phone,1,Married,2,0,18.0,1.0,4.0,5.0,156.62
54825,0,10.0,Phone,1,21.0,Debit Card,Male,4.0,4,Laptop & Accessory,1,Married,2,1,18.0,3.0,5.0,12.0,190.86
54833,0,16.0,Phone,3,21.0,CC,Female,4.0,5,Laptop & Accessory,3,Single,9,0,18.0,2.0,2.0,4.0,187.44
54839,0,22.0,Phone,1,27.0,CC,Male,3.0,4,Phone,3,Married,6,0,18.0,2.0,2.0,1.0,147.59
54880,0,21.0,Phone,3,11.0,Debit Card,Female,3.0,4,Laptop & Accessory,1,Single,3,1,18.0,2.0,2.0,8.0,166.63
54883,0,12.0,Computer,1,17.0,CC,Male,4.0,4,Phone,3,Married,2,0,18.0,1.0,2.0,3.0,151.84
54893,1,1.0,Computer,1,12.0,CC,Female,3.0,4,Phone,4,Single,2,0,18.0,1.0,2.0,3.0,149.22
54955,0,8.0,Computer,1,10.0,Debit Card,Male,3.0,4,Laptop & Accessory,1,Single,2,0,18.0,2.0,2.0,5.0,202.56
54963,0,7.0,Computer,3,14.0,Debit Card,Female,2.0,4,Laptop & Accessory,4,Married,2,0,18.0,1.0,2.0,3.0,168.02
54964,0,8.0,Computer,1,10.0,Debit Card,Male,3.0,5,Phone,1,Married,5,0,18.0,1.0,2.0,1.0,154.79
54970,0,2.0,Phone,1,10.0,CC,Female,4.0,4,Fashion,4,Married,2,0,18.0,1.0,2.0,8.0,201.55
54980,0,2.0,Phone,1,9.0,Debit Card,Male,4.0,5,Phone,4,Married,2,0,18.0,1.0,2.0,5.0,157.01
54982,0,23.0,Phone,3,15.0,COD,Male,3.0,5,Grocery,4,Married,8,0,18.0,2.0,2.0,4.0,256.2
54990,1,1.0,Phone,3,16.0,E wallet,Female,4.0,4,Laptop & Accessory,5,Single,5,1,18.0,1.0,2.0,4.0,207.24
54996,0,9.0,Phone,2,15.0,COD,Male,4.0,4,Phone,3,Single,3,0,18.0,1.0,2.0,5.0,168.23
54998,0,14.0,Computer,1,16.0,CC,Female,3.0,4,Fashion,3,Single,11,0,18.0,2.0,2.0,14.0,259.99
55025,1,5.0,Computer,1,12.0,Debit Card,Male,4.0,5,Phone,5,Married,8,0,18.0,1.0,2.0,1.0,146.07
55037,0,1.0,Phone,3,28.0,E wallet,Male,3.0,2,Phone,1,Single,3,0,18.0,3.0,3.0,3.0,151.78
55048,0,16.0,Computer,1,33.0,CC,Female,3.0,4,Fashion,5,Married,5,1,18.0,1.0,2.0,1.0,256.91
55051,0,28.0,Computer,1,8.0,Debit Card,Female,3.0,4,Fashion,3,Married,9,0,18.0,1.0,2.0,3.0,230.02
55058,0,31.0,Phone,3,10.0,Debit Card,Female,3.0,5,Laptop & Accessory,1,Single,7,0,18.0,1.0,2.0,6.0,176.71
55067,0,8.0,Phone,1,27.0,COD,Female,3.0,2,Phone,3,Married,2,0,18.0,2.0,2.0,1.0,150.85
55121,0,15.0,Computer,3,8.0,E wallet,Female,4.0,4,Laptop & Accessory,5,Married,2,0,18.0,1.0,2.0,8.0,166.03
55136,1,19.0,Phone,3,20.0,E wallet,Male,3.0,2,Grocery,3,Single,8,1,18.0,1.0,4.0,9.0,261.95
55188,0,8.0,Phone,1,8.0,Debit Card,Female,3.0,5,Phone,4,Married,7,0,18.0,2.0,2.0,3.0,157.94
55228,0,21.0,Phone,3,21.0,CC,Female,4.0,4,Laptop & Accessory,3,Married,5,1,18.0,2.0,2.0,3.0,170.91
55235,0,7.0,Phone,1,15.0,Debit Card,Male,4.0,4,Laptop & Accessory,3,Single,4,1,18.0,2.0,2.0,1.0,188.88
55250,0,11.0,Phone,1,20.0,CC,Male,3.0,4,Laptop & Accessory,1,Married,3,0,18.0,3.0,4.0,8.0,167.85
55278,0,8.0,Phone,1,8.0,Debit Card,Male,3.0,4,Laptop & Accessory,1,Married,11,0,18.0,1.0,3.0,2.0,179.84
55291,0,9.0,Phone,1,35.0,Debit Card,Male,3.0,2,Laptop & Accessory,3,Married,3,0,18.0,7.0,7.0,9.0,159.07
55297,1,1.0,Phone,1,31.0,CC,Male,3.0,4,Phone,4,Married,3,1,18.0,1.0,2.0,1.0,149.08
55300,0,6.0,Phone,1,12.0,UPI,Female,3.0,2,Phone,1,Married,5,0,18.0,2.0,2.0,3.0,158.12
55319,0,11.0,Phone,1,26.0,Debit Card,Male,3.0,4,Laptop & Accessory,3,Married,5,0,18.0,1.0,2.0,3.0,182.68
55323,1,1.0,Phone,3,17.0,CC,Male,3.0,5,Fashion,5,Married,11,0,18.0,1.0,7.0,3.0,228.06
55330,0,1.0,Phone,1,15.0,CC,Female,3.0,2,Phone,3,Married,9,0,18.0,1.0,2.0,3.0,160.17
55335,0,1.0,Computer,1,9.0,Debit Card,Male,4.0,2,Laptop & Accessory,3,Married,3,0,18.0,2.0,2.0,8.0,177.06
55377,0,17.0,Phone,3,9.0,CC,Male,4.0,4,Laptop & Accessory,1,Married,3,1,18.0,4.0,9.0,9.0,203.47
55380,0,3.0,Phone,1,16.0,CC,Female,3.0,4,Phone,3,Married,11,0,18.0,1.0,2.0,3.0,154.74
55434,1,1.0,Phone,1,15.0,CC,Female,4.0,4,Phone,5,Married,3,1,18.0,1.0,2.0,1.0,148.98
55447,0,14.0,Phone,1,9.0,Debit Card,Female,4.0,4,Phone,5,Married,6,0,18.0,2.0,2.0,3.0,158.77
55451,1,1.0,Computer,1,16.0,Debit Card,Male,4.0,4,Laptop & Accessory,5,Married,6,0,18.0,1.0,2.0,8.0,178.46
55460,0,14.0,Phone,1,8.0,Debit Card,Female,3.0,4,Laptop & Accessory,1,Married,6,0,18.0,1.0,2.0,4.0,190.13
55473,1,1.0,Phone,2,25.0,UPI,Male,3.0,2,Phone,5,Married,2,0,18.0,2.0,2.0,1.0,154.56
55485,0,3.0,Phone,1,36.0,Debit Card,Male,4.0,6,Laptop & Accessory,3,Married,10,0,18.0,1.0,2.0,7.0,188.84
55526,1,1.0,Computer,3,31.0,COD,Male,3.0,2,Phone,5,Single,3,0,18.0,1.0,2.0,1.0,135.91
55560,0,17.0,Phone,1,18.0,Debit Card,Male,2.0,4,Fashion,3,Married,3,0,18.0,2.0,2.0,10.0,200.1
55580,0,16.0,Phone,1,25.0,Debit Card,Male,3.0,4,Laptop & Accessory,5,Married,8,1,18.0,2.0,2.0,3.0,179.1
55626,0,10.0,Computer,1,30.0,CC,Male,3.0,2,Laptop & Accessory,1,Married,6,0,18.0,1.0,2.0,4.0,150.71
50014,1,0.0,Phone,1,15.0,CC,Male,3.0,4,Phone,3,Divorced,1,1,17.0,0.0,1.0,0.0,133.88
50032,0,0.0,Phone,1,13.0,CC,Male,2.0,4,Laptop & Accessory,3,Divorced,3,0,17.0,1.0,1.0,0.0,161.32
50064,0,7.0,Computer,1,8.0,Debit Card,Male,2.0,4,Laptop & Accessory,3,Divorced,2,0,17.0,0.0,1.0,9.0,195.47
50078,0,7.0,Computer,1,16.0,CC,Male,2.0,3,Phone,3,Married,2,1,17.0,2.0,2.0,0.0,138.15
50101,0,9.0,Phone,1,9.0,Debit Card,Male,3.0,4,Phone,2,Divorced,4,0,17.0,0.0,1.0,0.0,121.77000000000001
50102,0,10.0,Computer,3,10.0,E wallet,Male,2.0,3,Phone,2,Married,5,0,17.0,1.0,5.0,8.0,0.0
50108,0,9.0,Phone,2,12.0,CC,Male,2.0,3,Phone,3,Divorced,9,0,17.0,2.0,2.0,2.0,122.66999999999999
50119,0,13.0,Phone,1,30.0,COD,Male,3.0,3,Laptop & Accessory,2,Married,2,0,17.0,2.0,4.0,7.0,133.19
50125,0,18.0,Computer,1,13.0,Debit Card,Male,3.0,2,Laptop & Accessory,3,Divorced,5,0,17.0,0.0,1.0,2.0,164.34
50150,0,0.0,Phone,1,9.0,CC,Male,3.0,4,Phone,3,Single,2,0,17.0,1.0,1.0,0.0,132.3
50180,0,12.0,Phone,1,6.0,CC,Male,2.0,2,Fashion,2,Married,1,0,17.0,3.0,3.0,7.0,196.13
50183,0,11.0,Phone,1,31.0,Debit Card,Female,2.0,4,Fashion,4,Divorced,4,0,17.0,1.0,1.0,3.0,220.61
50213,0,2.0,Phone,1,15.0,UPI,Male,1.0,4,Phone,2,Single,1,0,17.0,2.0,2.0,2.0,139.83
50231,0,0.0,Phone,3,6.0,Debit Card,Male,2.0,3,Laptop & Accessory,3,Divorced,2,0,17.0,2.0,7.0,7.0,152.96
50317,0,9.0,Computer,1,11.0,UPI,Male,3.0,3,Phone,3,Divorced,5,0,17.0,2.0,2.0,0.0,120.93
50335,0,14.0,Computer,1,8.0,UPI,Female,3.0,4,Laptop & Accessory,3,Single,3,1,17.0,0.0,1.0,7.0,168.11
50340,0,10.0,Phone,1,6.0,COD,Female,2.0,3,Fashion,2,Single,5,0,17.0,1.0,1.0,2.0,174.91
50358,1,0.0,Phone,3,19.0,CC,Male,2.0,3,Laptop & Accessory,5,Married,3,0,17.0,0.0,1.0,2.0,142.33
50366,0,11.0,Phone,1,14.0,Debit Card,Female,2.0,3,Phone,5,Single,4,0,17.0,1.0,1.0,0.0,126.19
50398,0,10.0,Phone,1,16.0,Debit Card,Male,3.0,2,Phone,2,Single,4,0,17.0,1.0,1.0,0.0,146.8
50432,0,26.0,Phone,1,14.0,Debit Card,Male,2.0,3,Laptop & Accessory,2,Single,3,0,17.0,1.0,2.0,2.0,124.5
50449,1,0.0,Phone,3,14.0,COD,Male,2.0,4,Laptop & Accessory,5,Single,7,0,17.0,1.0,1.0,2.0,153.26
50459,0,7.0,Phone,3,14.0,Debit Card,Female,3.0,3,Laptop & Accessory,5,Divorced,6,0,17.0,1.0,1.0,2.0,165.0
50474,1,0.0,Phone,1,8.0,CC,Male,2.0,3,Phone,3,Single,7,0,17.0,0.0,2.0,1.0,143.82
50516,0,0.0,Computer,1,10.0,Debit Card,Male,3.0,4,Phone,2,Divorced,1,0,17.0,0.0,3.0,4.0,131.62
50540,0,9.0,Phone,1,20.0,Debit Card,Male,3.0,3,Laptop & Accessory,2,Divorced,1,1,17.0,4.0,4.0,11.0,165.86
50548,0,15.0,Phone,3,20.0,CC,Female,3.0,4,Laptop & Accessory,3,Single,8,0,17.0,0.0,1.0,3.0,162.44
50554,0,9.0,Phone,1,26.0,CC,Male,2.0,3,Phone,3,Divorced,5,0,17.0,0.0,1.0,0.0,122.59
50595,0,20.0,Phone,3,10.0,Debit Card,Female,2.0,3,Laptop & Accessory,2,Single,2,1,17.0,1.0,1.0,7.0,141.63
50598,0,11.0,Computer,1,16.0,CC,Male,3.0,3,Phone,3,Divorced,1,0,17.0,0.0,1.0,2.0,126.84
50608,1,0.0,Computer,1,14.0,CC,Female,2.0,3,Phone,4,Single,1,0,17.0,0.0,1.0,2.0,124.22
50670,0,7.0,Computer,1,9.0,Debit Card,Male,2.0,3,Laptop & Accessory,2,Single,1,0,17.0,1.0,1.0,4.0,177.56
50675,0,15.0,Phone,1,8.0,CC,Male,2.0,3,Grocery,5,Divorced,1,0,17.0,1.0,13.0,7.0,276.65
50678,0,6.0,Computer,3,13.0,Debit Card,Female,1.0,3,Laptop & Accessory,4,Divorced,1,0,17.0,1.0,1.0,2.0,143.02
50679,0,7.0,Computer,1,9.0,Debit Card,Male,3.0,4,Phone,2,Divorced,4,0,17.0,1.0,1.0,0.0,129.79
50685,0,1.0,Phone,1,9.0,CC,Female,3.0,3,Fashion,4,Married,1,0,17.0,0.0,1.0,7.0,176.55
50695,0,1.0,Phone,1,8.0,Debit Card,Male,3.0,4,Phone,4,Divorced,1,0,17.0,0.0,1.0,4.0,132.01
50697,0,22.0,Phone,3,14.0,COD,Male,2.0,4,Grocery,4,Divorced,7,0,17.0,1.0,2.0,3.0,231.2
50705,1,0.0,Phone,3,15.0,E wallet,Female,3.0,3,Laptop & Accessory,5,Single,1,1,17.0,0.0,1.0,3.0,182.24
50711,0,8.0,Phone,2,14.0,COD,Male,3.0,3,Phone,3,Single,2,0,17.0,0.0,1.0,4.0,143.23
50713,0,13.0,Computer,1,15.0,CC,Female,2.0,3,Fashion,3,Single,10,0,17.0,0.0,2.0,13.0,234.99
50740,1,9.0,Computer,1,11.0,Debit Card,Male,3.0,4,Phone,5,Married,7,0,17.0,1.0,1.0,0.0,121.07
50752,0,0.0,Phone,3,27.0,E wallet,Male,3.0,1,Phone,2,Single,2,0,17.0,0.0,2.0,2.0,126.78
50763,0,15.0,Computer,1,32.0,CC,Female,2.0,3,Fashion,5,Divorced,4,1,17.0,0.0,2.0,0.0,231.91000000000003
50766,0,27.0,Computer,1,6.0,Debit Card,Female,2.0,3,Fashion,3,Married,8,0,17.0,1.0,1.0,4.0,205.02
50773,0,30.0,Phone,3,9.0,Debit Card,Female,2.0,4,Laptop & Accessory,2,Single,6,0,17.0,0.0,1.0,5.0,151.71
50782,0,7.0,Phone,1,14.0,COD,Female,2.0,1,Phone,3,Divorced,1,0,17.0,1.0,1.0,0.0,125.85
50836,0,14.0,Computer,3,6.0,E wallet,Female,3.0,3,Laptop & Accessory,5,Married,1,0,17.0,0.0,1.0,7.0,141.03
50851,1,18.0,Phone,3,19.0,E wallet,Male,2.0,1,Grocery,3,Single,7,1,17.0,2.0,2.0,8.0,236.95
50903,0,7.0,Phone,1,6.0,Debit Card,Female,2.0,4,Phone,4,Divorced,6,0,17.0,1.0,1.0,2.0,132.94
50943,0,20.0,Phone,3,20.0,CC,Female,3.0,3,Laptop & Accessory,3,Divorced,4,1,17.0,1.0,1.0,2.0,145.91
50950,0,6.0,Phone,1,14.0,Debit Card,Male,3.0,3,Laptop & Accessory,3,Single,3,1,17.0,0.0,1.0,0.0,163.88
50965,0,10.0,Phone,1,19.0,CC,Male,2.0,3,Laptop & Accessory,1,Married,2,0,17.0,0.0,3.0,7.0,142.85
50993,0,7.0,Phone,1,6.0,Debit Card,Male,2.0,3,Laptop & Accessory,1,Married,10,0,17.0,1.0,2.0,1.0,154.84
51006,0,8.0,Phone,1,34.0,Debit Card,Male,2.0,1,Laptop & Accessory,3,Married,2,0,17.0,5.0,6.0,8.0,134.07
51012,1,0.0,Phone,1,14.0,CC,Male,2.0,3,Phone,4,Married,2,1,17.0,0.0,1.0,0.0,124.08000000000001
51015,0,5.0,Phone,1,11.0,UPI,Female,2.0,1,Phone,1,Married,4,0,17.0,1.0,1.0,2.0,133.12
51034,0,10.0,Phone,1,25.0,Debit Card,Male,2.0,3,Laptop & Accessory,3,Married,4,0,17.0,0.0,1.0,2.0,157.68
51038,1,0.0,Phone,3,16.0,CC,Male,2.0,4,Fashion,5,Married,10,0,17.0,4.0,6.0,0.0,203.06
51045,0,0.0,Phone,1,14.0,CC,Female,2.0,1,Phone,3,Married,8,0,17.0,0.0,1.0,2.0,135.17
51050,0,0.0,Computer,1,8.0,Debit Card,Male,3.0,1,Laptop & Accessory,3,Married,2,0,17.0,0.0,1.0,7.0,152.06
51092,0,16.0,Phone,3,8.0,CC,Male,3.0,3,Laptop & Accessory,1,Married,2,1,17.0,0.0,8.0,8.0,178.47
51095,0,2.0,Phone,1,15.0,CC,Female,3.0,3,Phone,3,Married,10,0,17.0,1.0,1.0,2.0,129.74
51149,1,0.0,Phone,1,14.0,CC,Female,3.0,3,Phone,5,Married,2,1,17.0,0.0,1.0,0.0,123.97999999999999
51162,0,13.0,Phone,1,8.0,Debit Card,Female,2.0,3,Phone,5,Married,5,0,17.0,1.0,1.0,2.0,133.77
51166,1,0.0,Computer,1,15.0,Debit Card,Male,3.0,3,Laptop & Accessory,5,Married,5,0,17.0,0.0,1.0,7.0,153.46
51175,0,13.0,Phone,1,6.0,Debit Card,Female,2.0,3,Laptop & Accessory,1,Married,5,0,17.0,0.0,1.0,3.0,165.13
51188,1,0.0,Phone,2,24.0,UPI,Male,3.0,1,Phone,5,Married,1,0,17.0,1.0,1.0,0.0,129.56
51200,0,2.0,Phone,1,35.0,Debit Card,Male,3.0,5,Laptop & Accessory,3,Married,9,0,17.0,1.0,1.0,6.0,163.84
51241,1,0.0,Computer,3,30.0,COD,Male,2.0,1,Phone,5,Single,2,0,17.0,1.0,1.0,0.0,110.91
51275,0,16.0,Phone,1,17.0,Debit Card,Male,1.0,3,Fashion,3,Married,2,0,17.0,1.0,1.0,9.0,175.1
51295,0,15.0,Phone,1,24.0,Debit Card,Male,2.0,3,Laptop & Accessory,5,Married,7,1,17.0,0.0,1.0,2.0,154.1
51341,0,9.0,Computer,1,14.0,CC,Male,2.0,1,Laptop & Accessory,1,Married,5,0,17.0,0.0,1.0,3.0,125.71000000000001
51358,0,4.0,Phone,1,32.0,Debit Card,Male,3.0,3,Phone,3,Married,2,0,17.0,3.0,4.0,3.0,129.11
51413,0,18.0,Phone,1,13.0,Debit Card,Male,2.0,3,Fashion,5,Married,3,0,17.0,0.0,1.0,0.0,197.24
51415,1,0.0,Phone,1,15.0,CC,Male,3.0,4,Phone,3,Married,1,1,17.0,1.0,1.0,0.0,133.88
51418,0,4.0,Phone,1,14.0,CC,Male,2.0,3,Phone,4,Single,2,0,17.0,1.0,1.0,0.0,125.00999999999999
51419,0,5.0,Phone,1,6.0,Debit Card,Male,3.0,3,Laptop & Accessory,4,Married,2,0,17.0,1.0,1.0,9.0,162.2
51490,0,5.0,Computer,3,15.0,CC,Male,2.0,5,Laptop & Accessory,1,Married,1,0,17.0,0.0,1.0,7.0,146.68
51502,0,24.0,Phone,1,13.0,CC,Male,2.0,4,Laptop & Accessory,3,Married,3,0,17.0,1.0,1.0,0.0,161.32
51534,0,7.0,Computer,1,8.0,Debit Card,Male,2.0,4,Laptop & Accessory,3,Married,2,0,17.0,0.0,1.0,9.0,195.47
51548,0,7.0,Computer,1,16.0,CC,Male,2.0,3,Phone,3,Married,2,1,17.0,2.0,2.0,0.0,138.15
51571,0,9.0,Phone,1,9.0,Debit Card,Male,3.0,4,Phone,1,Married,4,0,17.0,0.0,1.0,0.0,121.77000000000001
51572,0,10.0,Computer,3,10.0,E wallet,Male,3.0,3,Phone,1,Married,5,0,17.0,3.0,5.0,8.0,127.93
51578,0,9.0,Phone,2,12.0,CC,Male,2.0,3,Phone,3,Married,9,0,17.0,0.0,2.0,2.0,122.66999999999999
51589,0,13.0,Phone,1,30.0,COD,Male,3.0,3,Laptop & Accessory,1,Married,2,0,17.0,2.0,4.0,7.0,133.19
51595,0,18.0,Computer,1,13.0,Debit Card,Male,3.0,1,Laptop & Accessory,3,Married,5,0,17.0,1.0,1.0,2.0,164.34
51620,0,0.0,Phone,1,9.0,CC,Male,3.0,4,Phone,3,Single,2,0,17.0,1.0,1.0,0.0,132.3
51650,0,12.0,Phone,1,6.0,CC,Male,2.0,1,Fashion,1,Married,1,0,17.0,1.0,3.0,7.0,196.13
51653,0,11.0,Phone,1,31.0,Debit Card,Female,2.0,4,Fashion,4,Married,4,0,17.0,0.0,1.0,3.0,220.61
51683,0,2.0,Phone,1,15.0,UPI,Male,1.0,4,Phone,1,Single,1,0,17.0,1.0,2.0,2.0,139.83
51701,0,0.0,Phone,3,6.0,Debit Card,Male,2.0,3,Laptop & Accessory,3,Married,2,0,17.0,0.0,7.0,7.0,152.96
51787,0,9.0,Computer,1,11.0,UPI,Male,3.0,3,Phone,3,Married,5,0,17.0,0.0,2.0,0.0,120.93
51805,0,14.0,Computer,1,8.0,UPI,Female,3.0,4,Laptop & Accessory,3,Single,3,1,17.0,0.0,1.0,7.0,168.11
51810,0,10.0,Phone,1,6.0,COD,Female,2.0,3,Fashion,1,Single,5,0,17.0,1.0,1.0,2.0,174.91
51828,1,0.0,Phone,3,19.0,CC,Male,2.0,3,Laptop & Accessory,5,Married,3,0,17.0,0.0,1.0,2.0,142.33
51836,0,11.0,Phone,1,14.0,Debit Card,Female,2.0,3,Phone,5,Single,4,0,17.0,0.0,1.0,0.0,126.19
51868,0,10.0,Phone,1,16.0,Debit Card,Male,3.0,1,Phone,1,Single,4,0,17.0,1.0,1.0,0.0,146.8
51902,0,26.0,Phone,1,14.0,Debit Card,Male,2.0,3,Laptop & Accessory,1,Single,3,0,17.0,2.0,2.0,2.0,124.5
51919,1,0.0,Phone,3,14.0,COD,Male,2.0,4,Laptop & Accessory,5,Single,7,0,17.0,0.0,1.0,2.0,153.26
51929,0,7.0,Phone,3,14.0,Debit Card,Female,3.0,3,Laptop & Accessory,5,Married,6,0,17.0,1.0,1.0,2.0,165.0
51944,1,0.0,Phone,1,8.0,CC,Male,2.0,3,Phone,3,Single,7,0,17.0,2.0,2.0,1.0,143.82
51986,0,0.0,Computer,1,10.0,Debit Card,Male,2.0,4,Phone,1,Married,1,0,17.0,0.0,3.0,4.0,131.62
52010,0,9.0,Phone,1,20.0,Debit Card,Male,3.0,3,Laptop & Accessory,1,Married,1,1,17.0,2.0,4.0,11.0,165.86
52018,0,15.0,Phone,3,20.0,CC,Female,3.0,4,Laptop & Accessory,3,Single,8,0,17.0,1.0,1.0,3.0,162.44
52024,0,9.0,Phone,1,26.0,CC,Male,2.0,3,Phone,3,Married,5,0,17.0,1.0,1.0,0.0,122.59
52065,0,20.0,Phone,3,10.0,Debit Card,Female,2.0,3,Laptop & Accessory,1,Single,2,1,17.0,1.0,1.0,7.0,141.63
52068,0,11.0,Computer,1,16.0,CC,Male,3.0,3,Phone,3,Married,1,0,17.0,0.0,1.0,2.0,126.84
52078,1,0.0,Computer,1,14.0,CC,Female,2.0,3,Phone,4,Single,1,0,17.0,0.0,1.0,2.0,124.22
52140,0,7.0,Computer,1,9.0,Debit Card,Male,2.0,3,Laptop & Accessory,1,Single,1,0,17.0,1.0,1.0,4.0,177.56
52145,0,15.0,Phone,1,8.0,CC,Male,2.0,3,Grocery,5,Married,1,0,17.0,1.0,13.0,7.0,276.65
52148,0,6.0,Computer,3,13.0,Debit Card,Female,1.0,3,Laptop & Accessory,4,Married,1,0,17.0,0.0,1.0,2.0,143.02
52149,0,7.0,Computer,1,9.0,Debit Card,Male,3.0,4,Phone,1,Married,4,0,17.0,0.0,1.0,0.0,129.79
52155,0,1.0,Phone,1,9.0,CC,Female,3.0,3,Fashion,4,Married,1,0,17.0,0.0,1.0,7.0,176.55
52165,0,1.0,Phone,1,8.0,Debit Card,Male,3.0,4,Phone,4,Married,1,0,17.0,0.0,1.0,4.0,132.01
52167,0,22.0,Phone,3,14.0,COD,Male,2.0,4,Grocery,4,Married,7,0,17.0,1.0,2.0,3.0,231.2
52175,1,0.0,Phone,3,15.0,E wallet,Female,3.0,3,Laptop & Accessory,5,Single,4,1,17.0,0.0,1.0,3.0,182.24
52181,0,8.0,Phone,2,14.0,COD,Male,3.0,3,Phone,3,Single,2,0,17.0,0.0,1.0,4.0,143.23
52183,0,13.0,Computer,1,15.0,CC,Female,2.0,3,Fashion,3,Single,10,0,17.0,1.0,2.0,13.0,234.99
52210,1,9.0,Computer,1,11.0,Debit Card,Male,3.0,4,Phone,5,Married,7,0,17.0,0.0,1.0,0.0,121.07
52222,0,0.0,Phone,3,27.0,E wallet,Male,3.0,1,Phone,1,Single,2,0,17.0,2.0,2.0,2.0,126.78
52233,0,15.0,Computer,1,32.0,CC,Female,2.0,3,Fashion,5,Married,4,1,17.0,0.0,2.0,0.0,231.91000000000003
52236,0,27.0,Computer,1,7.0,Debit Card,Female,2.0,3,Fashion,3,Married,8,0,17.0,0.0,1.0,4.0,205.02
52243,0,30.0,Phone,3,9.0,Debit Card,Female,2.0,4,Laptop & Accessory,1,Single,6,0,17.0,0.0,1.0,5.0,151.71
52252,0,7.0,Phone,1,14.0,COD,Female,2.0,1,Phone,3,Married,1,0,17.0,1.0,1.0,0.0,125.85
52306,0,14.0,Computer,3,7.0,E wallet,Female,3.0,3,Laptop & Accessory,5,Married,1,0,17.0,0.0,1.0,7.0,141.03
52321,1,18.0,Phone,3,19.0,E wallet,Male,2.0,1,Grocery,3,Single,7,1,17.0,1.0,2.0,8.0,236.95
52373,0,7.0,Phone,1,7.0,Debit Card,Female,2.0,4,Phone,4,Married,6,0,17.0,1.0,1.0,2.0,132.94
52413,0,20.0,Phone,3,20.0,CC,Female,3.0,3,Laptop & Accessory,3,Married,4,1,17.0,1.0,1.0,2.0,145.91
52420,0,6.0,Phone,1,14.0,Debit Card,Male,3.0,3,Laptop & Accessory,3,Single,3,1,17.0,1.0,1.0,0.0,163.88
52435,0,10.0,Phone,1,19.0,CC,Male,2.0,3,Laptop & Accessory,1,Married,2,0,17.0,2.0,3.0,7.0,142.85
52463,0,7.0,Phone,1,7.0,Debit Card,Male,2.0,3,Laptop & Accessory,1,Married,10,0,17.0,0.0,2.0,1.0,154.84
52476,0,8.0,Phone,1,34.0,Debit Card,Male,2.0,1,Laptop & Accessory,3,Married,2,0,17.0,6.0,6.0,8.0,134.07
52482,1,0.0,Phone,1,14.0,CC,Male,2.0,3,Phone,4,Married,2,1,17.0,0.0,1.0,0.0,124.08000000000001
52485,0,5.0,Phone,1,11.0,UPI,Female,2.0,1,Phone,1,Married,4,0,17.0,1.0,1.0,2.0,133.12
52504,0,10.0,Phone,1,25.0,Debit Card,Male,2.0,3,Laptop & Accessory,3,Married,4,0,17.0,0.0,1.0,2.0,157.68
52508,1,0.0,Phone,3,16.0,CC,Male,2.0,4,Fashion,5,Married,10,0,17.0,0.0,6.0,0.0,203.06
52515,0,0.0,Phone,1,14.0,CC,Female,2.0,1,Phone,3,Married,8,0,17.0,0.0,1.0,2.0,135.17
52520,0,0.0,Computer,1,8.0,Debit Card,Male,3.0,1,Laptop & Accessory,3,Married,2,0,17.0,1.0,1.0,7.0,152.06
52562,0,16.0,Phone,3,8.0,CC,Male,3.0,3,Laptop & Accessory,1,Married,2,1,17.0,3.0,8.0,8.0,178.47
52565,0,2.0,Phone,1,15.0,CC,Female,3.0,3,Phone,3,Married,10,0,17.0,0.0,1.0,2.0,129.74
52619,1,0.0,Phone,1,14.0,CC,Female,3.0,3,Phone,5,Married,2,1,17.0,0.0,1.0,0.0,123.97999999999999
52632,0,13.0,Phone,1,8.0,Debit Card,Female,3.0,3,Phone,5,Married,5,0,17.0,1.0,1.0,2.0,133.77
52636,1,0.0,Computer,1,15.0,Debit Card,Male,3.0,3,Laptop & Accessory,5,Married,5,0,17.0,0.0,1.0,7.0,153.46
52645,0,13.0,Phone,1,7.0,Debit Card,Female,2.0,3,Laptop & Accessory,1,Married,5,0,17.0,0.0,1.0,3.0,165.13
52658,1,0.0,Phone,2,24.0,UPI,Male,3.0,1,Phone,5,Married,1,0,17.0,1.0,1.0,0.0,129.56
52670,0,2.0,Phone,1,35.0,Debit Card,Male,3.0,5,Laptop & Accessory,3,Married,9,0,17.0,0.0,1.0,6.0,163.84
52711,1,0.0,Computer,3,30.0,COD,Male,2.0,1,Phone,5,Single,2,0,17.0,0.0,1.0,0.0,110.91
52745,0,16.0,Phone,1,17.0,Debit Card,Male,1.0,3,Fashion,3,Married,2,0,17.0,1.0,1.0,9.0,175.1
52765,0,15.0,Phone,1,24.0,Debit Card,Male,2.0,3,Laptop & Accessory,5,Married,7,1,17.0,1.0,1.0,2.0,154.1
52811,0,9.0,Computer,1,14.0,CC,Male,2.0,1,Laptop & Accessory,1,Married,5,0,17.0,0.0,1.0,3.0,125.71000000000001
52823,1,1.0,Phone,1,7.0,CC,Male,4.0,4,Phone,2,Divorced,4,1,17.0,3.0,3.0,1.0,147.93
52830,1,10.0,Phone,3,16.0,CC,Male,4.0,5,Fashion,2,Single,3,0,17.0,1.0,5.0,3.0,221.19
52854,0,31.0,Phone,1,31.0,Debit Card,Male,3.0,3,Fashion,2,Married,5,1,17.0,2.0,2.0,3.0,219.39
52861,0,1.0,Phone,1,24.0,COD,Male,3.0,4,Phone,4,Divorced,2,1,17.0,2.0,2.0,2.0,155.58
52882,0,1.0,Phone,1,16.0,CC,Female,3.0,4,Phone,4,Single,3,0,17.0,2.0,2.0,4.0,147.79
52888,0,16.0,Computer,1,28.0,CC,Female,3.0,4,Laptop & Accessory,3,Married,4,0,17.0,1.0,2.0,3.0,177.65
52897,0,1.0,Phone,1,12.0,Debit Card,Male,3.0,3,Phone,4,Married,3,1,17.0,1.0,3.0,3.0,148.28
52900,0,20.0,Phone,1,7.0,CC,Male,4.0,4,Fashion,5,Married,9,0,17.0,1.0,2.0,3.0,218.96
52904,0,25.0,Phone,1,15.0,Debit Card,Male,3.0,5,Fashion,4,Divorced,7,0,17.0,2.0,2.0,8.0,249.89999999999998
52911,0,10.0,Phone,1,12.0,Debit Card,Male,4.0,4,Laptop & Accessory,4,Single,10,0,17.0,1.0,4.0,8.0,184.14
52933,0,15.0,Phone,1,26.0,Debit Card,Male,3.0,4,Laptop & Accessory,5,Married,4,0,17.0,2.0,2.0,1.0,155.72
53013,0,6.0,Phone,1,9.0,CC,Female,4.0,3,Laptop & Accessory,2,Single,9,0,17.0,2.0,2.0,8.0,175.55
53024,0,17.0,Phone,1,14.0,Debit Card,Female,3.0,4,Fashion,5,Divorced,10,0,17.0,2.0,2.0,3.0,224.85
53031,0,11.0,Phone,1,12.0,CC,Male,4.0,4,Laptop & Accessory,2,Married,9,0,17.0,1.0,2.0,5.0,188.47
53060,0,5.0,Phone,1,16.0,Debit Card,Male,3.0,5,Phone,4,Single,2,1,17.0,2.0,3.0,3.0,151.57
53062,0,3.0,Phone,1,30.0,Debit Card,Male,3.0,4,Phone,2,Single,11,0,17.0,2.0,2.0,3.0,147.01
53065,0,2.0,Phone,3,16.0,Debit Card,Male,4.0,4,Laptop & Accessory,2,Single,3,0,17.0,2.0,2.0,8.0,177.53
53079,0,16.0,Phone,1,7.0,Debit Card,Female,4.0,4,Phone,5,Married,5,0,17.0,2.0,2.0,3.0,150.76
53094,0,15.0,Phone,3,7.0,E wallet,Male,3.0,3,Fashion,5,Divorced,3,0,17.0,2.0,2.0,8.0,208.92
53105,1,1.0,Phone,3,7.0,COD,Female,4.0,4,Phone,4,Single,3,1,17.0,2.0,2.0,5.0,157.02
53106,1,1.0,Computer,3,13.0,E wallet,Female,3.0,6,Phone,3,Married,2,0,17.0,2.0,2.0,1.0,148.51
53112,1,1.0,Phone,1,32.0,COD,Female,4.0,5,Phone,4,Divorced,7,0,17.0,1.0,2.0,2.0,150.46
53134,1,1.0,Computer,1,11.0,COD,Male,3.0,5,Phone,3,Single,7,0,17.0,2.0,2.0,3.0,163.94
53152,0,9.0,Phone,3,7.0,CC,Female,4.0,4,Laptop & Accessory,3,Single,3,0,17.0,1.0,2.0,4.0,173.59
53157,0,15.0,Phone,3,9.0,Debit Card,Female,4.0,4,Grocery,5,Divorced,9,0,17.0,1.0,12.0,9.0,290.95
53170,1,1.0,Computer,1,14.0,Debit Card,Female,3.0,4,Phone,3,Divorced,3,1,17.0,1.0,2.0,3.0,153.86
53207,0,1.0,Phone,1,11.0,CC,Male,3.0,3,Phone,5,Divorced,4,0,17.0,1.0,2.0,3.0,153.19
53265,0,8.0,Phone,1,7.0,Debit Card,Female,4.0,2,Phone,2,Single,4,0,17.0,1.0,2.0,4.0,157.8
53271,0,9.0,Phone,3,15.0,Debit Card,Female,4.0,4,Phone,2,Divorced,3,0,17.0,1.0,2.0,3.0,150.72
53297,0,8.0,Computer,1,23.0,Debit Card,Female,4.0,5,Phone,2,Single,3,0,17.0,2.0,2.0,4.0,150.53
53299,1,19.0,Phone,3,9.0,CC,Male,3.0,4,Laptop & Accessory,2,Single,6,0,17.0,1.0,8.0,4.0,176.6
53301,0,1.0,Phone,1,12.0,COD,Male,3.0,5,Fashion,2,Married,3,1,17.0,1.0,2.0,9.0,253.07999999999998
53330,0,23.0,Phone,1,7.0,COD,Female,3.0,4,Phone,5,Divorced,4,0,17.0,2.0,2.0,3.0,160.8
53338,0,9.0,Phone,1,32.0,COD,Male,4.0,5,Fashion,4,Divorced,5,0,17.0,4.0,2.0,9.0,234.02999999999997
53389,0,9.0,Phone,3,25.0,CC,Female,3.0,4,Laptop & Accessory,3,Divorced,3,0,17.0,2.0,2.0,1.0,171.01
53397,1,4.0,Computer,3,31.0,Debit Card,Female,4.0,2,Grocery,4,Single,6,1,17.0,2.0,2.0,1.0,256.94
53429,0,13.0,Phone,1,7.0,Debit Card,Female,4.0,5,Grocery,2,Divorced,3,0,17.0,1.0,2.0,9.0,252.42000000000002
53443,1,1.0,Phone,1,23.0,Debit Card,Female,3.0,2,Phone,5,Single,3,0,17.0,16.0,16.0,15.0,152.43
53450,0,19.0,Phone,2,31.0,CC,Male,3.0,4,Phone,4,Single,3,0,17.0,1.0,2.0,5.0,146.77
53456,0,12.0,Computer,1,10.0,UPI,Male,3.0,4,Phone,3,Divorced,5,0,17.0,3.0,3.0,3.0,153.21
53472,0,1.0,Phone,1,7.0,CC,Male,3.0,5,Phone,5,Divorced,3,0,17.0,1.0,2.0,4.0,164.55
53484,0,2.0,Phone,1,22.0,Debit Card,Male,3.0,4,Phone,3,Married,3,0,17.0,3.0,3.0,3.0,147.07
53502,0,12.0,Phone,3,9.0,E wallet,Male,3.0,4,Fashion,4,Single,9,0,17.0,2.0,2.0,1.0,198.51
53569,0,16.0,Computer,2,9.0,CC,Male,4.0,2,Laptop & Accessory,5,Divorced,9,0,17.0,1.0,2.0,4.0,187.72
53616,0,16.0,Phone,1,14.0,CC,Female,4.0,2,Laptop & Accessory,4,Divorced,8,1,17.0,1.0,2.0,1.0,148.72
53648,0,14.0,Computer,1,23.0,Debit Card,Male,4.0,4,Phone,3,Married,11,0,17.0,2.0,2.0,1.0,160.44
53659,0,10.0,Computer,3,14.0,E wallet,Female,3.0,2,Laptop & Accessory,5,Divorced,4,0,17.0,6.0,7.0,14.0,171.39
53662,0,25.0,Phone,1,18.0,COD,Female,3.0,5,Grocery,4,Single,5,0,17.0,1.0,2.0,4.0,256.42
53702,0,10.0,Phone,3,10.0,E wallet,Female,3.0,4,Laptop & Accessory,4,Single,5,1,17.0,1.0,2.0,3.0,217.78
53709,0,10.0,Phone,1,11.0,Debit Card,Male,3.0,5,Laptop & Accessory,2,Single,3,0,17.0,2.0,2.0,9.0,183.1
53756,0,29.0,Phone,1,11.0,Debit Card,Male,2.0,4,Laptop & Accessory,3,Divorced,2,1,17.0,1.0,2.0,3.0,165.35
53802,1,17.0,Phone,1,9.0,COD,Female,4.0,5,Fashion,1,Married,2,0,17.0,2.0,2.0,3.0,226.69
53814,0,9.0,Phone,1,17.0,CC,Female,3.0,4,Laptop & Accessory,3,Single,5,1,17.0,2.0,2.0,5.0,186.42
53818,0,1.0,Phone,1,17.0,COD,Male,3.0,2,Phone,3,Married,4,0,17.0,3.0,3.0,3.0,145.73
53867,0,23.0,Phone,1,29.0,UPI,Female,4.0,4,Grocery,4,Married,5,0,17.0,1.0,2.0,3.0,289.13
53883,0,23.0,Phone,1,23.0,CC,Female,4.0,4,Phone,5,Married,6,1,17.0,2.0,3.0,3.0,150.87
53887,0,15.0,Phone,3,30.0,Debit Card,Male,4.0,4,Fashion,3,Single,5,1,17.0,1.0,2.0,3.0,195.82
53908,0,1.0,Phone,1,16.0,CC,Male,4.0,2,Phone,3,Married,3,0,17.0,1.0,2.0,5.0,169.01
53920,0,14.0,Phone,1,15.0,Debit Card,Female,4.0,4,Laptop & Accessory,5,Married,4,1,17.0,1.0,2.0,1.0,190.16
53923,0,9.0,Phone,1,34.0,Debit Card,Male,3.0,4,Laptop & Accessory,3,Married,4,0,17.0,1.0,2.0,8.0,193.83
53935,0,4.0,Computer,1,9.0,COD,Female,4.0,5,Phone,5,Single,2,0,17.0,1.0,2.0,8.0,174.68
53950,0,1.0,Phone,1,23.0,Debit Card,Male,3.0,2,Laptop & Accessory,3,Married,5,0,17.0,2.0,2.0,8.0,177.94
53952,0,12.0,Phone,1,25.0,CC,Male,3.0,6,Laptop & Accessory,1,Married,5,1,17.0,1.0,2.0,1.0,183.11
53953,1,7.0,Computer,1,24.0,COD,Male,3.0,5,Phone,3,Married,11,1,17.0,2.0,2.0,1.0,149.37
53993,0,9.0,Phone,1,30.0,CC,Male,4.0,6,Phone,3,Married,2,0,17.0,2.0,2.0,4.0,152.05
54002,0,1.0,Computer,1,21.0,CC,Female,3.0,4,Phone,3,Single,3,0,17.0,2.0,2.0,1.0,140.14
54045,1,20.0,Phone,1,31.0,Debit Card,Male,4.0,4,Phone,1,Single,3,0,17.0,1.0,2.0,1.0,150.87
54046,0,10.0,Phone,3,24.0,E wallet,Male,3.0,5,Laptop & Accessory,4,Married,4,0,17.0,2.0,2.0,4.0,180.07
54062,0,30.0,Phone,3,18.0,E wallet,Female,3.0,5,Laptop & Accessory,5,Married,6,0,17.0,1.0,2.0,1.0,178.8
54064,0,12.0,Computer,1,15.0,CC,Female,3.0,5,Laptop & Accessory,4,Married,3,1,17.0,2.0,2.0,8.0,146.33
54071,0,9.0,Phone,3,25.0,CC,Male,4.0,4,Laptop & Accessory,5,Married,2,0,17.0,1.0,2.0,5.0,25.0
54141,0,9.0,Phone,2,33.0,Debit Card,Female,3.0,4,Fashion,1,Single,3,1,17.0,2.0,2.0,3.0,213.37
54179,0,27.0,Phone,3,9.0,Debit Card,Female,4.0,5,Grocery,1,Married,4,0,17.0,1.0,4.0,8.0,279.27
54195,1,1.0,Phone,1,7.0,CC,Male,4.0,4,Phone,1,Married,4,1,17.0,1.0,3.0,1.0,147.93
54250,1,10.0,Phone,3,16.0,CC,Male,4.0,5,Fashion,1,Single,3,0,17.0,4.0,5.0,3.0,221.19
54255,0,6.0,Phone,3,13.0,CC,Male,3.0,4,Laptop & Accessory,3,Single,3,0,17.0,6.0,6.0,8.0,175.1
54324,0,31.0,Phone,1,31.0,Debit Card,Male,3.0,2,Fashion,1,Married,5,1,17.0,2.0,2.0,3.0,219.39
54331,0,1.0,Phone,1,24.0,COD,Male,3.0,4,Phone,4,Married,2,1,17.0,1.0,2.0,2.0,155.58
54352,0,1.0,Phone,1,16.0,CC,Female,5.0,4,Phone,4,Single,3,0,17.0,1.0,2.0,4.0,147.79
54358,0,16.0,Computer,1,28.0,CC,Female,3.0,4,Laptop & Accessory,3,Married,4,0,17.0,1.0,2.0,3.0,177.65
54367,0,1.0,Phone,1,12.0,Debit Card,Male,3.0,2,Phone,4,Married,3,1,17.0,3.0,3.0,3.0,148.28
54370,0,20.0,Phone,1,7.0,CC,Male,4.0,4,Fashion,5,Married,9,0,17.0,1.0,2.0,3.0,218.96
54374,0,25.0,Phone,1,15.0,Debit Card,Male,3.0,5,Fashion,4,Married,7,0,17.0,3.0,2.0,8.0,249.89999999999998
54381,0,10.0,Phone,1,12.0,Debit Card,Male,4.0,4,Laptop & Accessory,4,Single,10,0,17.0,3.0,4.0,8.0,184.14
54403,0,15.0,Phone,1,26.0,Debit Card,Male,3.0,4,Laptop & Accessory,5,Married,4,0,17.0,1.0,2.0,1.0,155.72
54483,0,6.0,Phone,1,9.0,CC,Female,4.0,2,Laptop & Accessory,1,Single,9,0,17.0,1.0,2.0,8.0,175.55
54494,0,17.0,Phone,1,14.0,Debit Card,Female,3.0,4,Fashion,5,Married,10,0,17.0,2.0,2.0,3.0,224.85
54501,0,11.0,Phone,1,12.0,CC,Male,4.0,4,Laptop & Accessory,1,Married,9,0,17.0,2.0,2.0,5.0,188.47
54530,0,5.0,Phone,1,16.0,Debit Card,Male,3.0,5,Phone,4,Single,2,1,17.0,3.0,3.0,3.0,151.57
54532,0,3.0,Phone,1,30.0,Debit Card,Male,3.0,4,Phone,1,Single,11,0,17.0,1.0,2.0,3.0,147.01
54535,0,2.0,Phone,3,16.0,Debit Card,Male,4.0,4,Laptop & Accessory,1,Single,3,0,17.0,2.0,2.0,8.0,177.53
54549,0,16.0,Phone,1,7.0,Debit Card,Female,4.0,4,Phone,5,Married,5,0,17.0,1.0,2.0,3.0,150.76
54564,0,15.0,Phone,3,7.0,E wallet,Male,3.0,2,Fashion,5,Married,3,0,17.0,2.0,2.0,8.0,208.92
54575,1,1.0,Phone,3,7.0,COD,Female,4.0,4,Phone,4,Single,3,1,17.0,1.0,2.0,5.0,157.02
54576,1,1.0,Computer,3,13.0,E wallet,Female,3.0,6,Phone,3,Married,2,0,17.0,1.0,2.0,1.0,148.51
54582,1,1.0,Phone,1,32.0,COD,Female,4.0,5,Phone,4,Married,7,0,17.0,2.0,2.0,2.0,150.46
54604,1,1.0,Computer,1,11.0,COD,Male,4.0,5,Phone,3,Single,7,0,17.0,1.0,2.0,3.0,163.94
54622,0,9.0,Phone,3,7.0,CC,Female,4.0,4,Laptop & Accessory,3,Single,3,0,17.0,2.0,2.0,4.0,173.59
54627,0,15.0,Phone,3,9.0,Debit Card,Female,4.0,4,Grocery,5,Married,9,0,17.0,1.0,12.0,9.0,290.95
54640,1,1.0,Computer,1,14.0,Debit Card,Female,3.0,4,Phone,3,Married,3,1,17.0,1.0,2.0,3.0,153.86
54677,0,1.0,Phone,1,11.0,CC,Male,3.0,2,Phone,5,Married,4,0,17.0,1.0,2.0,3.0,153.19
54735,0,8.0,Phone,1,7.0,Debit Card,Female,4.0,2,Phone,1,Single,4,0,17.0,2.0,2.0,4.0,157.8
54741,0,9.0,Phone,3,15.0,Debit Card,Female,4.0,4,Phone,1,Married,3,0,17.0,2.0,2.0,3.0,150.72
54767,0,8.0,Computer,1,23.0,Debit Card,Female,4.0,5,Phone,1,Single,3,0,17.0,2.0,2.0,4.0,150.53
54769,1,19.0,Phone,3,9.0,CC,Male,3.0,4,Laptop & Accessory,1,Single,6,0,17.0,2.0,8.0,4.0,176.6
54771,0,1.0,Phone,1,12.0,COD,Male,3.0,5,Fashion,1,Married,3,1,17.0,2.0,2.0,9.0,253.07999999999998
54800,0,23.0,Phone,1,7.0,COD,Female,3.0,4,Phone,5,Married,4,0,17.0,1.0,2.0,3.0,160.8
54808,0,9.0,Phone,1,32.0,COD,Male,4.0,5,Fashion,4,Married,5,0,17.0,3.0,2.0,9.0,234.02999999999997
54859,0,9.0,Phone,3,25.0,CC,Female,3.0,4,Laptop & Accessory,3,Married,3,0,17.0,2.0,2.0,1.0,171.01
54867,1,4.0,Computer,3,31.0,Debit Card,Female,4.0,2,Grocery,4,Single,6,1,17.0,2.0,2.0,1.0,256.94
54899,0,13.0,Phone,1,7.0,Debit Card,Female,4.0,5,Grocery,1,Married,3,0,17.0,10.0,2.0,9.0,252.42000000000002
54913,1,1.0,Phone,1,23.0,Debit Card,Female,3.0,2,Phone,5,Single,3,0,17.0,4.0,16.0,15.0,152.43
54920,0,19.0,Phone,2,31.0,CC,Male,3.0,4,Phone,4,Single,3,0,17.0,1.0,2.0,5.0,146.77
54926,0,12.0,Computer,1,10.0,UPI,Male,3.0,4,Phone,3,Married,5,0,17.0,3.0,3.0,3.0,153.21
54942,0,1.0,Phone,1,7.0,CC,Male,3.0,5,Phone,5,Married,3,0,17.0,2.0,2.0,4.0,164.55
54954,0,2.0,Phone,1,22.0,Debit Card,Male,3.0,4,Phone,3,Married,3,0,17.0,1.0,3.0,3.0,147.07
54972,0,12.0,Phone,3,9.0,E wallet,Male,3.0,4,Fashion,4,Single,9,0,17.0,2.0,2.0,1.0,198.51
55039,0,16.0,Computer,2,9.0,CC,Male,4.0,2,Laptop & Accessory,5,Married,9,0,17.0,2.0,2.0,4.0,187.72
55086,0,16.0,Phone,1,14.0,CC,Female,4.0,2,Laptop & Accessory,4,Married,8,1,17.0,1.0,2.0,1.0,148.72
55118,0,14.0,Computer,1,23.0,Debit Card,Male,4.0,4,Phone,3,Married,11,0,17.0,2.0,2.0,1.0,160.44
55129,0,10.0,Computer,3,14.0,E wallet,Female,3.0,2,Laptop & Accessory,5,Married,4,0,17.0,6.0,7.0,14.0,171.39
55132,0,25.0,Phone,1,18.0,COD,Female,3.0,5,Grocery,4,Single,5,0,17.0,1.0,2.0,4.0,256.42
55172,0,10.0,Phone,3,10.0,E wallet,Female,4.0,4,Laptop & Accessory,4,Single,5,1,17.0,1.0,2.0,3.0,217.78
55179,0,10.0,Phone,1,11.0,Debit Card,Male,3.0,5,Laptop & Accessory,1,Single,3,0,17.0,1.0,2.0,9.0,183.1
55226,0,29.0,Phone,1,11.0,Debit Card,Male,2.0,4,Laptop & Accessory,3,Married,2,1,17.0,2.0,2.0,3.0,165.35
55272,1,17.0,Phone,1,9.0,COD,Female,4.0,5,Fashion,1,Married,2,0,17.0,1.0,2.0,3.0,226.69
55284,0,9.0,Phone,1,17.0,CC,Female,3.0,4,Laptop & Accessory,3,Single,5,1,17.0,1.0,2.0,5.0,186.42
55288,0,1.0,Phone,1,17.0,COD,Male,3.0,2,Phone,3,Married,4,0,17.0,1.0,3.0,3.0,145.73
55337,0,23.0,Phone,1,29.0,UPI,Female,4.0,4,Grocery,4,Married,5,0,17.0,1.0,2.0,3.0,289.13
55353,0,23.0,Phone,1,23.0,CC,Female,4.0,4,Phone,5,Married,6,1,17.0,1.0,3.0,3.0,150.87
55357,0,15.0,Phone,3,30.0,Debit Card,Male,4.0,4,Fashion,3,Single,5,1,17.0,1.0,2.0,3.0,195.82
55378,0,1.0,Phone,1,16.0,CC,Male,4.0,2,Phone,3,Married,3,0,17.0,1.0,2.0,5.0,169.01
55390,0,14.0,Phone,1,15.0,Debit Card,Female,4.0,4,Laptop & Accessory,5,Married,4,1,17.0,2.0,2.0,1.0,190.16
55393,0,9.0,Phone,1,34.0,Debit Card,Male,3.0,4,Laptop & Accessory,3,Married,4,0,17.0,2.0,2.0,8.0,193.83
55405,0,4.0,Computer,1,9.0,COD,Female,4.0,5,Phone,5,Single,2,0,17.0,1.0,2.0,8.0,174.68
55420,0,4.0,Phone,1,23.0,Debit Card,Male,3.0,2,Laptop & Accessory,3,Married,5,0,17.0,2.0,2.0,8.0,177.94
55422,0,12.0,Phone,1,25.0,CC,Male,3.0,6,Laptop & Accessory,1,Married,5,1,17.0,1.0,2.0,1.0,183.11
55423,1,7.0,Computer,1,24.0,COD,Male,3.0,5,Phone,3,Married,11,1,17.0,2.0,2.0,1.0,149.37
55463,0,9.0,Phone,1,30.0,CC,Male,4.0,6,Phone,3,Married,2,0,17.0,1.0,2.0,4.0,152.05
55472,0,1.0,Computer,1,21.0,CC,Female,3.0,4,Phone,3,Single,3,0,17.0,2.0,2.0,1.0,140.14
55515,1,20.0,Phone,1,31.0,Debit Card,Male,4.0,4,Phone,1,Single,3,0,17.0,1.0,2.0,1.0,150.87
55516,0,10.0,Phone,3,24.0,E wallet,Male,3.0,5,Laptop & Accessory,4,Married,4,0,17.0,2.0,2.0,4.0,180.07
55532,0,30.0,Phone,3,18.0,E wallet,Female,3.0,5,Laptop & Accessory,5,Married,6,0,17.0,1.0,2.0,1.0,178.8
55534,0,12.0,Computer,1,15.0,CC,Female,3.0,5,Laptop & Accessory,4,Married,3,1,17.0,2.0,2.0,8.0,146.33
55541,0,9.0,Phone,3,25.0,CC,Male,4.0,4,Laptop & Accessory,5,Married,2,0,17.0,2.0,2.0,5.0,180.61
55611,0,9.0,Phone,2,33.0,Debit Card,Female,3.0,4,Fashion,1,Single,3,1,17.0,2.0,2.0,3.0,213.37
50008,1,9.0,Phone,1,6.0,CC,Male,3.0,3,Phone,2,Divorced,3,1,16.0,2.0,2.0,0.0,122.93
50015,1,9.0,Phone,3,15.0,CC,Male,3.0,4,Fashion,2,Single,2,0,16.0,0.0,4.0,7.0,196.19
50039,0,30.0,Phone,1,30.0,Debit Card,Male,2.0,2,Fashion,2,Married,4,1,16.0,1.0,1.0,4.0,194.39
50046,0,0.0,Phone,1,23.0,COD,Male,3.0,3,Phone,4,Divorced,1,1,16.0,1.0,1.0,1.0,130.58
50067,0,9.0,Phone,1,15.0,CC,Female,2.0,3,Phone,4,Single,2,0,16.0,1.0,1.0,3.0,122.78999999999999
50073,0,15.0,Computer,1,27.0,CC,Female,2.0,3,Laptop & Accessory,3,Married,3,0,16.0,0.0,1.0,2.0,152.65
50082,0,0.0,Phone,1,14.0,Debit Card,Male,2.0,2,Phone,4,Married,2,1,16.0,0.0,2.0,2.0,123.28
50085,0,19.0,Phone,1,6.0,CC,Male,3.0,3,Fashion,5,Married,8,0,16.0,0.0,1.0,3.0,193.96
50089,0,24.0,Phone,1,14.0,Debit Card,Male,2.0,4,Fashion,4,Divorced,6,0,16.0,1.0,4.0,3.0,224.89999999999998
50096,0,9.0,Phone,1,11.0,Debit Card,Male,3.0,3,Laptop & Accessory,4,Single,9,0,16.0,0.0,3.0,7.0,159.14
50118,0,14.0,Phone,1,25.0,Debit Card,Male,3.0,3,Laptop & Accessory,5,Married,3,0,16.0,1.0,1.0,0.0,130.72
50156,0,26.0,Phone,1,9.0,CC,Male,2.0,3,Grocery,3,Divorced,4,1,16.0,1.0,1.0,3.0,275.84
50198,0,5.0,Phone,1,8.0,CC,Female,3.0,2,Laptop & Accessory,2,Single,8,0,16.0,1.0,1.0,7.0,150.55
50209,0,16.0,Phone,1,13.0,Debit Card,Female,2.0,3,Fashion,5,Divorced,9,0,16.0,1.0,1.0,0.0,199.85
50216,0,10.0,Phone,1,11.0,CC,Male,3.0,3,Laptop & Accessory,2,Married,8,0,16.0,0.0,1.0,4.0,163.47
50245,0,4.0,Phone,1,14.0,Debit Card,Male,2.0,4,Phone,4,Single,1,1,16.0,1.0,2.0,2.0,126.57
50247,0,9.0,Phone,1,29.0,Debit Card,Male,2.0,3,Phone,2,Single,10,0,16.0,1.0,1.0,2.0,122.00999999999999
50250,0,1.0,Phone,3,15.0,Debit Card,Male,3.0,3,Laptop & Accessory,2,Single,2,0,16.0,1.0,1.0,7.0,152.53
50264,0,15.0,Phone,1,14.0,Debit Card,Female,3.0,3,Phone,5,Married,4,0,16.0,1.0,1.0,2.0,125.75999999999999
50279,0,14.0,Phone,3,6.0,E wallet,Male,2.0,2,Fashion,5,Divorced,2,0,16.0,1.0,1.0,7.0,183.92
50290,1,0.0,Phone,3,6.0,COD,Female,3.0,3,Phone,4,Single,2,1,16.0,1.0,1.0,4.0,132.02
50291,1,0.0,Computer,3,14.0,E wallet,Female,2.0,5,Phone,3,Married,1,0,16.0,1.0,1.0,0.0,123.50999999999999
50297,1,0.0,Phone,1,14.0,COD,Female,3.0,4,Phone,4,Divorced,6,0,16.0,0.0,1.0,1.0,125.46000000000001
50319,1,0.0,Computer,1,10.0,COD,Male,2.0,4,Phone,3,Single,6,0,16.0,1.0,1.0,2.0,138.94
50337,0,8.0,Phone,3,6.0,CC,Female,3.0,3,Laptop & Accessory,3,Single,2,0,16.0,0.0,1.0,3.0,148.59
50342,0,14.0,Phone,3,8.0,Debit Card,Female,3.0,3,Grocery,5,Divorced,8,0,16.0,1.0,11.0,8.0,265.95
50355,1,0.0,Computer,1,13.0,Debit Card,Female,3.0,3,Phone,3,Divorced,2,1,16.0,0.0,1.0,2.0,128.86
50392,0,0.0,Phone,1,10.0,CC,Male,3.0,2,Phone,5,Divorced,3,0,16.0,0.0,1.0,2.0,128.19
50450,0,7.0,Phone,1,6.0,Debit Card,Female,3.0,1,Phone,2,Single,3,0,16.0,0.0,1.0,3.0,132.8
50456,0,8.0,Phone,3,14.0,Debit Card,Female,3.0,3,Phone,2,Divorced,2,0,16.0,0.0,1.0,2.0,125.72
50464,0,23.0,Phone,1,8.0,CC,Male,3.0,3,Grocery,3,Divorced,6,0,16.0,1.0,1.0,3.0,276.39
50482,0,7.0,Computer,1,14.0,Debit Card,Female,3.0,4,Phone,2,Single,2,0,16.0,1.0,1.0,3.0,125.53
50484,1,18.0,Phone,3,8.0,CC,Male,2.0,3,Laptop & Accessory,2,Single,5,0,16.0,0.0,7.0,3.0,151.6
50486,0,0.0,Phone,1,11.0,COD,Male,2.0,4,Fashion,2,Married,2,1,16.0,0.0,1.0,3.0,228.07999999999998
50515,0,22.0,Phone,1,6.0,COD,Female,2.0,3,Phone,5,Divorced,3,0,16.0,1.0,1.0,2.0,135.8
50523,0,8.0,Phone,1,31.0,COD,Male,3.0,4,Fashion,4,Divorced,4,0,16.0,3.0,4.0,8.0,209.02999999999997
50574,0,8.0,Phone,3,24.0,CC,Female,2.0,3,Laptop & Accessory,3,Divorced,2,0,16.0,1.0,1.0,0.0,146.01
50582,1,3.0,Computer,3,30.0,Debit Card,Female,3.0,1,Grocery,4,Single,5,1,16.0,1.0,2.0,0.0,231.94
50614,0,12.0,Phone,1,6.0,Debit Card,Female,3.0,4,Grocery,2,Divorced,2,0,16.0,0.0,11.0,3.0,227.42000000000002
50628,1,0.0,Phone,1,22.0,Debit Card,Female,3.0,1,Phone,5,Single,2,0,16.0,15.0,15.0,14.0,127.43
50635,0,9.0,Phone,2,30.0,CC,Male,2.0,3,Phone,4,Single,2,0,16.0,0.0,1.0,4.0,121.77000000000001
50641,0,11.0,Computer,1,9.0,UPI,Male,3.0,3,Phone,3,Divorced,4,0,16.0,2.0,2.0,2.0,128.21
50657,0,0.0,Phone,1,6.0,CC,Male,2.0,4,Phone,5,Divorced,2,0,16.0,0.0,1.0,3.0,139.55
50669,0,9.0,Phone,1,21.0,Debit Card,Male,2.0,3,Phone,3,Married,2,0,16.0,2.0,2.0,2.0,122.07
50687,0,11.0,Phone,3,8.0,E wallet,Male,2.0,3,Fashion,4,Single,8,0,16.0,1.0,1.0,0.0,173.51
50754,0,15.0,Computer,2,8.0,CC,Male,3.0,1,Laptop & Accessory,5,Divorced,8,0,16.0,0.0,1.0,3.0,162.72
50789,1,8.0,Phone,3,8.0,E wallet,Female,3.0,5,Others,4,Single,3,1,16.0,1.0,1.0,11.0,288.24
50801,0,15.0,Phone,1,14.0,CC,Female,3.0,1,Laptop & Accessory,4,Divorced,7,1,16.0,0.0,1.0,0.0,123.72
50833,0,13.0,Computer,1,22.0,Debit Card,Male,3.0,3,Phone,3,Married,10,0,16.0,1.0,1.0,0.0,135.44
50844,0,9.0,Computer,3,13.0,E wallet,Female,2.0,1,Laptop & Accessory,5,Divorced,3,0,16.0,5.0,6.0,13.0,146.39
50847,0,24.0,Phone,1,17.0,COD,Female,2.0,4,Grocery,4,Single,4,0,16.0,0.0,1.0,3.0,231.42000000000002
50887,0,9.0,Phone,3,9.0,E wallet,Female,2.0,3,Laptop & Accessory,4,Single,4,1,16.0,0.0,1.0,1.0,192.78
50894,0,9.0,Phone,1,10.0,Debit Card,Male,2.0,4,Laptop & Accessory,2,Single,2,0,16.0,1.0,1.0,8.0,158.1
50941,0,28.0,Phone,1,10.0,Debit Card,Male,1.0,3,Laptop & Accessory,3,Divorced,1,1,16.0,0.0,1.0,2.0,140.35
50987,1,16.0,Phone,1,8.0,COD,Female,3.0,4,Fashion,1,Married,1,0,16.0,1.0,1.0,9.0,201.69
50999,0,8.0,Phone,1,16.0,CC,Female,2.0,3,Laptop & Accessory,3,Single,4,1,16.0,1.0,1.0,4.0,161.42
51003,0,9.0,Phone,1,16.0,COD,Male,2.0,1,Phone,3,Married,3,0,16.0,2.0,2.0,2.0,120.72999999999999
51052,0,22.0,Phone,1,28.0,UPI,Female,3.0,3,Grocery,4,Married,4,0,16.0,1.0,1.0,2.0,264.13
51068,0,22.0,Phone,1,14.0,CC,Female,3.0,3,Phone,5,Married,5,1,16.0,1.0,2.0,2.0,125.87
51072,0,14.0,Phone,3,29.0,Debit Card,Male,3.0,3,Fashion,3,Single,4,1,16.0,0.0,1.0,2.0,170.82
51093,0,0.0,Phone,1,15.0,CC,Male,3.0,1,Phone,3,Married,2,0,16.0,0.0,1.0,4.0,144.01
51105,0,13.0,Phone,1,14.0,Debit Card,Female,3.0,3,Laptop & Accessory,5,Married,3,1,16.0,0.0,1.0,0.0,165.16
51108,0,8.0,Phone,1,33.0,Debit Card,Male,2.0,3,Laptop & Accessory,3,Married,3,0,16.0,0.0,1.0,7.0,168.83
51120,0,3.0,Computer,1,8.0,COD,Female,3.0,4,Phone,5,Single,1,0,16.0,0.0,1.0,7.0,149.68
51135,0,0.0,Phone,1,22.0,Debit Card,Male,2.0,1,Laptop & Accessory,3,Married,4,0,16.0,1.0,1.0,7.0,152.94
51137,0,11.0,Phone,1,24.0,CC,Male,2.0,5,Laptop & Accessory,1,Married,4,1,16.0,0.0,1.0,0.0,158.11
51138,1,6.0,Computer,1,14.0,COD,Male,2.0,4,Phone,3,Married,10,1,16.0,1.0,1.0,0.0,124.37
51178,0,8.0,Phone,1,29.0,CC,Male,3.0,5,Phone,3,Married,1,0,16.0,1.0,1.0,3.0,127.05000000000001
51187,0,9.0,Computer,1,20.0,CC,Female,2.0,3,Phone,3,Single,2,0,16.0,1.0,1.0,0.0,115.13999999999999
51230,1,19.0,Phone,1,14.0,Debit Card,Male,3.0,3,Phone,1,Single,2,0,16.0,0.0,1.0,0.0,125.87
51231,0,9.0,Phone,3,23.0,E wallet,Male,2.0,4,Laptop & Accessory,4,Married,3,0,16.0,1.0,1.0,3.0,155.07
51247,0,29.0,Phone,3,17.0,E wallet,Female,2.0,4,Laptop & Accessory,5,Married,5,0,16.0,0.0,1.0,0.0,153.8
51249,0,9.0,Computer,1,14.0,CC,Female,2.0,4,Laptop & Accessory,4,Married,2,1,16.0,1.0,1.0,7.0,121.33000000000001
51256,0,8.0,Phone,3,24.0,CC,Male,3.0,3,Laptop & Accessory,5,Married,1,0,16.0,0.0,1.0,4.0,0.0
51326,0,8.0,Phone,2,32.0,Debit Card,Female,2.0,3,Fashion,1,Single,2,1,16.0,1.0,1.0,7.0,188.37
51364,0,26.0,Phone,3,8.0,Debit Card,Female,3.0,4,Grocery,1,Married,3,0,16.0,0.0,2.0,7.0,254.26999999999998
51380,1,9.0,Phone,1,6.0,CC,Male,3.0,3,Phone,1,Married,3,1,16.0,0.0,2.0,0.0,122.93
51435,1,9.0,Phone,3,15.0,CC,Male,3.0,4,Fashion,1,Single,2,0,16.0,3.0,4.0,7.0,196.19
51440,0,5.0,Phone,3,12.0,CC,Male,2.0,3,Laptop & Accessory,3,Single,2,0,16.0,5.0,5.0,7.0,150.1
51509,0,30.0,Phone,1,30.0,Debit Card,Male,2.0,1,Fashion,1,Married,4,1,16.0,1.0,1.0,4.0,194.39
51516,0,0.0,Phone,1,23.0,COD,Male,3.0,3,Phone,4,Married,1,1,16.0,0.0,1.0,1.0,130.58
51537,0,9.0,Phone,1,15.0,CC,Female,4.0,3,Phone,4,Single,2,0,16.0,0.0,1.0,3.0,122.78999999999999
51543,0,15.0,Computer,1,27.0,CC,Female,2.0,3,Laptop & Accessory,3,Married,3,0,16.0,0.0,1.0,2.0,152.65
51552,0,0.0,Phone,1,14.0,Debit Card,Male,2.0,1,Phone,4,Married,2,1,16.0,2.0,2.0,2.0,123.28
51555,0,19.0,Phone,1,6.0,CC,Male,3.0,3,Fashion,5,Married,8,0,16.0,0.0,1.0,3.0,193.96
51559,0,24.0,Phone,1,14.0,Debit Card,Male,2.0,4,Fashion,4,Married,6,0,16.0,2.0,4.0,3.0,224.89999999999998
51566,0,9.0,Phone,1,11.0,Debit Card,Male,3.0,3,Laptop & Accessory,4,Single,9,0,16.0,2.0,3.0,7.0,159.14
51588,0,14.0,Phone,1,25.0,Debit Card,Male,3.0,3,Laptop & Accessory,5,Married,3,0,16.0,0.0,1.0,0.0,130.72
51626,0,26.0,Phone,1,9.0,CC,Male,2.0,3,Grocery,3,Married,4,1,16.0,1.0,1.0,3.0,275.84
51668,0,5.0,Phone,1,8.0,CC,Female,3.0,1,Laptop & Accessory,1,Single,8,0,16.0,0.0,1.0,7.0,150.55
51679,0,16.0,Phone,1,13.0,Debit Card,Female,2.0,3,Fashion,5,Married,9,0,16.0,1.0,1.0,0.0,199.85
51686,0,10.0,Phone,1,11.0,CC,Male,3.0,3,Laptop & Accessory,1,Married,8,0,16.0,1.0,1.0,4.0,163.47
51715,0,4.0,Phone,1,14.0,Debit Card,Male,2.0,4,Phone,4,Single,1,1,16.0,2.0,2.0,2.0,126.57
51717,0,9.0,Phone,1,29.0,Debit Card,Male,2.0,3,Phone,1,Single,10,0,16.0,0.0,1.0,2.0,122.00999999999999
51720,0,1.0,Phone,3,15.0,Debit Card,Male,3.0,3,Laptop & Accessory,1,Single,2,0,16.0,1.0,1.0,7.0,152.53
51734,0,15.0,Phone,1,14.0,Debit Card,Female,3.0,3,Phone,5,Married,4,0,16.0,0.0,1.0,2.0,125.75999999999999
51749,0,14.0,Phone,3,6.0,E wallet,Male,2.0,1,Fashion,5,Married,2,0,16.0,1.0,1.0,7.0,183.92
51760,1,0.0,Phone,3,6.0,COD,Female,3.0,3,Phone,4,Single,2,1,16.0,0.0,1.0,4.0,132.02
51761,1,0.0,Computer,3,14.0,E wallet,Female,2.0,5,Phone,3,Married,1,0,16.0,0.0,1.0,0.0,123.50999999999999
51767,1,0.0,Phone,1,14.0,COD,Female,3.0,4,Phone,4,Married,6,0,16.0,1.0,1.0,1.0,125.46000000000001
51789,1,0.0,Computer,1,10.0,COD,Male,3.0,4,Phone,3,Single,6,0,16.0,0.0,1.0,2.0,138.94
51807,0,8.0,Phone,3,6.0,CC,Female,3.0,3,Laptop & Accessory,3,Single,2,0,16.0,1.0,1.0,3.0,148.59
51812,0,14.0,Phone,3,8.0,Debit Card,Female,3.0,3,Grocery,5,Married,8,0,16.0,1.0,11.0,8.0,265.95
51825,1,0.0,Computer,1,13.0,Debit Card,Female,3.0,3,Phone,3,Married,2,1,16.0,0.0,1.0,2.0,128.86
51862,0,0.0,Phone,1,10.0,CC,Male,3.0,1,Phone,5,Married,3,0,16.0,0.0,1.0,2.0,128.19
51920,0,7.0,Phone,1,6.0,Debit Card,Female,3.0,1,Phone,1,Single,3,0,16.0,1.0,1.0,3.0,132.8
51926,0,8.0,Phone,3,14.0,Debit Card,Female,3.0,3,Phone,1,Married,2,0,16.0,1.0,1.0,2.0,125.72
51934,0,23.0,Phone,1,8.0,CC,Male,3.0,3,Grocery,3,Married,6,0,16.0,1.0,1.0,3.0,276.39
51952,0,7.0,Computer,1,14.0,Debit Card,Female,3.0,4,Phone,1,Single,2,0,16.0,1.0,1.0,3.0,125.53
51954,1,18.0,Phone,3,8.0,CC,Male,2.0,3,Laptop & Accessory,1,Single,5,0,16.0,1.0,7.0,3.0,151.6
51956,0,0.0,Phone,1,11.0,COD,Male,2.0,4,Fashion,1,Married,2,1,16.0,1.0,1.0,3.0,228.07999999999998
51985,0,22.0,Phone,1,6.0,COD,Female,2.0,3,Phone,5,Married,3,0,16.0,0.0,1.0,2.0,135.8
51993,0,8.0,Phone,1,31.0,COD,Male,3.0,4,Fashion,4,Married,4,0,16.0,2.0,4.0,8.0,209.02999999999997
52044,0,8.0,Phone,3,24.0,CC,Female,2.0,3,Laptop & Accessory,3,Married,2,0,16.0,1.0,1.0,0.0,146.01
52052,1,3.0,Computer,3,30.0,Debit Card,Female,3.0,1,Grocery,4,Single,5,1,16.0,1.0,2.0,0.0,231.94
52084,0,12.0,Phone,1,6.0,Debit Card,Female,3.0,4,Grocery,1,Married,2,0,16.0,9.0,11.0,3.0,227.42000000000002
52098,1,0.0,Phone,1,22.0,Debit Card,Female,3.0,1,Phone,5,Single,2,0,16.0,3.0,15.0,14.0,127.43
52105,0,9.0,Phone,2,30.0,CC,Male,2.0,3,Phone,4,Single,2,0,16.0,0.0,1.0,4.0,121.77000000000001
52111,0,11.0,Computer,1,9.0,UPI,Male,3.0,3,Phone,3,Married,4,0,16.0,2.0,2.0,2.0,128.21
52127,0,0.0,Phone,1,6.0,CC,Male,2.0,4,Phone,5,Married,2,0,16.0,1.0,1.0,3.0,139.55
52139,0,9.0,Phone,1,21.0,Debit Card,Male,2.0,3,Phone,3,Married,2,0,16.0,0.0,2.0,2.0,122.07
52157,0,11.0,Phone,3,8.0,E wallet,Male,2.0,3,Fashion,4,Single,8,0,16.0,1.0,1.0,0.0,173.51
52224,0,15.0,Computer,2,8.0,CC,Male,3.0,1,Laptop & Accessory,5,Married,8,0,16.0,1.0,1.0,3.0,162.72
52259,1,8.0,Phone,3,8.0,E wallet,Female,3.0,5,Others,4,Single,3,1,16.0,1.0,1.0,11.0,288.24
52271,0,15.0,Phone,1,14.0,CC,Female,3.0,1,Laptop & Accessory,4,Married,7,1,16.0,0.0,1.0,0.0,123.72
52303,0,13.0,Computer,1,22.0,Debit Card,Male,3.0,3,Phone,3,Married,10,0,16.0,1.0,1.0,0.0,135.44
52314,0,9.0,Computer,3,13.0,E wallet,Female,2.0,1,Laptop & Accessory,5,Married,3,0,16.0,5.0,6.0,13.0,146.39
52317,0,24.0,Phone,1,17.0,COD,Female,2.0,4,Grocery,4,Single,4,0,16.0,0.0,1.0,3.0,231.42000000000002
52357,0,9.0,Phone,3,9.0,E wallet,Female,3.0,3,Laptop & Accessory,4,Single,4,1,16.0,0.0,1.0,1.0,192.78
52364,0,9.0,Phone,1,10.0,Debit Card,Male,2.0,4,Laptop & Accessory,1,Single,2,0,16.0,0.0,1.0,8.0,158.1
52411,0,28.0,Phone,1,10.0,Debit Card,Male,1.0,3,Laptop & Accessory,3,Married,1,1,16.0,1.0,1.0,2.0,140.35
52457,1,16.0,Phone,1,8.0,COD,Female,3.0,4,Fashion,1,Married,1,0,16.0,0.0,1.0,9.0,201.69
52469,0,8.0,Phone,1,16.0,CC,Female,2.0,3,Laptop & Accessory,3,Single,4,1,16.0,0.0,1.0,4.0,161.42
52473,0,9.0,Phone,1,16.0,COD,Male,2.0,1,Phone,3,Married,3,0,16.0,0.0,2.0,2.0,120.72999999999999
52522,0,22.0,Phone,1,28.0,UPI,Female,3.0,3,Grocery,4,Married,4,0,16.0,1.0,1.0,2.0,264.13
52538,0,22.0,Phone,1,14.0,CC,Female,3.0,3,Phone,5,Married,5,1,16.0,0.0,2.0,2.0,125.87
52542,0,14.0,Phone,3,29.0,Debit Card,Male,3.0,3,Fashion,3,Single,4,1,16.0,0.0,1.0,2.0,170.82
52563,0,0.0,Phone,1,15.0,CC,Male,3.0,1,Phone,3,Married,2,0,16.0,0.0,1.0,4.0,144.01
52575,0,13.0,Phone,1,14.0,Debit Card,Female,3.0,3,Laptop & Accessory,5,Married,3,1,16.0,1.0,1.0,0.0,165.16
52578,0,8.0,Phone,1,33.0,Debit Card,Male,2.0,3,Laptop & Accessory,3,Married,3,0,16.0,1.0,1.0,7.0,168.83
52590,0,3.0,Computer,1,8.0,COD,Female,3.0,4,Phone,5,Single,1,0,16.0,0.0,1.0,7.0,149.68
52605,0,3.0,Phone,1,22.0,Debit Card,Male,2.0,1,Laptop & Accessory,3,Married,4,0,16.0,1.0,1.0,7.0,152.94
52607,0,11.0,Phone,1,24.0,CC,Male,2.0,5,Laptop & Accessory,1,Married,4,1,16.0,0.0,1.0,0.0,158.11
52608,1,6.0,Computer,1,14.0,COD,Male,2.0,4,Phone,3,Married,10,1,16.0,1.0,1.0,0.0,124.37
52648,0,8.0,Phone,1,29.0,CC,Male,3.0,5,Phone,3,Married,1,0,16.0,0.0,1.0,3.0,127.05000000000001
52657,0,9.0,Computer,1,20.0,CC,Female,2.0,3,Phone,3,Single,2,0,16.0,1.0,1.0,0.0,115.13999999999999
52700,1,19.0,Phone,1,14.0,Debit Card,Male,3.0,3,Phone,1,Single,2,0,16.0,0.0,1.0,0.0,125.87
52701,0,9.0,Phone,3,23.0,E wallet,Male,2.0,4,Laptop & Accessory,4,Married,3,0,16.0,1.0,1.0,3.0,155.07
52717,0,29.0,Phone,3,17.0,E wallet,Female,2.0,4,Laptop & Accessory,5,Married,5,0,16.0,0.0,1.0,0.0,153.8
52719,0,9.0,Computer,1,14.0,CC,Female,2.0,4,Laptop & Accessory,4,Married,2,1,16.0,1.0,1.0,7.0,121.33000000000001
52726,0,8.0,Phone,3,24.0,CC,Male,3.0,3,Laptop & Accessory,5,Married,1,0,16.0,1.0,1.0,4.0,155.61
52796,0,8.0,Phone,2,32.0,Debit Card,Female,2.0,3,Fashion,1,Single,2,1,16.0,1.0,1.0,7.0,188.37
52817,1,1.0,Phone,1,9.0,UPI,Male,4.0,5,Phone,3,Single,8,1,16.0,1.0,2.0,1.0,145.9
52840,1,15.0,Computer,1,15.0,Debit Card,Male,3.0,6,Fashion,2,Single,4,0,16.0,1.0,2.0,4.0,231.5
52855,0,1.0,Computer,1,10.0,CC,Male,4.0,5,Phone,3,Married,3,1,16.0,1.0,2.0,2.0,150.66
52856,0,24.0,Phone,1,18.0,Debit Card,Female,3.0,4,Others,4,Single,5,0,16.0,3.0,5.0,5.0,324.26
52872,0,8.0,Phone,1,34.0,CC,Female,4.0,4,Phone,4,Single,4,0,16.0,2.0,2.0,3.0,148.11
52874,0,24.0,Phone,1,7.0,CC,Male,3.0,5,Phone,3,Divorced,4,0,16.0,1.0,2.0,3.0,161.9
52892,0,23.0,Computer,1,25.0,Debit Card,Male,4.0,4,Laptop & Accessory,2,Married,3,1,16.0,1.0,2.0,8.0,193.04
52894,0,14.0,Phone,1,26.0,CC,Male,3.0,4,Laptop & Accessory,2,Divorced,10,1,16.0,2.0,4.0,8.0,152.41
52907,1,1.0,Computer,3,33.0,E wallet,Female,3.0,5,Laptop & Accessory,5,Single,7,0,16.0,1.0,2.0,2.0,191.96
52921,0,26.0,Phone,1,9.0,Debit Card,Female,3.0,5,Phone,2,Single,9,0,16.0,1.0,3.0,3.0,157.12
52988,0,9.0,Phone,3,23.0,E wallet,Male,4.0,4,Fashion,4,Divorced,2,0,16.0,4.0,7.0,10.0,205.2
52996,0,10.0,Computer,1,31.0,Debit Card,Female,3.0,4,Laptop & Accessory,4,Divorced,9,0,16.0,1.0,2.0,9.0,181.74
53008,1,16.0,Phone,1,15.0,CC,Male,3.0,5,Laptop & Accessory,4,Divorced,4,0,16.0,8.0,8.0,8.0,174.41
53037,0,15.0,Phone,1,13.0,CC,Male,4.0,5,Laptop & Accessory,4,Single,8,1,16.0,2.0,2.0,3.0,185.32
53049,0,10.0,Computer,3,7.0,CC,Female,3.0,4,Laptop & Accessory,2,Single,6,0,16.0,2.0,2.0,1.0,191.53
53058,0,24.0,Phone,1,17.0,COD,Male,4.0,5,Fashion,2,Single,8,0,16.0,1.0,2.0,3.0,229.96
53061,1,1.0,Phone,3,19.0,Debit Card,Female,3.0,3,Phone,4,Single,3,0,16.0,1.0,2.0,1.0,152.16
53084,0,8.0,Computer,3,11.0,E wallet,Female,4.0,4,Laptop & Accessory,3,Divorced,11,0,16.0,2.0,2.0,3.0,190.38
53089,0,11.0,Computer,1,32.0,CC,Female,4.0,4,Laptop & Accessory,3,Divorced,5,1,16.0,4.0,11.0,8.0,169.49
53110,0,4.0,Computer,1,10.0,Debit Card,Male,3.0,4,Phone,2,Divorced,6,0,16.0,1.0,2.0,5.0,145.97
53121,0,9.0,Phone,1,29.0,Debit Card,Male,3.0,6,Phone,3,Single,2,0,16.0,3.0,5.0,4.0,167.3
53131,1,1.0,Computer,2,30.0,UPI,Female,3.0,4,Fashion,5,Married,11,1,16.0,2.0,2.0,3.0,224.5
53139,0,14.0,Phone,1,13.0,Debit Card,Female,4.0,4,Grocery,3,Single,9,0,16.0,5.0,2.0,14.0,257.37
53149,0,14.0,Computer,3,35.0,UPI,Male,3.0,6,Fashion,5,Married,5,0,16.0,2.0,2.0,2.0,234.32
53197,0,11.0,Phone,1,10.0,UPI,Male,3.0,4,Fashion,3,Divorced,3,0,16.0,7.0,8.0,3.0,219.34
53201,0,28.0,Phone,2,26.0,CC,Male,3.0,4,Fashion,4,Divorced,4,0,16.0,4.0,2.0,2.0,232.25
53222,0,6.0,Phone,1,10.0,Debit Card,Female,3.0,4,Fashion,2,Single,5,0,16.0,4.0,2.0,8.0,236.58999999999997
53230,0,24.0,Phone,3,15.0,E wallet,Male,3.0,4,Phone,4,Divorced,9,0,16.0,2.0,3.0,3.0,163.75
53242,0,13.0,Phone,2,10.0,UPI,Female,3.0,3,Laptop & Accessory,4,Divorced,11,0,16.0,4.0,4.0,7.0,188.89
53249,0,6.0,Computer,1,31.0,Debit Card,Male,4.0,4,Laptop & Accessory,2,Divorced,3,0,16.0,3.0,5.0,8.0,178.09
53260,0,10.0,Computer,3,15.0,Debit Card,Male,4.0,5,Fashion,5,Single,3,0,16.0,1.0,2.0,10.0,200.87
53282,1,1.0,Phone,3,23.0,E wallet,Female,4.0,4,Laptop & Accessory,5,Single,7,0,16.0,2.0,2.0,3.0,178.24
53284,0,10.0,Phone,1,7.0,UPI,Female,3.0,4,Laptop & Accessory,4,Divorced,2,0,16.0,1.0,2.0,6.0,177.28
53296,0,12.0,Computer,1,19.0,Debit Card,Male,3.0,5,Laptop & Accessory,5,Married,4,0,16.0,2.0,2.0,3.0,187.88
53339,0,11.0,Computer,3,28.0,CC,Female,3.0,4,Phone,2,Divorced,7,0,16.0,2.0,2.0,1.0,154.73
53366,0,5.0,Phone,3,14.0,Debit Card,Male,3.0,5,Phone,3,Divorced,5,0,16.0,4.0,6.0,3.0,148.29
53388,0,3.0,Computer,3,27.0,COD,Female,3.0,4,Phone,2,Divorced,3,0,16.0,1.0,2.0,3.0,146.57
53409,0,19.0,Computer,1,30.0,Debit Card,Male,3.0,4,Laptop & Accessory,5,Divorced,3,1,16.0,2.0,2.0,9.0,161.33
53415,0,1.0,Phone,1,24.0,CC,Female,3.0,5,Laptop & Accessory,3,Married,3,0,16.0,3.0,4.0,3.0,168.77
53418,0,1.0,Computer,1,12.0,Debit Card,Male,4.0,4,Phone,2,Single,3,0,16.0,2.0,2.0,1.0,135.51
53422,1,1.0,Phone,1,18.0,CC,Female,4.0,5,Phone,5,Single,3,1,16.0,1.0,2.0,1.0,151.0
53425,0,1.0,Phone,1,15.0,Debit Card,Male,4.0,6,Phone,5,Divorced,3,0,16.0,2.0,2.0,2.0,149.51
53435,1,1.0,Phone,1,18.0,CC,Female,4.0,6,Laptop & Accessory,4,Divorced,7,0,16.0,2.0,2.0,1.0,172.77
53440,1,16.0,Phone,3,9.0,E wallet,Female,3.0,6,Others,2,Divorced,3,0,16.0,6.0,7.0,10.0,323.45
53458,0,11.0,Phone,1,10.0,UPI,Female,3.0,4,Laptop & Accessory,4,Single,5,0,16.0,2.0,2.0,2.0,166.07
53473,0,4.0,Phone,1,27.0,UPI,Male,3.0,4,Laptop & Accessory,5,Divorced,2,0,16.0,2.0,2.0,3.0,224.57
53481,0,7.0,Phone,1,12.0,Debit Card,Male,3.0,5,Fashion,2,Married,6,0,16.0,1.0,2.0,3.0,196.19
53487,1,1.0,Phone,1,11.0,COD,Male,3.0,4,Phone,2,Divorced,3,1,16.0,6.0,6.0,7.0,161.91
53491,1,1.0,Computer,1,5.0,CC,Male,3.0,5,Phone,4,Married,3,0,16.0,1.0,2.0,1.0,150.96
53507,0,13.0,Computer,1,16.0,Debit Card,Male,4.0,4,Laptop & Accessory,4,Single,22,0,16.0,2.0,2.0,4.0,192.82
53561,0,9.0,Phone,3,24.0,Debit Card,Male,4.0,4,Laptop & Accessory,5,Divorced,5,1,16.0,2.0,2.0,3.0,214.66
53584,0,3.0,Phone,1,7.0,Debit Card,Female,4.0,4,Phone,2,Married,3,0,16.0,1.0,2.0,3.0,162.6
53605,0,29.0,Computer,1,15.0,CC,Male,3.0,5,Grocery,4,Married,3,1,16.0,4.0,16.0,1.0,260.77
53626,0,6.0,Phone,3,15.0,CC,Male,3.0,2,Laptop & Accessory,2,Divorced,3,0,16.0,1.0,2.0,9.0,187.09
53654,0,12.0,Phone,3,9.0,Debit Card,Female,3.0,4,Laptop & Accessory,5,Married,5,0,16.0,1.0,2.0,8.0,193.93
53663,0,1.0,Computer,1,7.0,Debit Card,Female,4.0,4,Phone,2,Single,3,0,16.0,2.0,2.0,1.0,141.11
53676,1,1.0,Phone,1,29.0,CC,Male,4.0,4,Laptop & Accessory,3,Divorced,3,1,16.0,4.0,7.0,8.0,186.79
53680,0,11.0,Phone,1,11.0,Debit Card,Male,3.0,4,Phone,3,Divorced,9,1,16.0,2.0,2.0,4.0,154.96
53730,1,1.0,Phone,2,16.0,COD,Female,3.0,4,Phone,3,Divorced,3,0,16.0,2.0,3.0,3.0,152.42
53740,0,4.0,Phone,3,23.0,Debit Card,Male,4.0,4,Laptop & Accessory,3,Divorced,10,0,16.0,1.0,3.0,3.0,178.01
53747,1,1.0,Computer,3,7.0,COD,Male,4.0,4,Phone,3,Divorced,5,0,16.0,2.0,2.0,3.0,154.09
53823,0,14.0,Phone,3,21.0,Debit Card,Female,3.0,4,Laptop & Accessory,5,Married,3,0,16.0,1.0,2.0,3.0,171.39
53829,0,24.0,Computer,1,27.0,CC,Male,3.0,4,Grocery,3,Married,4,1,16.0,4.0,2.0,14.0,237.45
53834,0,19.0,Computer,3,33.0,E wallet,Male,3.0,5,Laptop & Accessory,5,Married,3,0,16.0,1.0,5.0,6.0,168.85
53846,0,13.0,Phone,1,10.0,CC,Male,4.0,5,Laptop & Accessory,3,Married,2,0,16.0,1.0,2.0,8.0,155.69
53855,0,14.0,Phone,1,23.0,Debit Card,Female,3.0,4,Fashion,1,Single,8,1,16.0,2.0,4.0,4.0,204.45
53868,0,24.0,Phone,1,24.0,Debit Card,Female,3.0,5,Fashion,5,Married,7,0,16.0,2.0,2.0,12.0,257.69
53873,0,10.0,Computer,1,7.0,CC,Female,3.0,5,Laptop & Accessory,3,Married,2,0,16.0,2.0,2.0,3.0,168.74
53878,0,12.0,Computer,1,7.0,Debit Card,Male,3.0,4,Laptop & Accessory,1,Married,9,0,16.0,3.0,3.0,10.0,172.35
53894,0,27.0,Phone,1,31.0,CC,Male,3.0,2,Fashion,1,Married,5,0,16.0,1.0,2.0,3.0,195.05
53911,0,10.0,Phone,3,9.0,Debit Card,Female,3.0,4,Laptop & Accessory,1,Single,5,0,16.0,4.0,7.0,8.0,170.02
53915,0,1.0,Phone,1,24.0,CC,Male,4.0,6,Phone,3,Married,3,0,16.0,1.0,2.0,3.0,148.05
53928,1,1.0,Phone,3,7.0,Debit Card,Male,3.0,6,Laptop & Accessory,4,Single,8,0,16.0,1.0,2.0,1.0,192.35
53931,0,13.0,Computer,1,7.0,Debit Card,Male,4.0,4,Laptop & Accessory,1,Married,3,1,16.0,4.0,6.0,9.0,189.72
53944,0,7.0,Computer,3,9.0,E wallet,Female,4.0,4,Laptop & Accessory,4,Single,10,0,16.0,1.0,2.0,8.0,176.47
53956,0,7.0,Computer,1,11.0,COD,Male,3.0,4,Laptop & Accessory,4,Married,7,0,16.0,1.0,2.0,8.0,155.55
53976,0,20.0,Computer,3,33.0,Debit Card,Male,4.0,5,Laptop & Accessory,4,Single,10,0,16.0,3.0,3.0,3.0,204.91
53982,1,1.0,Phone,1,17.0,CC,Male,3.0,4,Laptop & Accessory,5,Single,3,0,16.0,1.0,2.0,9.0,167.13
53996,0,28.0,Phone,1,14.0,CC,Female,4.0,4,Laptop & Accessory,1,Married,6,0,16.0,2.0,2.0,8.0,193.54
54004,1,1.0,Phone,2,20.0,UPI,Male,3.0,5,Phone,5,Married,6,1,16.0,2.0,3.0,1.0,148.35
54014,0,2.0,Computer,2,7.0,Debit Card,Male,3.0,4,Phone,1,Married,3,0,16.0,1.0,3.0,3.0,152.06
54043,0,18.0,Phone,1,7.0,Debit Card,Male,4.0,2,Laptop & Accessory,5,Married,4,0,16.0,3.0,3.0,3.0,175.33
54059,0,8.0,Computer,1,29.0,UPI,Male,3.0,5,Laptop & Accessory,1,Married,3,1,16.0,4.0,7.0,12.0,182.47
54107,0,12.0,Phone,3,7.0,Debit Card,Male,3.0,4,Laptop & Accessory,4,Married,2,0,16.0,5.0,6.0,9.0,169.4
54125,0,26.0,Computer,3,127.0,Debit Card,Male,3.0,4,Phone,1,Married,4,0,16.0,2.0,2.0,1.0,159.82
54145,0,19.0,Phone,3,27.0,Debit Card,Female,3.0,4,Laptop & Accessory,3,Single,10,0,16.0,2.0,2.0,2.0,173.5
54157,0,13.0,Phone,1,13.0,CC,Male,3.0,5,Fashion,5,Married,6,0,16.0,2.0,2.0,3.0,224.91
54163,1,1.0,Phone,1,9.0,UPI,Male,4.0,5,Phone,3,Single,8,1,16.0,1.0,2.0,1.0,145.9
54204,0,1.0,Computer,3,15.0,Debit Card,Male,3.0,4,Fashion,3,Single,3,0,16.0,2.0,2.0,3.0,212.26
54218,0,9.0,Phone,1,30.0,CC,Female,2.0,4,Phone,5,Married,5,1,16.0,1.0,3.0,3.0,165.14
54245,0,8.0,Phone,1,7.0,CC,Male,4.0,4,Laptop & Accessory,4,Married,3,0,16.0,2.0,2.0,4.0,168.25
54258,0,2.0,Computer,3,11.0,CC,Male,3.0,4,Laptop & Accessory,3,Married,3,0,16.0,1.0,2.0,5.0,167.21
54270,0,1.0,Phone,1,22.0,CC,Female,3.0,4,Phone,1,Single,3,0,16.0,2.0,2.0,1.0,153.71
54275,0,8.0,Phone,1,13.0,Debit Card,Female,3.0,5,Laptop & Accessory,4,Married,8,0,16.0,2.0,2.0,1.0,170.05
54297,1,15.0,Computer,1,15.0,Debit Card,Male,3.0,6,Fashion,1,Single,4,0,16.0,2.0,2.0,4.0,231.5
54325,0,1.0,Computer,1,10.0,CC,Male,4.0,5,Phone,3,Married,3,1,16.0,1.0,2.0,2.0,150.66
54326,0,24.0,Phone,1,18.0,Debit Card,Female,3.0,4,Others,4,Single,5,0,16.0,1.0,5.0,5.0,324.26
54342,0,8.0,Phone,1,34.0,CC,Female,4.0,4,Phone,4,Single,4,0,16.0,1.0,2.0,3.0,148.11
54344,0,24.0,Phone,1,7.0,CC,Male,3.0,5,Phone,3,Married,4,0,16.0,2.0,2.0,3.0,161.9
54362,0,23.0,Computer,1,25.0,Debit Card,Male,4.0,4,Laptop & Accessory,1,Married,3,1,16.0,1.0,2.0,8.0,193.04
54364,0,14.0,Phone,1,26.0,CC,Male,2.0,4,Laptop & Accessory,1,Married,10,1,16.0,4.0,4.0,8.0,152.41
54377,1,1.0,Computer,3,33.0,E wallet,Female,3.0,5,Laptop & Accessory,5,Single,7,0,16.0,2.0,2.0,2.0,191.96
54391,0,26.0,Phone,1,9.0,Debit Card,Female,3.0,5,Phone,1,Single,9,0,16.0,3.0,3.0,3.0,157.12
54458,0,9.0,Phone,3,23.0,E wallet,Male,4.0,4,Fashion,4,Married,2,0,16.0,4.0,7.0,10.0,205.2
54466,0,10.0,Computer,1,31.0,Debit Card,Female,3.0,4,Laptop & Accessory,4,Married,9,0,16.0,2.0,2.0,9.0,181.74
54478,1,16.0,Phone,1,15.0,CC,Male,3.0,5,Laptop & Accessory,4,Married,4,0,16.0,8.0,8.0,8.0,174.41
54507,0,15.0,Phone,1,13.0,CC,Male,4.0,5,Laptop & Accessory,4,Single,8,1,16.0,2.0,2.0,3.0,185.32
54519,0,10.0,Computer,3,7.0,CC,Female,3.0,4,Laptop & Accessory,1,Single,6,0,16.0,2.0,2.0,1.0,191.53
54528,0,24.0,Phone,1,17.0,COD,Male,4.0,5,Fashion,1,Single,8,0,16.0,2.0,2.0,3.0,229.96
54531,1,1.0,Phone,3,19.0,Debit Card,Female,3.0,2,Phone,4,Single,3,0,16.0,1.0,2.0,1.0,152.16
54554,0,8.0,Computer,3,11.0,E wallet,Female,4.0,4,Laptop & Accessory,3,Married,11,0,16.0,1.0,2.0,3.0,190.38
54559,0,11.0,Computer,1,32.0,CC,Female,4.0,4,Laptop & Accessory,3,Married,5,1,16.0,5.0,11.0,8.0,169.49
54580,0,4.0,Computer,1,10.0,Debit Card,Male,3.0,4,Phone,1,Married,6,0,16.0,2.0,2.0,5.0,145.97
54591,0,9.0,Phone,1,29.0,Debit Card,Male,3.0,6,Phone,3,Single,2,0,16.0,2.0,5.0,4.0,167.3
54601,1,1.0,Computer,2,30.0,UPI,Female,3.0,4,Fashion,5,Married,11,1,16.0,2.0,2.0,3.0,224.5
54609,0,14.0,Phone,1,13.0,Debit Card,Female,4.0,4,Grocery,3,Single,9,0,16.0,5.0,2.0,14.0,257.37
54619,0,14.0,Computer,3,35.0,UPI,Male,3.0,6,Fashion,5,Married,5,0,16.0,1.0,2.0,2.0,234.32
54667,0,11.0,Phone,1,10.0,UPI,Male,3.0,4,Fashion,3,Married,3,0,16.0,8.0,8.0,3.0,219.34
54671,0,28.0,Phone,2,26.0,CC,Male,3.0,4,Fashion,4,Married,4,0,16.0,3.0,2.0,2.0,232.25
54692,0,6.0,Phone,1,10.0,Debit Card,Female,3.0,4,Fashion,1,Single,5,0,16.0,7.0,2.0,8.0,236.58999999999997
54700,0,24.0,Phone,3,15.0,E wallet,Male,3.0,4,Phone,4,Married,9,0,16.0,1.0,3.0,3.0,163.75
54712,0,13.0,Phone,2,10.0,UPI,Female,3.0,2,Laptop & Accessory,4,Married,11,0,16.0,1.0,4.0,7.0,188.89
54719,0,6.0,Computer,1,31.0,Debit Card,Male,4.0,4,Laptop & Accessory,1,Married,3,0,16.0,2.0,5.0,8.0,178.09
54730,0,10.0,Computer,3,15.0,Debit Card,Male,4.0,5,Fashion,5,Single,3,0,16.0,1.0,2.0,10.0,200.87
54752,1,1.0,Phone,3,23.0,E wallet,Female,4.0,4,Laptop & Accessory,5,Single,7,0,16.0,2.0,2.0,3.0,178.24
54754,0,10.0,Phone,1,7.0,UPI,Female,3.0,4,Laptop & Accessory,4,Married,2,0,16.0,2.0,2.0,6.0,177.28
54766,0,12.0,Computer,1,19.0,Debit Card,Male,1.0,5,Laptop & Accessory,5,Married,4,0,16.0,2.0,2.0,3.0,187.88
54809,0,11.0,Computer,3,28.0,CC,Female,3.0,4,Phone,1,Married,7,0,16.0,2.0,2.0,1.0,154.73
54836,0,5.0,Phone,3,14.0,Debit Card,Male,3.0,5,Phone,3,Married,5,0,16.0,3.0,6.0,3.0,148.29
54858,0,3.0,Computer,3,27.0,COD,Female,3.0,4,Phone,1,Married,3,0,16.0,1.0,2.0,3.0,146.57
54879,0,19.0,Computer,1,30.0,Debit Card,Male,3.0,4,Laptop & Accessory,5,Married,3,1,16.0,2.0,2.0,9.0,161.33
54885,0,1.0,Phone,1,24.0,CC,Female,3.0,5,Laptop & Accessory,3,Married,3,0,16.0,1.0,4.0,3.0,168.77
54888,0,1.0,Computer,1,12.0,Debit Card,Male,4.0,4,Phone,1,Single,3,0,16.0,1.0,2.0,1.0,135.51
54892,1,1.0,Phone,1,18.0,CC,Female,4.0,5,Phone,5,Single,3,1,16.0,2.0,2.0,1.0,151.0
54895,0,1.0,Phone,1,15.0,Debit Card,Male,4.0,6,Phone,5,Married,3,0,16.0,1.0,2.0,2.0,149.51
54905,1,1.0,Phone,1,18.0,CC,Female,4.0,6,Laptop & Accessory,4,Married,7,0,16.0,2.0,2.0,1.0,172.77
54910,1,16.0,Phone,3,9.0,E wallet,Female,3.0,6,Others,1,Married,3,0,16.0,4.0,7.0,10.0,323.45
54928,0,11.0,Phone,1,10.0,UPI,Female,3.0,4,Laptop & Accessory,4,Single,5,0,16.0,2.0,2.0,2.0,166.07
54943,0,4.0,Phone,1,27.0,UPI,Male,3.0,4,Laptop & Accessory,5,Married,2,0,16.0,1.0,2.0,3.0,224.57
54951,0,7.0,Phone,1,12.0,Debit Card,Male,3.0,5,Fashion,1,Married,6,0,16.0,2.0,2.0,3.0,196.19
54957,1,1.0,Phone,1,11.0,COD,Male,3.0,4,Phone,1,Married,3,1,16.0,5.0,6.0,7.0,161.91
54961,1,1.0,Computer,1,7.0,CC,Male,3.0,5,Phone,4,Married,3,0,16.0,2.0,2.0,1.0,150.96
54977,0,13.0,Computer,1,16.0,Debit Card,Male,4.0,4,Laptop & Accessory,4,Single,11,0,16.0,2.0,2.0,4.0,192.82
54986,0,3.0,Phone,1,15.0,CC,Male,4.0,5,Laptop & Accessory,1,Married,3,1,16.0,2.0,2.0,3.0,175.56
55031,0,9.0,Phone,3,24.0,Debit Card,Male,4.0,4,Laptop & Accessory,5,Married,5,1,16.0,1.0,2.0,3.0,214.66
55054,0,3.0,Phone,1,8.0,Debit Card,Female,4.0,4,Phone,1,Married,3,0,16.0,2.0,2.0,3.0,162.6
55075,0,29.0,Computer,1,15.0,CC,Male,3.0,5,Grocery,4,Married,3,1,16.0,3.0,16.0,1.0,260.77
55096,0,6.0,Phone,3,15.0,CC,Male,3.0,2,Laptop & Accessory,1,Married,3,0,16.0,1.0,2.0,9.0,187.09
55124,0,12.0,Phone,3,9.0,Debit Card,Female,3.0,4,Laptop & Accessory,5,Married,5,0,16.0,1.0,2.0,8.0,193.93
55133,0,1.0,Computer,1,8.0,Debit Card,Female,4.0,4,Phone,1,Single,3,0,16.0,2.0,2.0,1.0,141.11
55146,1,1.0,Phone,1,29.0,CC,Male,4.0,4,Laptop & Accessory,3,Married,3,1,16.0,6.0,7.0,8.0,186.79
55150,0,11.0,Phone,1,11.0,Debit Card,Male,3.0,4,Phone,3,Married,9,1,16.0,2.0,2.0,4.0,154.96
55200,1,1.0,Phone,2,16.0,COD,Female,3.0,4,Phone,3,Married,3,0,16.0,3.0,3.0,3.0,152.42
55210,0,4.0,Phone,3,23.0,Debit Card,Male,4.0,4,Laptop & Accessory,3,Married,10,0,16.0,2.0,3.0,3.0,178.01
55217,1,1.0,Computer,3,8.0,COD,Male,4.0,4,Phone,3,Married,5,0,16.0,2.0,2.0,3.0,154.09
55293,0,14.0,Phone,3,21.0,Debit Card,Female,3.0,4,Laptop & Accessory,5,Married,3,0,16.0,1.0,2.0,3.0,171.39
55299,0,24.0,Computer,1,27.0,CC,Male,3.0,4,Grocery,3,Married,4,1,16.0,1.0,2.0,14.0,237.45
55304,0,19.0,Computer,3,33.0,E wallet,Male,3.0,5,Laptop & Accessory,5,Married,3,0,16.0,4.0,5.0,6.0,168.85
55316,0,13.0,Phone,1,10.0,CC,Male,4.0,5,Laptop & Accessory,3,Married,2,0,16.0,1.0,2.0,8.0,155.69
55325,0,14.0,Phone,1,23.0,Debit Card,Female,3.0,4,Fashion,1,Single,8,1,16.0,4.0,4.0,4.0,204.45
55338,0,24.0,Phone,1,24.0,Debit Card,Female,3.0,5,Fashion,5,Married,7,0,16.0,1.0,2.0,12.0,257.69
55343,0,10.0,Computer,1,8.0,CC,Female,3.0,5,Laptop & Accessory,3,Married,2,0,16.0,1.0,2.0,3.0,168.74
55348,0,12.0,Computer,1,8.0,Debit Card,Male,3.0,4,Laptop & Accessory,1,Married,9,0,16.0,2.0,3.0,10.0,172.35
55364,0,27.0,Phone,1,31.0,CC,Male,3.0,2,Fashion,1,Married,5,0,16.0,1.0,2.0,3.0,195.05
55381,0,10.0,Phone,3,9.0,Debit Card,Female,3.0,4,Laptop & Accessory,1,Single,5,0,16.0,7.0,7.0,8.0,170.02
55385,0,1.0,Phone,1,24.0,CC,Male,4.0,6,Phone,3,Married,3,0,16.0,2.0,2.0,3.0,148.05
55398,1,1.0,Phone,3,8.0,Debit Card,Male,3.0,6,Laptop & Accessory,4,Single,8,0,16.0,1.0,2.0,1.0,192.35
55401,0,13.0,Computer,1,8.0,Debit Card,Male,4.0,4,Laptop & Accessory,1,Married,3,1,16.0,1.0,6.0,9.0,189.72
55414,0,7.0,Computer,3,9.0,E wallet,Female,4.0,4,Laptop & Accessory,4,Single,10,0,16.0,2.0,2.0,8.0,176.47
55426,0,7.0,Computer,1,11.0,COD,Male,3.0,4,Laptop & Accessory,4,Married,7,0,16.0,1.0,2.0,8.0,155.55
55446,0,20.0,Computer,3,33.0,Debit Card,Male,4.0,5,Laptop & Accessory,4,Single,10,0,16.0,2.0,3.0,3.0,204.91
55452,1,1.0,Phone,1,17.0,CC,Male,3.0,4,Laptop & Accessory,5,Single,3,0,16.0,1.0,2.0,9.0,167.13
55466,0,28.0,Phone,1,14.0,CC,Female,4.0,4,Laptop & Accessory,1,Married,6,0,16.0,2.0,2.0,8.0,193.54
55474,1,1.0,Phone,2,20.0,UPI,Male,3.0,5,Phone,5,Married,6,1,16.0,3.0,3.0,1.0,148.35
55484,0,2.0,Computer,2,8.0,Debit Card,Male,3.0,4,Phone,1,Married,3,0,16.0,2.0,3.0,3.0,152.06
55513,0,18.0,Phone,1,8.0,Debit Card,Male,4.0,2,Laptop & Accessory,5,Married,4,0,16.0,2.0,3.0,3.0,175.33
55529,0,8.0,Computer,1,29.0,UPI,Male,3.0,5,Laptop & Accessory,1,Married,3,1,16.0,4.0,7.0,12.0,182.47
55577,0,12.0,Phone,3,8.0,Debit Card,Male,3.0,4,Laptop & Accessory,4,Married,2,0,16.0,2.0,6.0,9.0,169.4
55595,0,26.0,Computer,3,36.0,Debit Card,Male,3.0,4,Phone,1,Married,4,0,16.0,2.0,2.0,1.0,159.82
55615,0,19.0,Phone,3,27.0,Debit Card,Female,3.0,4,Laptop & Accessory,3,Single,10,0,16.0,1.0,2.0,2.0,173.5
55627,0,13.0,Phone,1,13.0,CC,Male,3.0,5,Fashion,5,Married,6,0,16.0,1.0,2.0,3.0,224.91
50002,1,9.0,Phone,1,8.0,UPI,Male,3.0,4,Phone,3,Single,7,1,15.0,0.0,1.0,0.0,120.9
50025,1,14.0,Computer,1,14.0,Debit Card,Male,2.0,5,Fashion,2,Single,3,0,15.0,0.0,1.0,3.0,206.5
50040,0,0.0,Computer,1,14.0,CC,Male,3.0,4,Phone,3,Married,2,1,15.0,0.0,1.0,1.0,125.66
50057,0,9.0,Phone,1,33.0,CC,Female,3.0,3,Phone,4,Single,3,0,15.0,1.0,1.0,2.0,123.11000000000001
50059,0,23.0,Phone,1,6.0,CC,Male,2.0,4,Phone,3,Divorced,3,0,15.0,0.0,1.0,2.0,136.9
50077,0,22.0,Computer,1,24.0,Debit Card,Male,3.0,3,Laptop & Accessory,2,Married,2,1,15.0,0.0,1.0,7.0,168.04
50079,0,13.0,Phone,1,25.0,CC,Male,3.0,3,Laptop & Accessory,2,Divorced,9,1,15.0,1.0,3.0,7.0,127.41
50092,1,0.0,Computer,3,32.0,E wallet,Female,2.0,4,Laptop & Accessory,5,Single,6,0,15.0,0.0,1.0,1.0,166.96
50106,0,25.0,Phone,1,8.0,Debit Card,Female,2.0,4,Phone,2,Single,8,0,15.0,0.0,2.0,2.0,132.12
50173,0,8.0,Phone,3,22.0,E wallet,Male,3.0,3,Fashion,4,Divorced,1,0,15.0,3.0,6.0,9.0,180.2
50181,0,9.0,Computer,1,30.0,Debit Card,Female,2.0,3,Laptop & Accessory,4,Divorced,8,0,15.0,0.0,1.0,8.0,156.74
50193,1,15.0,Phone,1,14.0,CC,Male,2.0,4,Laptop & Accessory,4,Divorced,3,0,15.0,7.0,7.0,7.0,149.41
50222,0,14.0,Phone,1,12.0,CC,Male,3.0,4,Laptop & Accessory,4,Single,7,1,15.0,1.0,1.0,2.0,160.32
50234,0,9.0,Computer,3,6.0,CC,Female,2.0,3,Laptop & Accessory,2,Single,5,0,15.0,1.0,1.0,0.0,166.53
50243,0,23.0,Phone,1,16.0,COD,Male,3.0,4,Fashion,2,Single,7,0,15.0,0.0,1.0,3.0,204.96
50246,1,0.0,Phone,3,18.0,Debit Card,Female,3.0,2,Phone,4,Single,2,0,15.0,0.0,1.0,0.0,127.16
50269,0,7.0,Computer,3,10.0,E wallet,Female,3.0,3,Laptop & Accessory,3,Divorced,10,0,15.0,1.0,1.0,2.0,165.38
50274,0,10.0,Computer,1,31.0,CC,Female,3.0,3,Laptop & Accessory,3,Divorced,4,1,15.0,3.0,10.0,7.0,144.49
50295,0,9.0,Computer,1,9.0,Debit Card,Male,2.0,3,Phone,2,Divorced,5,0,15.0,0.0,1.0,4.0,120.97
50301,0,23.0,Phone,1,35.0,Debit Card,Male,2.0,4,Grocery,3,Divorced,1,0,15.0,1.0,15.0,7.0,270.46
50306,0,8.0,Phone,1,28.0,Debit Card,Male,2.0,5,Phone,3,Single,1,0,15.0,2.0,4.0,3.0,142.3
50316,1,0.0,Computer,2,29.0,UPI,Female,2.0,3,Fashion,5,Married,10,1,15.0,1.0,1.0,2.0,199.5
50324,0,13.0,Phone,1,12.0,Debit Card,Female,3.0,3,Grocery,3,Single,8,0,15.0,4.0,2.0,13.0,232.37
50334,0,13.0,Computer,3,34.0,UPI,Male,2.0,5,Fashion,5,Married,4,0,15.0,1.0,1.0,3.0,209.32
50382,0,10.0,Phone,1,9.0,UPI,Male,2.0,3,Fashion,3,Divorced,2,0,15.0,6.0,7.0,8.0,194.34
50386,0,27.0,Phone,2,25.0,CC,Male,2.0,3,Fashion,4,Divorced,3,0,15.0,3.0,7.0,1.0,207.25
50407,0,5.0,Phone,1,9.0,Debit Card,Female,2.0,3,Fashion,2,Single,4,0,15.0,3.0,7.0,3.0,211.58999999999997
50411,0,14.0,Phone,2,16.0,UPI,Male,3.0,4,Others,2,Married,4,0,15.0,1.0,12.0,6.0,291.41
50415,0,23.0,Phone,3,14.0,E wallet,Male,2.0,3,Phone,4,Divorced,8,0,15.0,1.0,2.0,2.0,138.75
50427,0,12.0,Phone,2,9.0,UPI,Female,2.0,2,Laptop & Accessory,4,Divorced,10,0,15.0,3.0,3.0,6.0,163.89
50434,0,5.0,Computer,1,30.0,Debit Card,Male,3.0,3,Laptop & Accessory,2,Divorced,2,0,15.0,2.0,4.0,7.0,153.09
50445,0,9.0,Computer,3,14.0,Debit Card,Male,3.0,4,Fashion,5,Single,2,0,15.0,0.0,1.0,9.0,175.87
50467,1,0.0,Phone,3,22.0,E wallet,Female,3.0,3,Laptop & Accessory,5,Single,6,0,15.0,1.0,1.0,2.0,153.24
50469,0,9.0,Phone,1,6.0,UPI,Female,2.0,3,Laptop & Accessory,4,Divorced,1,0,15.0,0.0,1.0,5.0,152.28
50481,0,11.0,Computer,1,18.0,Debit Card,Male,2.0,4,Laptop & Accessory,5,Married,3,0,15.0,1.0,1.0,2.0,162.88
50524,0,10.0,Computer,3,27.0,CC,Female,3.0,3,Phone,2,Divorced,6,0,15.0,1.0,1.0,0.0,129.73
50551,0,4.0,Phone,3,14.0,Debit Card,Male,2.0,4,Phone,3,Divorced,4,0,15.0,3.0,5.0,2.0,123.28999999999999
50573,0,9.0,Computer,3,26.0,COD,Female,2.0,3,Phone,2,Divorced,2,0,15.0,0.0,1.0,2.0,121.57
50575,0,25.0,Phone,1,6.0,Debit Card,Male,3.0,3,Grocery,2,Divorced,3,0,15.0,1.0,7.0,8.0,270.99
50594,0,18.0,Computer,1,29.0,Debit Card,Male,2.0,3,Laptop & Accessory,5,Divorced,2,1,15.0,1.0,1.0,8.0,136.33
50600,0,0.0,Phone,1,23.0,CC,Female,2.0,4,Laptop & Accessory,3,Married,2,0,15.0,2.0,3.0,2.0,143.77
50603,0,0.0,Computer,1,11.0,Debit Card,Male,3.0,3,Phone,2,Single,2,0,15.0,1.0,1.0,0.0,110.50999999999999
50607,1,0.0,Phone,1,14.0,CC,Female,3.0,4,Phone,5,Single,2,1,15.0,0.0,1.0,0.0,126.0
50610,0,0.0,Phone,1,14.0,Debit Card,Male,3.0,5,Phone,5,Divorced,2,0,15.0,1.0,1.0,1.0,124.50999999999999
50620,1,0.0,Phone,1,17.0,CC,Female,3.0,5,Laptop & Accessory,4,Divorced,6,0,15.0,1.0,1.0,0.0,147.77
50643,0,10.0,Phone,1,9.0,UPI,Female,2.0,3,Laptop & Accessory,4,Single,4,0,15.0,1.0,1.0,1.0,141.07
50650,0,28.0,Computer,1,8.0,CC,Male,2.0,4,Grocery,5,Single,8,0,15.0,1.0,6.0,2.0,267.56
50658,0,3.0,Phone,1,26.0,UPI,Male,2.0,3,Laptop & Accessory,5,Divorced,1,0,15.0,1.0,1.0,2.0,199.57
50666,0,6.0,Phone,1,11.0,Debit Card,Male,2.0,4,Fashion,2,Married,5,0,15.0,0.0,1.0,2.0,171.19
50672,1,0.0,Phone,1,10.0,COD,Male,2.0,3,Phone,2,Divorced,2,1,15.0,5.0,5.0,6.0,136.91
50676,1,0.0,Computer,1,14.0,CC,Male,2.0,4,Phone,4,Married,2,0,15.0,0.0,1.0,0.0,125.96000000000001
50692,0,12.0,Computer,1,15.0,Debit Card,Male,3.0,3,Laptop & Accessory,4,Single,21,0,15.0,1.0,1.0,3.0,167.82
50746,0,8.0,Phone,3,23.0,Debit Card,Male,3.0,3,Laptop & Accessory,5,Divorced,4,1,15.0,1.0,1.0,7.0,189.66
50769,0,2.0,Phone,1,6.0,Debit Card,Female,3.0,3,Phone,2,Married,2,0,15.0,0.0,1.0,2.0,137.6
50790,0,28.0,Computer,1,14.0,CC,Male,2.0,4,Grocery,4,Married,2,1,15.0,3.0,2.0,0.0,235.76999999999998
50811,0,5.0,Phone,3,14.0,CC,Male,2.0,1,Laptop & Accessory,2,Divorced,2,0,15.0,0.0,1.0,8.0,162.09
50839,0,11.0,Phone,3,8.0,Debit Card,Female,2.0,3,Laptop & Accessory,5,Married,4,0,15.0,0.0,1.0,7.0,168.93
50848,0,9.0,Computer,1,6.0,Debit Card,Female,3.0,3,Phone,2,Single,2,0,15.0,1.0,1.0,0.0,116.11000000000001
50861,1,0.0,Phone,1,28.0,CC,Male,3.0,3,Laptop & Accessory,3,Divorced,2,1,15.0,3.0,6.0,7.0,161.79
50865,0,10.0,Phone,1,10.0,Debit Card,Male,3.0,3,Phone,3,Divorced,8,1,15.0,1.0,1.0,3.0,129.96
50915,1,0.0,Phone,2,15.0,COD,Female,3.0,3,Phone,3,Divorced,2,0,15.0,1.0,2.0,2.0,127.41999999999999
50925,0,3.0,Phone,3,22.0,Debit Card,Male,3.0,3,Laptop & Accessory,3,Divorced,9,0,15.0,0.0,2.0,2.0,153.01
50932,1,0.0,Computer,3,6.0,COD,Male,3.0,3,Phone,3,Divorced,4,0,15.0,1.0,1.0,2.0,129.09
51008,0,13.0,Phone,3,20.0,Debit Card,Female,2.0,3,Laptop & Accessory,5,Married,2,0,15.0,0.0,1.0,2.0,146.39
51011,0,19.0,Phone,3,6.0,Debit Card,Male,2.0,1,Grocery,5,Single,2,0,15.0,1.0,1.0,12.0,275.67
51014,0,23.0,Computer,1,26.0,CC,Male,2.0,3,Grocery,3,Married,3,1,15.0,3.0,12.0,3.0,212.45
51019,0,18.0,Computer,3,32.0,E wallet,Male,2.0,4,Laptop & Accessory,5,Married,2,0,15.0,0.0,4.0,5.0,143.85
51031,0,12.0,Phone,1,9.0,CC,Male,3.0,4,Laptop & Accessory,3,Married,1,0,15.0,0.0,1.0,7.0,130.69
51040,0,13.0,Phone,1,22.0,Debit Card,Female,2.0,3,Fashion,1,Single,7,1,15.0,1.0,3.0,3.0,179.45
51053,0,23.0,Phone,1,23.0,Debit Card,Female,2.0,4,Fashion,5,Married,6,0,15.0,1.0,2.0,11.0,232.69
51058,0,9.0,Computer,1,6.0,CC,Female,2.0,4,Laptop & Accessory,3,Married,1,0,15.0,1.0,1.0,2.0,143.74
51063,0,11.0,Computer,1,6.0,Debit Card,Male,2.0,3,Laptop & Accessory,1,Married,8,0,15.0,2.0,2.0,9.0,147.35
51079,0,26.0,Phone,1,30.0,CC,Male,2.0,1,Fashion,1,Married,4,0,15.0,0.0,1.0,2.0,170.05
51096,0,9.0,Phone,3,8.0,Debit Card,Female,2.0,3,Laptop & Accessory,1,Single,4,0,15.0,3.0,6.0,7.0,145.02
51100,0,9.0,Phone,1,23.0,CC,Male,3.0,5,Phone,3,Married,2,0,15.0,0.0,1.0,2.0,123.05000000000001
51113,1,0.0,Phone,3,6.0,Debit Card,Male,2.0,5,Laptop & Accessory,4,Single,7,0,15.0,0.0,1.0,0.0,167.35
51116,0,12.0,Computer,1,6.0,Debit Card,Male,3.0,3,Laptop & Accessory,1,Married,2,1,15.0,3.0,5.0,8.0,164.72
51129,0,6.0,Computer,3,8.0,E wallet,Female,3.0,3,Laptop & Accessory,4,Single,9,0,15.0,0.0,1.0,7.0,151.47
51141,0,6.0,Computer,1,10.0,COD,Male,3.0,3,Laptop & Accessory,4,Married,6,0,15.0,0.0,1.0,7.0,130.55
51161,0,19.0,Computer,3,32.0,Debit Card,Male,3.0,4,Laptop & Accessory,4,Single,9,0,15.0,2.0,2.0,2.0,179.91
51167,1,0.0,Phone,1,16.0,CC,Male,2.0,3,Laptop & Accessory,5,Single,2,0,15.0,0.0,1.0,8.0,142.13
51181,0,27.0,Phone,1,13.0,CC,Female,3.0,3,Laptop & Accessory,1,Married,5,0,15.0,1.0,1.0,7.0,168.54
51189,1,0.0,Phone,2,14.0,UPI,Male,2.0,4,Phone,5,Married,5,1,15.0,1.0,2.0,0.0,123.35
51199,0,1.0,Computer,2,6.0,Debit Card,Male,3.0,3,Phone,1,Married,2,0,15.0,0.0,2.0,2.0,127.06
51228,0,17.0,Phone,1,6.0,Debit Card,Male,3.0,1,Laptop & Accessory,5,Married,3,0,15.0,2.0,2.0,2.0,150.33
51244,0,7.0,Computer,1,28.0,UPI,Male,2.0,4,Laptop & Accessory,1,Married,2,1,15.0,3.0,6.0,11.0,157.47
51253,0,22.0,Computer,1,8.0,Debit Card,Male,2.0,3,Others,1,Married,4,0,15.0,1.0,4.0,3.0,291.61
51292,0,11.0,Phone,3,6.0,Debit Card,Male,2.0,3,Laptop & Accessory,4,Married,1,0,15.0,4.0,5.0,8.0,144.4
51310,0,25.0,Computer,3,126.0,Debit Card,Male,2.0,3,Phone,1,Married,3,0,15.0,1.0,1.0,0.0,134.82
51330,0,18.0,Phone,3,26.0,Debit Card,Female,2.0,3,Laptop & Accessory,3,Single,9,0,15.0,1.0,1.0,1.0,148.5
51342,0,12.0,Phone,1,12.0,CC,Male,2.0,4,Fashion,5,Married,5,0,15.0,1.0,1.0,7.0,199.91
51348,1,9.0,Phone,1,8.0,UPI,Male,3.0,4,Phone,3,Single,7,1,15.0,0.0,1.0,0.0,120.9
51389,0,0.0,Computer,3,14.0,Debit Card,Male,2.0,3,Fashion,3,Single,2,0,15.0,1.0,1.0,7.0,187.26
51403,0,8.0,Phone,1,29.0,CC,Female,1.0,3,Phone,5,Married,4,1,15.0,0.0,2.0,2.0,140.14
51430,0,7.0,Phone,1,6.0,CC,Male,3.0,3,Laptop & Accessory,4,Married,2,0,15.0,1.0,1.0,3.0,143.25
51443,0,1.0,Computer,3,10.0,CC,Male,2.0,3,Laptop & Accessory,3,Married,2,0,15.0,0.0,1.0,4.0,142.21
51455,0,0.0,Phone,1,21.0,CC,Female,3.0,3,Phone,1,Single,2,0,15.0,1.0,1.0,0.0,128.71
51460,0,7.0,Phone,1,12.0,Debit Card,Female,2.0,4,Laptop & Accessory,4,Married,7,0,15.0,1.0,1.0,0.0,145.05
51482,1,14.0,Computer,1,14.0,Debit Card,Male,2.0,5,Fashion,1,Single,3,0,15.0,1.0,1.0,3.0,206.5
51510,0,0.0,Computer,1,14.0,CC,Male,3.0,4,Phone,3,Married,2,1,15.0,0.0,1.0,1.0,125.66
51527,0,9.0,Phone,1,33.0,CC,Female,3.0,3,Phone,4,Single,3,0,15.0,0.0,1.0,2.0,123.11000000000001
51529,0,23.0,Phone,1,6.0,CC,Male,2.0,4,Phone,3,Married,3,0,15.0,1.0,1.0,2.0,136.9
51547,0,22.0,Computer,1,24.0,Debit Card,Male,3.0,3,Laptop & Accessory,1,Married,2,1,15.0,0.0,1.0,7.0,168.04
51549,0,13.0,Phone,1,25.0,CC,Male,3.0,3,Laptop & Accessory,1,Married,9,1,15.0,3.0,3.0,7.0,127.41
51562,1,0.0,Computer,3,32.0,E wallet,Female,2.0,4,Laptop & Accessory,5,Single,6,0,15.0,1.0,1.0,1.0,166.96
51576,0,25.0,Phone,1,8.0,Debit Card,Female,2.0,4,Phone,1,Single,8,0,15.0,2.0,2.0,2.0,132.12
51643,0,8.0,Phone,3,22.0,E wallet,Male,3.0,3,Fashion,4,Married,1,0,15.0,3.0,6.0,9.0,180.2
51651,0,9.0,Computer,1,30.0,Debit Card,Female,2.0,3,Laptop & Accessory,4,Married,8,0,15.0,1.0,1.0,8.0,156.74
51663,1,15.0,Phone,1,14.0,CC,Male,2.0,4,Laptop & Accessory,4,Married,3,0,15.0,7.0,7.0,7.0,149.41
51692,0,14.0,Phone,1,12.0,CC,Male,3.0,4,Laptop & Accessory,4,Single,7,1,15.0,1.0,1.0,2.0,160.32
51704,0,9.0,Computer,3,6.0,CC,Female,2.0,3,Laptop & Accessory,1,Single,5,0,15.0,1.0,1.0,0.0,166.53
51713,0,23.0,Phone,1,16.0,COD,Male,3.0,4,Fashion,1,Single,7,0,15.0,1.0,1.0,3.0,204.96
51716,1,0.0,Phone,3,18.0,Debit Card,Female,3.0,1,Phone,4,Single,2,0,15.0,0.0,1.0,0.0,127.16
51739,0,7.0,Computer,3,10.0,E wallet,Female,3.0,3,Laptop & Accessory,3,Married,10,0,15.0,0.0,1.0,2.0,165.38
51744,0,10.0,Computer,1,31.0,CC,Female,3.0,3,Laptop & Accessory,3,Married,4,1,15.0,4.0,10.0,7.0,144.49
51765,0,9.0,Computer,1,9.0,Debit Card,Male,2.0,3,Phone,1,Married,5,0,15.0,1.0,1.0,4.0,120.97
51771,0,23.0,Phone,1,35.0,Debit Card,Male,2.0,4,Grocery,3,Married,1,0,15.0,1.0,15.0,7.0,270.46
51776,0,8.0,Phone,1,28.0,Debit Card,Male,2.0,5,Phone,3,Single,1,0,15.0,1.0,4.0,3.0,142.3
51786,1,0.0,Computer,2,29.0,UPI,Female,2.0,3,Fashion,5,Married,10,1,15.0,1.0,1.0,2.0,199.5
51794,0,13.0,Phone,1,12.0,Debit Card,Female,3.0,3,Grocery,3,Single,8,0,15.0,4.0,2.0,13.0,232.37
51804,0,13.0,Computer,3,34.0,UPI,Male,2.0,5,Fashion,5,Married,4,0,15.0,0.0,1.0,3.0,209.32
51852,0,10.0,Phone,1,9.0,UPI,Male,2.0,3,Fashion,3,Married,2,0,15.0,7.0,7.0,8.0,194.34
51856,0,27.0,Phone,2,25.0,CC,Male,2.0,3,Fashion,4,Married,3,0,15.0,2.0,7.0,1.0,207.25
51877,0,5.0,Phone,1,9.0,Debit Card,Female,2.0,3,Fashion,1,Single,4,0,15.0,6.0,7.0,3.0,211.58999999999997
51881,0,14.0,Phone,2,16.0,UPI,Male,3.0,4,Others,1,Married,4,0,15.0,1.0,12.0,6.0,291.41
51885,0,23.0,Phone,3,14.0,E wallet,Male,2.0,3,Phone,4,Married,8,0,15.0,0.0,2.0,2.0,138.75
51897,0,12.0,Phone,2,9.0,UPI,Female,2.0,1,Laptop & Accessory,4,Married,10,0,15.0,0.0,3.0,6.0,163.89
51904,0,5.0,Computer,1,30.0,Debit Card,Male,3.0,3,Laptop & Accessory,1,Married,2,0,15.0,1.0,4.0,7.0,153.09
51915,0,9.0,Computer,3,14.0,Debit Card,Male,3.0,4,Fashion,5,Single,2,0,15.0,0.0,1.0,9.0,175.87
51937,1,0.0,Phone,3,22.0,E wallet,Female,3.0,3,Laptop & Accessory,5,Single,6,0,15.0,1.0,1.0,2.0,153.24
51939,0,9.0,Phone,1,6.0,UPI,Female,2.0,3,Laptop & Accessory,4,Married,1,0,15.0,1.0,1.0,5.0,152.28
51951,0,11.0,Computer,1,18.0,Debit Card,Male,0.0,4,Laptop & Accessory,5,Married,3,0,15.0,1.0,1.0,2.0,162.88
51994,0,10.0,Computer,3,27.0,CC,Female,3.0,3,Phone,1,Married,6,0,15.0,1.0,1.0,0.0,129.73
52021,0,4.0,Phone,3,14.0,Debit Card,Male,2.0,4,Phone,3,Married,4,0,15.0,2.0,5.0,2.0,123.28999999999999
52043,0,9.0,Computer,3,26.0,COD,Female,2.0,3,Phone,1,Married,2,0,15.0,0.0,1.0,2.0,121.57
52045,0,25.0,Phone,1,6.0,Debit Card,Male,3.0,3,Grocery,1,Married,3,0,15.0,1.0,7.0,8.0,270.99
52064,0,18.0,Computer,1,29.0,Debit Card,Male,2.0,3,Laptop & Accessory,5,Married,2,1,15.0,1.0,1.0,8.0,136.33
52070,0,0.0,Phone,1,23.0,CC,Female,2.0,4,Laptop & Accessory,3,Married,2,0,15.0,0.0,3.0,2.0,143.77
52073,0,0.0,Computer,1,11.0,Debit Card,Male,3.0,3,Phone,1,Single,2,0,15.0,0.0,1.0,0.0,110.50999999999999
52077,1,0.0,Phone,1,14.0,CC,Female,3.0,4,Phone,5,Single,2,1,15.0,1.0,1.0,0.0,126.0
52080,0,0.0,Phone,1,14.0,Debit Card,Male,3.0,5,Phone,5,Married,2,0,15.0,0.0,1.0,1.0,124.50999999999999
52090,1,0.0,Phone,1,17.0,CC,Female,3.0,5,Laptop & Accessory,4,Married,6,0,15.0,1.0,1.0,0.0,147.77
52113,0,10.0,Phone,1,9.0,UPI,Female,2.0,3,Laptop & Accessory,4,Single,4,0,15.0,1.0,1.0,1.0,141.07
52120,0,28.0,Computer,1,8.0,CC,Male,2.0,4,Grocery,5,Single,8,0,15.0,1.0,6.0,2.0,267.56
52128,0,3.0,Phone,1,26.0,UPI,Male,2.0,3,Laptop & Accessory,5,Married,1,0,15.0,0.0,1.0,2.0,199.57
52136,0,6.0,Phone,1,11.0,Debit Card,Male,2.0,4,Fashion,1,Married,5,0,15.0,1.0,1.0,2.0,171.19
52142,1,0.0,Phone,1,10.0,COD,Male,2.0,3,Phone,1,Married,2,1,15.0,4.0,5.0,6.0,136.91
52146,1,0.0,Computer,1,14.0,CC,Male,2.0,4,Phone,4,Married,2,0,15.0,1.0,1.0,0.0,125.96000000000001
52162,0,12.0,Computer,1,15.0,Debit Card,Male,3.0,3,Laptop & Accessory,4,Single,10,0,15.0,1.0,1.0,3.0,167.82
52171,0,2.0,Phone,1,14.0,CC,Male,3.0,4,Laptop & Accessory,1,Married,2,1,15.0,1.0,1.0,2.0,150.56
52216,0,8.0,Phone,3,23.0,Debit Card,Male,3.0,3,Laptop & Accessory,5,Married,4,1,15.0,0.0,1.0,7.0,189.66
52239,0,2.0,Phone,1,7.0,Debit Card,Female,3.0,3,Phone,1,Married,2,0,15.0,1.0,1.0,2.0,137.6
52260,0,28.0,Computer,1,14.0,CC,Male,2.0,4,Grocery,4,Married,2,1,15.0,2.0,2.0,0.0,235.76999999999998
52281,0,5.0,Phone,3,14.0,CC,Male,2.0,1,Laptop & Accessory,1,Married,2,0,15.0,0.0,1.0,8.0,162.09
52309,0,11.0,Phone,3,8.0,Debit Card,Female,2.0,3,Laptop & Accessory,5,Married,4,0,15.0,0.0,1.0,7.0,168.93
52318,0,9.0,Computer,1,7.0,Debit Card,Female,3.0,3,Phone,1,Single,2,0,15.0,1.0,1.0,0.0,116.11000000000001
52331,1,0.0,Phone,1,28.0,CC,Male,3.0,3,Laptop & Accessory,3,Married,2,1,15.0,5.0,6.0,7.0,161.79
52335,0,10.0,Phone,1,10.0,Debit Card,Male,3.0,3,Phone,3,Married,8,1,15.0,1.0,1.0,3.0,129.96
52385,1,0.0,Phone,2,15.0,COD,Female,3.0,3,Phone,3,Married,2,0,15.0,2.0,2.0,2.0,127.41999999999999
52395,0,3.0,Phone,3,22.0,Debit Card,Male,3.0,3,Laptop & Accessory,3,Married,9,0,15.0,1.0,2.0,2.0,153.01
52402,1,0.0,Computer,3,7.0,COD,Male,3.0,3,Phone,3,Married,4,0,15.0,1.0,1.0,2.0,129.09
52478,0,13.0,Phone,3,20.0,Debit Card,Female,2.0,3,Laptop & Accessory,5,Married,2,0,15.0,0.0,1.0,2.0,146.39
52481,0,19.0,Phone,3,7.0,Debit Card,Male,2.0,1,Grocery,5,Single,2,0,15.0,1.0,1.0,12.0,275.67
52484,0,23.0,Computer,1,26.0,CC,Male,2.0,3,Grocery,3,Married,3,1,15.0,0.0,12.0,3.0,212.45
52489,0,18.0,Computer,3,32.0,E wallet,Male,2.0,4,Laptop & Accessory,5,Married,2,0,15.0,3.0,4.0,5.0,143.85
52501,0,12.0,Phone,1,9.0,CC,Male,3.0,4,Laptop & Accessory,3,Married,1,0,15.0,0.0,1.0,7.0,130.69
52510,0,13.0,Phone,1,22.0,Debit Card,Female,2.0,3,Fashion,1,Single,7,1,15.0,3.0,3.0,3.0,179.45
52523,0,23.0,Phone,1,23.0,Debit Card,Female,2.0,4,Fashion,5,Married,6,0,15.0,0.0,2.0,11.0,232.69
52528,0,9.0,Computer,1,7.0,CC,Female,2.0,4,Laptop & Accessory,3,Married,1,0,15.0,0.0,1.0,2.0,143.74
52533,0,11.0,Computer,1,7.0,Debit Card,Male,2.0,3,Laptop & Accessory,1,Married,8,0,15.0,1.0,2.0,9.0,147.35
52549,0,26.0,Phone,1,30.0,CC,Male,2.0,1,Fashion,1,Married,4,0,15.0,0.0,1.0,2.0,170.05
52566,0,9.0,Phone,3,8.0,Debit Card,Female,2.0,3,Laptop & Accessory,1,Single,4,0,15.0,6.0,6.0,7.0,145.02
52570,0,9.0,Phone,1,23.0,CC,Male,3.0,5,Phone,3,Married,2,0,15.0,1.0,1.0,2.0,123.05000000000001
52583,1,0.0,Phone,3,7.0,Debit Card,Male,2.0,5,Laptop & Accessory,4,Single,7,0,15.0,0.0,1.0,0.0,167.35
52586,0,12.0,Computer,1,7.0,Debit Card,Male,3.0,3,Laptop & Accessory,1,Married,2,1,15.0,0.0,5.0,8.0,164.72
52599,0,6.0,Computer,3,8.0,E wallet,Female,3.0,3,Laptop & Accessory,4,Single,9,0,15.0,1.0,1.0,7.0,151.47
52611,0,6.0,Computer,1,10.0,COD,Male,3.0,3,Laptop & Accessory,4,Married,6,0,15.0,0.0,1.0,7.0,130.55
52631,0,19.0,Computer,3,32.0,Debit Card,Male,3.0,4,Laptop & Accessory,4,Single,9,0,15.0,1.0,2.0,2.0,179.91
52637,1,0.0,Phone,1,16.0,CC,Male,2.0,3,Laptop & Accessory,5,Single,2,0,15.0,0.0,1.0,8.0,142.13
52651,0,27.0,Phone,1,13.0,CC,Female,3.0,3,Laptop & Accessory,1,Married,5,0,15.0,1.0,1.0,7.0,168.54
52659,1,0.0,Phone,2,14.0,UPI,Male,2.0,4,Phone,5,Married,5,1,15.0,2.0,2.0,0.0,123.35
52669,0,1.0,Computer,2,7.0,Debit Card,Male,3.0,3,Phone,1,Married,2,0,15.0,1.0,2.0,2.0,127.06
52698,0,17.0,Phone,1,7.0,Debit Card,Male,3.0,1,Laptop & Accessory,5,Married,3,0,15.0,1.0,2.0,2.0,150.33
52714,0,7.0,Computer,1,28.0,UPI,Male,2.0,4,Laptop & Accessory,1,Married,2,1,15.0,3.0,6.0,11.0,157.47
52723,0,22.0,Computer,1,8.0,Debit Card,Male,2.0,3,Others,1,Married,4,0,15.0,1.0,4.0,3.0,291.61
52762,0,11.0,Phone,3,7.0,Debit Card,Male,2.0,3,Laptop & Accessory,4,Married,1,0,15.0,1.0,5.0,8.0,144.4
52780,0,25.0,Computer,3,35.0,Debit Card,Male,2.0,3,Phone,1,Married,3,0,15.0,1.0,1.0,0.0,134.82
52800,0,18.0,Phone,3,26.0,Debit Card,Female,2.0,3,Laptop & Accessory,3,Single,9,0,15.0,0.0,1.0,1.0,148.5
52812,0,12.0,Phone,1,12.0,CC,Male,2.0,4,Fashion,5,Married,5,0,15.0,0.0,1.0,7.0,199.91
52818,1,1.0,Phone,1,31.0,Debit Card,Male,3.0,5,Phone,3,Single,7,1,15.0,1.0,2.0,4.0,145.28
52822,1,3.0,Phone,3,12.0,COD,Male,3.0,4,Laptop & Accessory,2,Divorced,5,0,15.0,1.0,2.0,1.0,145.86
52824,1,14.0,Phone,3,10.0,E wallet,Male,3.0,5,Phone,3,Divorced,3,1,15.0,1.0,2.0,3.0,151.83
52845,0,6.0,Computer,3,15.0,E wallet,Female,3.0,4,Fashion,2,Single,3,0,15.0,3.0,4.0,3.0,214.98
52867,0,7.0,Phone,1,9.0,Debit Card,Male,3.0,4,Phone,2,Single,2,0,15.0,1.0,2.0,3.0,150.0
52881,0,26.0,Phone,1,7.0,Debit Card,Male,4.0,5,Others,3,Divorced,2,0,15.0,2.0,12.0,10.0,324.99
52884,0,17.0,Computer,1,14.0,CC,Male,3.0,3,Phone,2,Married,6,0,15.0,1.0,3.0,3.0,145.89
52889,0,12.0,Phone,1,9.0,Debit Card,Male,3.0,4,Laptop & Accessory,3,Divorced,11,0,15.0,1.0,2.0,1.0,190.53
52899,0,14.0,Computer,1,16.0,Debit Card,Male,4.0,5,Laptop & Accessory,2,Divorced,11,0,15.0,2.0,2.0,3.0,173.76
52903,0,1.0,Computer,3,27.0,Debit Card,Female,3.0,4,Laptop & Accessory,3,Single,3,0,15.0,2.0,2.0,3.0,224.81
52908,1,1.0,Phone,1,7.0,COD,Male,3.0,4,Phone,3,Single,2,0,15.0,1.0,2.0,6.0,145.58
52910,0,28.0,Phone,3,10.0,E wallet,Female,3.0,4,Laptop & Accessory,5,Divorced,4,0,15.0,2.0,2.0,6.0,184.4
52913,0,11.0,Computer,1,18.0,UPI,Male,3.0,4,Fashion,2,Married,3,1,15.0,1.0,2.0,8.0,246.85000000000002
52918,0,3.0,Computer,3,7.0,CC,Female,3.0,4,Fashion,2,Divorced,3,0,15.0,5.0,5.0,2.0,204.18
52919,0,9.0,Computer,3,7.0,E wallet,Female,4.0,4,Fashion,3,Single,3,0,15.0,2.0,2.0,3.0,212.89
52930,1,1.0,Phone,1,7.0,Debit Card,Male,4.0,5,Phone,3,Single,2,1,15.0,2.0,2.0,3.0,162.3
52931,0,13.0,Phone,1,7.0,CC,Female,4.0,4,Phone,3,Married,9,0,15.0,1.0,2.0,3.0,147.32
52939,0,11.0,Phone,1,7.0,CC,Female,3.0,5,Phone,5,Divorced,4,0,15.0,2.0,2.0,3.0,164.2
52945,0,3.0,Phone,3,27.0,E wallet,Male,3.0,4,Laptop & Accessory,2,Married,4,0,15.0,2.0,2.0,3.0,194.31
52959,0,19.0,Phone,1,27.0,CC,Male,4.0,4,Grocery,2,Divorced,2,1,15.0,1.0,2.0,11.0,259.96
52964,0,11.0,Phone,3,13.0,CC,Male,4.0,4,Laptop & Accessory,2,Divorced,6,0,15.0,1.0,2.0,2.0,190.02
52978,0,12.0,Phone,1,30.0,Debit Card,Male,3.0,4,Laptop & Accessory,2,Married,11,0,15.0,1.0,2.0,3.0,182.45
52986,0,16.0,Computer,3,33.0,E wallet,Female,4.0,4,Grocery,4,Divorced,7,0,15.0,3.0,2.0,9.0,260.25
52997,0,6.0,Phone,3,14.0,Debit Card,Male,4.0,5,Laptop & Accessory,3,Divorced,3,0,15.0,2.0,5.0,9.0,179.84
53019,0,7.0,Computer,3,17.0,E wallet,Male,3.0,5,Laptop & Accessory,2,Single,5,0,15.0,2.0,2.0,2.0,171.82
53025,0,19.0,Phone,1,15.0,UPI,Male,4.0,4,Laptop & Accessory,2,Divorced,11,0,15.0,8.0,10.0,9.0,161.97
53032,0,12.0,Phone,1,22.0,Debit Card,Male,4.0,5,Fashion,2,Married,2,1,15.0,2.0,2.0,10.0,240.10000000000002
53033,0,5.0,Phone,1,14.0,CC,Female,3.0,4,Fashion,2,Single,3,1,15.0,3.0,5.0,11.0,196.43
53034,0,3.0,Phone,3,17.0,E wallet,Female,3.0,5,Laptop & Accessory,4,Married,3,1,15.0,1.0,2.0,8.0,207.68
53039,0,16.0,Phone,1,30.0,Debit Card,Female,3.0,4,Grocery,2,Single,4,0,15.0,1.0,2.0,1.0,284.92
53040,0,3.0,Computer,3,9.0,Debit Card,Male,4.0,4,Laptop & Accessory,3,Divorced,3,0,15.0,2.0,2.0,3.0,171.49
53056,0,20.0,Computer,1,14.0,CC,Female,2.0,4,Laptop & Accessory,3,Divorced,4,0,15.0,1.0,2.0,1.0,177.58
53087,0,17.0,Phone,1,15.0,UPI,Female,4.0,4,Laptop & Accessory,3,Married,6,1,15.0,1.0,2.0,3.0,170.22
53097,0,26.0,Phone,1,10.0,CC,Male,3.0,5,Fashion,3,Divorced,4,1,15.0,1.0,2.0,5.0,204.69
53103,0,20.0,Phone,1,25.0,CC,Female,3.0,4,Laptop & Accessory,3,Married,4,0,15.0,1.0,2.0,9.0,173.1
53117,0,4.0,Computer,1,9.0,CC,Female,3.0,4,Phone,2,Single,2,0,15.0,6.0,7.0,8.0,150.64
53128,0,4.0,Phone,3,14.0,E wallet,Male,3.0,4,Phone,4,Single,2,0,15.0,2.0,2.0,3.0,154.83
53133,0,10.0,Computer,3,17.0,CC,Male,3.0,4,Fashion,2,Single,3,0,15.0,2.0,10.0,3.0,224.8
53135,0,22.0,Phone,3,9.0,E wallet,Female,3.0,4,Laptop & Accessory,2,Divorced,4,0,15.0,5.0,7.0,8.0,165.51
53137,0,15.0,Computer,3,17.0,Debit Card,Male,3.0,4,Laptop & Accessory,2,Single,9,0,15.0,1.0,2.0,11.0,187.3
53148,1,1.0,Computer,3,12.0,E wallet,Male,4.0,4,Phone,4,Single,3,1,15.0,2.0,2.0,1.0,143.78
53174,0,9.0,Phone,1,32.0,UPI,Male,3.0,5,Laptop & Accessory,2,Single,6,0,15.0,1.0,2.0,3.0,161.81
53180,0,17.0,Phone,1,13.0,UPI,Male,3.0,5,Grocery,2,Married,6,1,15.0,1.0,2.0,1.0,291.27
53195,1,9.0,Computer,3,33.0,Debit Card,Female,4.0,4,Laptop & Accessory,5,Divorced,4,0,15.0,1.0,2.0,1.0,167.86
53198,0,3.0,Phone,3,10.0,CC,Female,4.0,4,Laptop & Accessory,3,Divorced,3,0,15.0,1.0,2.0,3.0,180.61
53215,0,8.0,Phone,1,16.0,CC,Female,3.0,5,Fashion,4,Single,3,0,15.0,5.0,8.0,3.0,211.21
53216,1,1.0,Phone,3,10.0,Debit Card,Female,4.0,4,Laptop & Accessory,3,Single,11,0,15.0,2.0,3.0,1.0,170.77
53219,1,14.0,Computer,3,15.0,COD,Male,3.0,4,Laptop & Accessory,3,Divorced,5,1,15.0,2.0,2.0,4.0,192.96
53227,0,31.0,Phone,3,23.0,E wallet,Male,3.0,4,Laptop & Accessory,5,Single,10,0,15.0,2.0,3.0,3.0,179.05
53232,0,10.0,Computer,1,15.0,Debit Card,Female,4.0,3,Fashion,5,Divorced,11,0,15.0,1.0,2.0,6.0,242.13
53233,0,12.0,Phone,1,7.0,Debit Card,Female,3.0,4,Fashion,3,Single,6,1,15.0,1.0,2.0,1.0,203.61
53234,0,18.0,Computer,1,31.0,CC,Male,3.0,6,Phone,3,Single,4,0,15.0,1.0,2.0,5.0,162.08
53241,0,1.0,Phone,1,16.0,CC,Male,3.0,4,Phone,5,Divorced,3,0,15.0,1.0,2.0,3.0,150.0
53246,0,3.0,Phone,3,17.0,E wallet,Male,3.0,4,Phone,4,Married,3,0,15.0,1.0,3.0,3.0,147.97
53251,0,8.0,Phone,1,15.0,Debit Card,Female,3.0,4,Laptop & Accessory,5,Married,5,0,15.0,2.0,2.0,1.0,176.21
53262,0,1.0,Computer,1,7.0,Debit Card,Female,4.0,6,Phone,2,Married,5,0,15.0,3.0,3.0,1.0,168.64
53292,0,14.0,Computer,1,23.0,CC,Male,3.0,5,Laptop & Accessory,3,Single,8,0,15.0,2.0,2.0,1.0,175.94
53294,0,19.0,Phone,1,9.0,Debit Card,Female,4.0,5,Phone,3,Single,3,0,15.0,2.0,2.0,1.0,147.74
53305,1,1.0,Computer,1,12.0,CC,Female,3.0,5,Phone,3,Divorced,3,1,15.0,1.0,2.0,8.0,148.66
53307,0,25.0,Phone,3,33.0,E wallet,Female,4.0,4,Grocery,3,Divorced,4,0,15.0,1.0,5.0,18.0,288.07
53312,0,10.0,Phone,3,7.0,Debit Card,Male,3.0,4,Laptop & Accessory,2,Divorced,3,1,15.0,3.0,5.0,12.0,187.01
53323,0,16.0,Computer,1,9.0,CC,Male,3.0,4,Phone,2,Single,7,1,15.0,1.0,3.0,3.0,150.15
53332,0,6.0,Computer,3,12.0,Debit Card,Male,3.0,4,Laptop & Accessory,4,Divorced,3,0,15.0,3.0,6.0,4.0,190.24
53337,0,27.0,Phone,3,15.0,E wallet,Male,4.0,4,Grocery,2,Divorced,7,0,15.0,1.0,2.0,3.0,243.36
53348,0,3.0,Phone,1,14.0,CC,Female,4.0,5,Phone,2,Married,8,0,15.0,2.0,2.0,4.0,150.32
53350,0,2.0,Phone,3,12.0,CC,Male,4.0,4,Laptop & Accessory,2,Single,3,0,15.0,2.0,2.0,3.0,174.08
53351,1,21.0,Computer,1,9.0,Debit Card,Male,3.0,5,Phone,2,Married,11,1,15.0,1.0,2.0,1.0,148.8
53362,0,8.0,Phone,1,17.0,Debit Card,Male,3.0,4,Phone,4,Married,3,0,15.0,2.0,2.0,1.0,145.08
53382,0,14.0,Computer,1,16.0,CC,Male,3.0,4,Phone,4,Married,10,1,15.0,1.0,2.0,1.0,161.17
53385,0,7.0,Phone,1,7.0,Debit Card,Female,3.0,5,Laptop & Accessory,2,Single,2,0,15.0,1.0,2.0,5.0,194.49
53404,0,19.0,Phone,1,7.0,CC,Female,4.0,4,Phone,2,Married,5,0,15.0,1.0,2.0,3.0,147.7
53408,0,1.0,Phone,1,23.0,COD,Female,3.0,4,Phone,4,Divorced,11,0,15.0,3.0,3.0,3.0,153.11
53427,0,22.0,Phone,1,11.0,Debit Card,Male,4.0,5,Fashion,3,Single,9,0,15.0,2.0,2.0,9.0,234.99
53428,0,15.0,Phone,1,14.0,CC,Female,3.0,4,Laptop & Accessory,3,Single,8,0,15.0,2.0,3.0,2.0,175.03
53436,0,29.0,Computer,1,25.0,CC,Male,4.0,4,Laptop & Accessory,4,Divorced,5,1,15.0,7.0,7.0,8.0,188.85
53449,0,31.0,Phone,3,7.0,COD,Male,4.0,4,Fashion,2,Divorced,5,1,15.0,1.0,2.0,5.0,244.04000000000002
53452,1,1.0,Phone,1,22.0,UPI,Male,3.0,4,Laptop & Accessory,3,Married,9,0,15.0,1.0,2.0,1.0,173.34
53453,1,1.0,Computer,1,9.0,Debit Card,Male,3.0,4,Phone,5,Divorced,8,1,15.0,2.0,2.0,3.0,145.42
53459,0,14.0,Phone,3,33.0,E wallet,Male,4.0,4,Laptop & Accessory,5,Divorced,3,0,15.0,6.0,8.0,6.0,208.96
53467,1,1.0,Computer,3,16.0,E wallet,Female,3.0,4,Phone,2,Single,3,1,15.0,1.0,2.0,3.0,148.23
53480,1,8.0,Phone,2,7.0,CC,Male,4.0,5,Fashion,5,Divorced,11,0,15.0,3.0,4.0,3.0,229.82
53486,0,11.0,Phone,3,17.0,Debit Card,Female,3.0,5,Laptop & Accessory,2,Married,4,1,15.0,1.0,2.0,1.0,191.94
53492,1,14.0,Computer,3,7.0,UPI,Male,3.0,4,Laptop & Accessory,3,Single,5,1,15.0,1.0,2.0,1.0,172.28
53498,0,12.0,Phone,3,17.0,E wallet,Male,4.0,5,Fashion,3,Married,2,1,15.0,3.0,3.0,3.0,212.4
53514,0,3.0,Computer,1,17.0,Debit Card,Female,4.0,4,Phone,4,Married,2,0,15.0,2.0,2.0,2.0,157.91
53518,0,5.0,Computer,1,13.0,Debit Card,Male,3.0,5,Phone,3,Married,3,1,15.0,2.0,2.0,3.0,152.03
53564,0,10.0,Phone,1,13.0,Debit Card,Male,3.0,6,Phone,3,Married,3,0,15.0,1.0,2.0,8.0,152.41
53572,0,6.0,Computer,1,9.0,Debit Card,Female,3.0,4,Laptop & Accessory,3,Single,6,1,15.0,2.0,2.0,8.0,174.98
53576,0,1.0,Phone,3,17.0,Debit Card,Male,3.0,4,Laptop & Accessory,2,Single,2,0,15.0,1.0,2.0,2.0,174.5
53580,0,1.0,Phone,1,21.0,Debit Card,Male,3.0,4,Phone,5,Divorced,3,1,15.0,3.0,7.0,9.0,147.35
53596,0,3.0,Phone,1,7.0,Debit Card,Female,3.0,5,Grocery,2,Married,5,0,15.0,1.0,2.0,8.0,286.24
53599,0,7.0,Phone,3,17.0,E wallet,Male,3.0,2,Fashion,3,Married,2,1,15.0,2.0,2.0,9.0,208.8
53602,1,1.0,Computer,3,31.0,Debit Card,Male,4.0,6,Phone,2,Single,3,1,15.0,2.0,2.0,1.0,136.18
53615,0,9.0,Phone,1,13.0,Debit Card,Male,4.0,4,Phone,3,Divorced,2,1,15.0,2.0,3.0,3.0,160.06
53617,0,17.0,Phone,3,11.0,E wallet,Female,3.0,5,Fashion,2,Single,5,0,15.0,11.0,16.0,3.0,227.31
53621,0,25.0,Computer,1,13.0,CC,Female,3.0,5,Phone,3,Single,2,0,15.0,8.0,8.0,8.0,153.38
53657,1,21.0,Phone,1,14.0,CC,Female,3.0,5,Fashion,5,Divorced,9,1,15.0,5.0,6.0,3.0,225.08
53661,0,1.0,Phone,3,18.0,CC,Female,4.0,2,Phone,2,Divorced,10,0,15.0,2.0,2.0,1.0,150.34
53671,1,1.0,Computer,3,9.0,Debit Card,Female,3.0,5,Phone,2,Single,9,0,15.0,1.0,2.0,1.0,152.85
53679,0,15.0,Computer,1,29.0,Debit Card,Female,4.0,4,Laptop & Accessory,2,Married,5,1,15.0,1.0,4.0,4.0,179.67
53686,0,17.0,Phone,1,13.0,CC,Female,4.0,5,Laptop & Accessory,3,Single,3,1,15.0,2.0,2.0,9.0,165.81
53704,0,4.0,Phone,3,14.0,E wallet,Female,4.0,4,Laptop & Accessory,5,Married,9,0,15.0,2.0,2.0,3.0,172.79
53706,0,8.0,Computer,1,7.0,UPI,Male,4.0,4,Phone,5,Married,7,0,15.0,2.0,2.0,4.0,154.96
53708,0,1.0,Phone,1,18.0,Debit Card,Male,4.0,4,Phone,5,Divorced,2,0,15.0,2.0,2.0,5.0,145.99
53713,0,11.0,Computer,1,12.0,COD,Male,3.0,2,Phone,3,Single,2,0,15.0,2.0,2.0,4.0,160.0
53733,0,18.0,Computer,1,12.0,Debit Card,Male,3.0,5,Phone,3,Single,5,0,15.0,1.0,2.0,4.0,156.62
53735,0,23.0,Phone,1,12.0,COD,Male,4.0,4,Laptop & Accessory,3,Divorced,4,0,15.0,1.0,2.0,3.0,191.51
53736,0,14.0,Phone,1,9.0,CC,Male,4.0,4,Phone,3,Married,4,0,15.0,1.0,2.0,3.0,148.45
53738,0,7.0,Computer,3,14.0,CC,Male,3.0,4,Laptop & Accessory,5,Divorced,2,0,15.0,1.0,2.0,4.0,168.73
53745,0,23.0,Phone,1,14.0,Debit Card,Male,3.0,4,Fashion,4,Married,5,0,15.0,1.0,2.0,3.0,229.66
53754,0,3.0,Phone,3,26.0,Debit Card,Male,4.0,5,Laptop & Accessory,3,Married,3,0,15.0,2.0,2.0,3.0,211.2
53760,0,2.0,Phone,1,7.0,Debit Card,Male,4.0,5,Phone,3,Married,3,0,15.0,1.0,2.0,1.0,140.63
53761,0,2.0,Computer,3,14.0,Debit Card,Male,3.0,4,Laptop & Accessory,5,Single,2,0,15.0,2.0,2.0,4.0,173.98
53764,0,2.0,Phone,1,36.0,Debit Card,Male,4.0,6,Laptop & Accessory,4,Divorced,3,0,15.0,2.0,2.0,8.0,190.49
53773,0,1.0,Phone,1,27.0,Debit Card,Male,4.0,4,Laptop & Accessory,3,Single,2,0,15.0,2.0,2.0,3.0,147.72
53774,1,4.0,Phone,1,16.0,Debit Card,Male,3.0,4,Phone,5,Single,5,0,15.0,2.0,2.0,1.0,145.18
53775,0,8.0,Phone,3,7.0,COD,Male,4.0,5,Fashion,3,Divorced,3,1,15.0,8.0,9.0,7.0,195.83
53779,0,16.0,Phone,1,9.0,CC,Male,4.0,5,Phone,4,Married,6,0,15.0,2.0,2.0,1.0,173.41
53784,0,16.0,Computer,1,9.0,Debit Card,Male,3.0,4,Fashion,1,Married,4,1,15.0,13.0,14.0,3.0,226.24
53788,0,1.0,Phone,1,28.0,COD,Male,3.0,5,Phone,5,Married,2,0,15.0,1.0,2.0,1.0,147.96
53794,0,22.0,Phone,3,23.0,Debit Card,Female,4.0,4,Laptop & Accessory,3,Married,10,0,15.0,2.0,8.0,8.0,189.39
53804,0,6.0,Computer,1,7.0,COD,Male,4.0,4,Laptop & Accessory,5,Married,6,0,15.0,2.0,2.0,3.0,165.87
53822,0,8.0,Computer,1,17.0,COD,Male,4.0,5,Laptop & Accessory,3,Married,3,0,15.0,3.0,8.0,8.0,175.63
53828,0,1.0,Computer,1,33.0,UPI,Female,3.0,5,Phone,3,Married,3,1,15.0,1.0,2.0,4.0,153.14
53833,0,19.0,Phone,1,12.0,CC,Female,3.0,6,Laptop & Accessory,5,Single,3,1,15.0,2.0,2.0,5.0,182.69
53838,0,23.0,Phone,1,32.0,Debit Card,Female,3.0,4,Phone,5,Married,3,0,15.0,1.0,2.0,5.0,157.11
53858,1,1.0,Phone,3,22.0,CC,Male,3.0,6,Laptop & Accessory,1,Married,8,1,15.0,2.0,3.0,3.0,179.4
53862,1,4.0,Phone,1,14.0,Debit Card,Male,4.0,4,Phone,5,Single,5,1,15.0,1.0,2.0,4.0,146.66
53880,0,7.0,Phone,3,9.0,CC,Male,4.0,4,Laptop & Accessory,1,Married,3,0,15.0,2.0,2.0,5.0,180.05
53885,0,21.0,Phone,3,9.0,Debit Card,Female,3.0,2,Grocery,4,Married,8,0,15.0,1.0,2.0,3.0,284.72
53886,0,23.0,Phone,1,7.0,Debit Card,Male,3.0,4,Grocery,3,Single,6,0,15.0,1.0,2.0,1.0,278.79
53890,0,10.0,Phone,1,33.0,Debit Card,Male,4.0,4,Laptop & Accessory,3,Married,8,0,15.0,2.0,2.0,3.0,178.47
53899,0,8.0,Phone,1,12.0,CC,Male,3.0,5,Laptop & Accessory,1,Married,3,0,15.0,5.0,5.0,14.0,164.86
53902,0,11.0,Computer,3,7.0,CC,Male,3.0,6,Laptop & Accessory,1,Married,3,0,15.0,1.0,2.0,3.0,220.25
53906,0,9.0,Computer,1,9.0,CC,Male,4.0,5,Phone,1,Single,2,1,15.0,2.0,2.0,5.0,174.3
53918,0,5.0,Phone,1,9.0,Debit Card,Male,4.0,4,Phone,3,Married,3,0,15.0,1.0,2.0,4.0,159.77
53922,0,20.0,Phone,1,20.0,Debit Card,Male,3.0,4,Laptop & Accessory,4,Single,8,0,15.0,2.0,2.0,10.0,180.62
53936,0,1.0,Computer,2,17.0,CC,Male,3.0,4,Phone,1,Married,2,0,15.0,2.0,3.0,2.0,146.45
53943,0,8.0,Phone,1,9.0,CC,Male,4.0,2,Phone,1,Married,2,1,15.0,1.0,2.0,3.0,154.32
53947,0,12.0,Computer,1,9.0,CC,Female,4.0,5,Phone,4,Married,6,0,15.0,1.0,2.0,6.0,149.68
53951,0,6.0,Computer,1,12.0,COD,Male,4.0,4,Phone,4,Single,4,0,15.0,2.0,2.0,8.0,152.18
53958,0,8.0,Computer,3,17.0,Debit Card,Male,3.0,4,Laptop & Accessory,3,Married,3,1,15.0,2.0,2.0,8.0,165.01
53965,0,5.0,Phone,3,36.0,E wallet,Female,4.0,5,Laptop & Accessory,1,Married,3,0,15.0,3.0,6.0,8.0,179.68
53967,0,11.0,Phone,3,16.0,E wallet,Male,3.0,5,Laptop & Accessory,4,Married,3,0,15.0,1.0,2.0,4.0,166.89
53979,0,9.0,Computer,1,9.0,CC,Male,3.0,4,Laptop & Accessory,1,Married,4,0,15.0,1.0,2.0,8.0,182.62
53987,0,4.0,Phone,1,17.0,CC,Female,4.0,4,Fashion,3,Single,11,0,15.0,1.0,2.0,3.0,221.67
53997,0,5.0,Computer,3,14.0,E wallet,Female,4.0,4,Fashion,5,Married,4,0,15.0,3.0,3.0,3.0,221.37
54001,0,31.0,Computer,1,22.0,Debit Card,Male,3.0,4,Grocery,3,Married,4,1,15.0,1.0,3.0,3.0,282.87
54008,0,1.0,Computer,1,12.0,Debit Card,Female,3.0,4,Phone,1,Single,2,1,15.0,2.0,2.0,3.0,148.79
54013,0,20.0,Phone,1,9.0,Debit Card,Male,3.0,4,Fashion,1,Married,5,0,15.0,2.0,5.0,3.0,210.78
54026,0,13.0,Phone,1,26.0,UPI,Male,3.0,4,Laptop & Accessory,1,Married,10,0,15.0,2.0,3.0,3.0,164.02
54034,0,3.0,Phone,1,14.0,Debit Card,Male,3.0,4,Phone,5,Single,5,0,15.0,1.0,2.0,3.0,145.62
54041,0,1.0,Phone,3,9.0,CC,Female,3.0,2,Laptop & Accessory,3,Single,2,0,15.0,1.0,2.0,8.0,190.0
54054,0,7.0,Phone,3,17.0,E wallet,Male,3.0,4,Laptop & Accessory,3,Single,3,0,15.0,1.0,2.0,10.0,179.87
54066,1,1.0,Computer,1,12.0,Debit Card,Female,3.0,2,Phone,3,Single,5,1,15.0,1.0,2.0,4.0,149.32
54072,0,2.0,Computer,1,23.0,CC,Male,3.0,4,Phone,3,Single,3,0,15.0,1.0,2.0,5.0,146.44
54082,0,12.0,Phone,3,7.0,Debit Card,Male,3.0,5,Phone,5,Single,6,0,15.0,1.0,2.0,1.0,153.58
54084,0,1.0,Phone,3,16.0,E wallet,Male,3.0,4,Laptop & Accessory,1,Single,3,0,15.0,1.0,2.0,8.0,166.05
54101,0,14.0,Phone,3,9.0,E wallet,Female,4.0,4,Laptop & Accessory,4,Married,5,0,15.0,2.0,6.0,11.0,181.77
54102,0,1.0,Phone,2,9.0,UPI,Female,3.0,4,Phone,4,Married,6,0,15.0,1.0,2.0,3.0,146.87
54119,0,6.0,Phone,3,7.0,CC,Male,4.0,5,Phone,4,Married,2,0,15.0,1.0,3.0,3.0,147.69
54133,1,1.0,Phone,1,7.0,CC,Male,3.0,4,Phone,1,Married,11,1,15.0,3.0,3.0,3.0,172.87
54140,0,6.0,Phone,1,9.0,COD,Male,4.0,4,Phone,5,Single,3,0,15.0,2.0,2.0,3.0,149.39
54146,0,14.0,Phone,1,9.0,Debit Card,Male,3.0,5,Phone,3,Single,4,0,15.0,1.0,3.0,3.0,153.09
54147,0,9.0,Computer,1,25.0,Debit Card,Male,4.0,4,Laptop & Accessory,3,Married,3,1,15.0,2.0,2.0,3.0,181.89
54148,0,14.0,Phone,1,9.0,CC,Female,4.0,4,Phone,3,Married,4,0,15.0,2.0,2.0,3.0,145.01
54151,0,3.0,Phone,1,35.0,CC,Female,4.0,5,Phone,5,Single,3,0,15.0,1.0,2.0,5.0,162.85
54159,0,23.0,Computer,3,9.0,CC,Male,4.0,5,Laptop & Accessory,4,Married,4,0,15.0,2.0,2.0,9.0,178.9
54175,1,1.0,Phone,1,31.0,Debit Card,Male,3.0,5,Phone,3,Single,7,1,15.0,1.0,2.0,4.0,145.28
54184,0,1.0,Phone,1,22.0,Debit Card,Male,4.0,4,Phone,1,Single,3,0,15.0,2.0,2.0,1.0,137.32
54189,0,18.0,Phone,1,14.0,CC,Female,3.0,5,Fashion,1,Married,5,0,15.0,1.0,6.0,3.0,227.48
54194,1,3.0,Phone,3,12.0,COD,Male,3.0,4,Laptop & Accessory,1,Married,5,0,15.0,1.0,2.0,1.0,145.86
54197,1,14.0,Phone,3,10.0,E wallet,Male,3.0,5,Phone,3,Married,3,1,15.0,2.0,2.0,3.0,151.83
54199,0,10.0,Phone,1,12.0,Debit Card,Female,3.0,5,Phone,5,Married,11,1,15.0,2.0,2.0,1.0,159.19
54226,0,29.0,Phone,1,15.0,CC,Female,3.0,4,Grocery,3,Married,4,1,15.0,1.0,2.0,3.0,272.56
54237,0,9.0,Phone,3,7.0,E wallet,Male,3.0,5,Laptop & Accessory,5,Single,2,0,15.0,2.0,3.0,9.0,168.12
54238,0,19.0,Phone,1,13.0,UPI,Male,3.0,4,Fashion,5,Married,6,1,15.0,2.0,2.0,1.0,257.45
54243,0,29.0,Phone,3,7.0,Debit Card,Male,4.0,4,Fashion,1,Married,5,0,15.0,1.0,2.0,3.0,227.39
54264,0,8.0,Phone,1,13.0,UPI,Female,3.0,4,Laptop & Accessory,3,Single,3,0,15.0,1.0,3.0,11.0,173.09
54265,0,11.0,Computer,1,9.0,Debit Card,Male,4.0,5,Laptop & Accessory,1,Married,7,0,15.0,2.0,2.0,1.0,176.63
54278,0,10.0,Computer,3,18.0,COD,Female,4.0,4,Fashion,1,Married,2,0,15.0,1.0,3.0,3.0,222.38
54289,0,1.0,Phone,1,9.0,COD,Male,4.0,4,Phone,1,Married,2,0,15.0,3.0,3.0,2.0,150.23
54290,0,23.0,Phone,1,27.0,CC,Female,4.0,4,Laptop & Accessory,5,Married,3,0,15.0,6.0,6.0,12.0,190.67
54298,0,13.0,Phone,3,11.0,Debit Card,Female,3.0,5,Laptop & Accessory,3,Married,6,0,15.0,6.0,6.0,10.0,184.02
54304,0,4.0,Phone,1,25.0,Debit Card,Female,4.0,4,Phone,3,Single,3,0,15.0,2.0,2.0,5.0,151.32
54306,0,4.0,Phone,1,12.0,COD,Female,3.0,4,Phone,5,Married,7,0,15.0,1.0,3.0,31.0,157.04
54310,0,1.0,Phone,1,10.0,CC,Female,4.0,4,Phone,4,Single,3,0,15.0,2.0,2.0,1.0,139.83
54315,0,6.0,Computer,3,15.0,E wallet,Female,3.0,4,Fashion,1,Single,3,0,15.0,3.0,4.0,3.0,214.98
54337,0,7.0,Phone,1,9.0,Debit Card,Male,3.0,4,Phone,1,Single,2,0,15.0,2.0,2.0,3.0,150.0
54351,0,26.0,Phone,1,7.0,Debit Card,Male,4.0,5,Others,3,Married,2,0,15.0,8.0,12.0,10.0,324.99
54354,0,17.0,Computer,1,14.0,CC,Male,3.0,2,Phone,1,Married,6,0,15.0,2.0,3.0,3.0,145.89
54359,0,12.0,Phone,1,9.0,Debit Card,Male,3.0,4,Laptop & Accessory,3,Married,11,0,15.0,2.0,2.0,1.0,190.53
54369,0,14.0,Computer,1,16.0,Debit Card,Male,4.0,5,Laptop & Accessory,1,Married,11,0,15.0,1.0,2.0,3.0,173.76
54373,0,1.0,Computer,3,27.0,Debit Card,Female,3.0,4,Laptop & Accessory,3,Single,3,0,15.0,2.0,2.0,3.0,224.81
54378,1,1.0,Phone,1,7.0,COD,Male,3.0,4,Phone,3,Single,2,0,15.0,1.0,2.0,6.0,145.58
54380,0,28.0,Phone,3,10.0,E wallet,Female,3.0,4,Laptop & Accessory,5,Married,4,0,15.0,2.0,2.0,6.0,184.4
54383,0,11.0,Computer,1,18.0,UPI,Male,3.0,4,Fashion,1,Married,3,1,15.0,2.0,2.0,8.0,246.85000000000002
54388,0,3.0,Computer,3,7.0,CC,Female,3.0,4,Fashion,1,Married,3,0,15.0,5.0,5.0,2.0,204.18
54389,0,9.0,Computer,3,7.0,E wallet,Female,4.0,4,Fashion,3,Single,3,0,15.0,2.0,2.0,3.0,212.89
54400,1,1.0,Phone,1,7.0,Debit Card,Male,4.0,5,Phone,3,Single,2,1,15.0,1.0,2.0,3.0,162.3
54401,0,13.0,Phone,1,7.0,CC,Female,4.0,4,Phone,3,Married,9,0,15.0,2.0,2.0,3.0,147.32
54409,0,11.0,Phone,1,7.0,CC,Female,3.0,5,Phone,5,Married,4,0,15.0,1.0,2.0,3.0,164.2
54415,0,3.0,Phone,3,27.0,E wallet,Male,3.0,4,Laptop & Accessory,1,Married,4,0,15.0,2.0,2.0,3.0,194.31
54429,0,19.0,Phone,1,27.0,CC,Male,4.0,4,Grocery,1,Married,2,1,15.0,3.0,2.0,11.0,259.96
54434,0,11.0,Phone,3,13.0,CC,Male,4.0,4,Laptop & Accessory,1,Married,6,0,15.0,2.0,2.0,2.0,190.02
54448,0,12.0,Phone,1,30.0,Debit Card,Male,3.0,4,Laptop & Accessory,1,Married,11,0,15.0,1.0,2.0,3.0,182.45
54456,0,16.0,Computer,3,33.0,E wallet,Female,4.0,4,Grocery,4,Married,7,0,15.0,4.0,2.0,9.0,260.25
54467,0,6.0,Phone,3,14.0,Debit Card,Male,4.0,5,Laptop & Accessory,3,Married,3,0,15.0,4.0,5.0,9.0,179.84
54489,0,7.0,Computer,3,17.0,E wallet,Male,3.0,5,Laptop & Accessory,1,Single,5,0,15.0,2.0,2.0,2.0,171.82
54495,0,19.0,Phone,1,15.0,UPI,Male,4.0,4,Laptop & Accessory,1,Married,11,0,15.0,9.0,10.0,9.0,161.97
54502,0,12.0,Phone,1,22.0,Debit Card,Male,4.0,5,Fashion,1,Married,2,1,15.0,3.0,2.0,10.0,240.10000000000002
54503,0,5.0,Phone,1,14.0,CC,Female,3.0,4,Fashion,1,Single,3,1,15.0,5.0,5.0,11.0,196.43
54504,0,3.0,Phone,3,17.0,E wallet,Female,3.0,5,Laptop & Accessory,4,Married,3,1,15.0,2.0,2.0,8.0,207.68
54509,0,16.0,Phone,1,30.0,Debit Card,Female,3.0,4,Grocery,1,Single,4,0,15.0,1.0,2.0,1.0,284.92
54510,0,3.0,Computer,3,9.0,Debit Card,Male,4.0,4,Laptop & Accessory,3,Married,3,0,15.0,2.0,2.0,3.0,171.49
54526,0,20.0,Computer,1,14.0,CC,Female,2.0,4,Laptop & Accessory,3,Married,4,0,15.0,2.0,2.0,1.0,177.58
54557,0,17.0,Phone,1,15.0,UPI,Female,4.0,4,Laptop & Accessory,3,Married,6,1,15.0,2.0,2.0,3.0,170.22
54567,0,26.0,Phone,1,10.0,CC,Male,3.0,5,Fashion,3,Married,4,1,15.0,2.0,2.0,5.0,204.69
54573,0,20.0,Phone,1,25.0,CC,Female,3.0,4,Laptop & Accessory,3,Married,4,0,15.0,2.0,2.0,9.0,173.1
54587,0,4.0,Computer,1,9.0,CC,Female,3.0,4,Phone,1,Single,2,0,15.0,2.0,7.0,8.0,150.64
54598,0,4.0,Phone,3,14.0,E wallet,Male,3.0,4,Phone,4,Single,2,0,15.0,1.0,2.0,3.0,154.83
54603,0,10.0,Computer,3,17.0,CC,Male,3.0,4,Fashion,1,Single,3,0,15.0,9.0,10.0,3.0,224.8
54605,0,22.0,Phone,3,9.0,E wallet,Female,3.0,4,Laptop & Accessory,1,Married,4,0,15.0,7.0,7.0,8.0,165.51
54607,0,15.0,Computer,3,17.0,Debit Card,Male,3.0,4,Laptop & Accessory,1,Single,9,0,15.0,1.0,2.0,11.0,187.3
54618,1,1.0,Computer,3,12.0,E wallet,Male,4.0,4,Phone,4,Single,3,1,15.0,2.0,2.0,1.0,143.78
54644,0,9.0,Phone,1,32.0,UPI,Male,3.0,5,Laptop & Accessory,1,Single,6,0,15.0,2.0,2.0,3.0,161.81
54650,0,17.0,Phone,1,13.0,UPI,Male,3.0,5,Grocery,1,Married,6,1,15.0,1.0,2.0,1.0,291.27
54665,1,9.0,Computer,3,33.0,Debit Card,Female,4.0,4,Laptop & Accessory,5,Married,4,0,15.0,1.0,2.0,1.0,167.86
54668,0,3.0,Phone,3,10.0,CC,Female,4.0,4,Laptop & Accessory,3,Married,3,0,15.0,1.0,2.0,3.0,180.61
54685,0,8.0,Phone,1,16.0,CC,Female,3.0,5,Fashion,4,Single,3,0,15.0,5.0,8.0,3.0,211.21
54686,1,1.0,Phone,3,10.0,Debit Card,Female,4.0,4,Laptop & Accessory,3,Single,11,0,15.0,2.0,3.0,1.0,170.77
54689,1,14.0,Computer,3,15.0,COD,Male,3.0,4,Laptop & Accessory,3,Married,5,1,15.0,1.0,2.0,4.0,192.96
54697,0,31.0,Phone,3,23.0,E wallet,Male,3.0,4,Laptop & Accessory,5,Single,10,0,15.0,3.0,3.0,3.0,179.05
54702,0,10.0,Computer,1,15.0,Debit Card,Female,4.0,2,Fashion,5,Married,11,0,15.0,1.0,2.0,6.0,242.13
54703,0,12.0,Phone,1,7.0,Debit Card,Female,3.0,4,Fashion,3,Single,6,1,15.0,1.0,2.0,1.0,203.61
54704,0,18.0,Computer,1,31.0,CC,Male,3.0,6,Phone,3,Single,4,0,15.0,1.0,2.0,5.0,162.08
54711,0,1.0,Phone,1,16.0,CC,Male,3.0,4,Phone,5,Married,3,0,15.0,2.0,2.0,3.0,150.0
54716,0,3.0,Phone,3,17.0,E wallet,Male,3.0,4,Phone,4,Married,3,0,15.0,3.0,3.0,3.0,147.97
54721,0,8.0,Phone,1,15.0,Debit Card,Female,3.0,4,Laptop & Accessory,5,Married,5,0,15.0,2.0,2.0,1.0,176.21
54732,0,1.0,Computer,1,7.0,Debit Card,Female,4.0,6,Phone,1,Married,5,0,15.0,3.0,3.0,1.0,168.64
54762,0,14.0,Computer,1,23.0,CC,Male,3.0,5,Laptop & Accessory,3,Single,8,0,15.0,1.0,2.0,1.0,175.94
54764,0,19.0,Phone,1,9.0,Debit Card,Female,4.0,5,Phone,3,Single,3,0,15.0,2.0,2.0,1.0,147.74
54775,1,1.0,Computer,1,12.0,CC,Female,3.0,5,Phone,3,Married,3,1,15.0,1.0,2.0,8.0,148.66
54777,0,25.0,Phone,3,33.0,E wallet,Female,4.0,4,Grocery,3,Married,4,0,15.0,1.0,5.0,18.0,288.07
54782,0,10.0,Phone,3,7.0,Debit Card,Male,3.0,4,Laptop & Accessory,1,Married,3,1,15.0,4.0,5.0,12.0,187.01
54793,0,16.0,Computer,1,9.0,CC,Male,3.0,4,Phone,1,Single,7,1,15.0,2.0,3.0,3.0,150.15
54802,0,6.0,Computer,3,12.0,Debit Card,Male,3.0,4,Laptop & Accessory,4,Married,3,0,15.0,3.0,6.0,4.0,190.24
54807,0,27.0,Phone,3,15.0,E wallet,Male,4.0,4,Grocery,1,Married,7,0,15.0,3.0,2.0,3.0,243.36
54818,0,3.0,Phone,1,14.0,CC,Female,4.0,5,Phone,1,Married,8,0,15.0,2.0,2.0,4.0,150.32
54820,0,2.0,Phone,3,12.0,CC,Male,4.0,4,Laptop & Accessory,1,Single,3,0,15.0,1.0,2.0,3.0,174.08
54821,1,21.0,Computer,1,9.0,Debit Card,Male,3.0,5,Phone,1,Married,11,1,15.0,2.0,2.0,1.0,148.8
54832,0,8.0,Phone,1,17.0,Debit Card,Male,3.0,4,Phone,4,Married,3,0,15.0,2.0,2.0,1.0,145.08
54852,0,14.0,Computer,1,16.0,CC,Male,3.0,4,Phone,4,Married,10,1,15.0,1.0,2.0,1.0,161.17
54855,0,7.0,Phone,1,7.0,Debit Card,Female,3.0,5,Laptop & Accessory,1,Single,2,0,15.0,2.0,2.0,5.0,194.49
54874,0,19.0,Phone,1,7.0,CC,Female,4.0,4,Phone,1,Married,5,0,15.0,2.0,2.0,3.0,147.7
54878,0,1.0,Phone,1,23.0,COD,Female,3.0,4,Phone,4,Married,11,0,15.0,3.0,3.0,3.0,153.11
54897,0,22.0,Phone,1,11.0,Debit Card,Male,4.0,5,Fashion,3,Single,9,0,15.0,2.0,2.0,9.0,234.99
54898,0,15.0,Phone,1,14.0,CC,Female,3.0,4,Laptop & Accessory,3,Single,8,0,15.0,3.0,3.0,2.0,175.03
54906,0,29.0,Computer,1,25.0,CC,Male,4.0,4,Laptop & Accessory,4,Married,5,1,15.0,3.0,7.0,8.0,188.85
54919,0,31.0,Phone,3,7.0,COD,Male,4.0,4,Fashion,1,Married,5,1,15.0,2.0,2.0,5.0,244.04000000000002
54922,1,1.0,Phone,1,22.0,UPI,Male,3.0,4,Laptop & Accessory,3,Married,9,0,15.0,1.0,2.0,1.0,173.34
54923,1,1.0,Computer,1,9.0,Debit Card,Male,3.0,4,Phone,5,Married,8,1,15.0,1.0,2.0,3.0,145.42
54929,0,14.0,Phone,3,33.0,E wallet,Male,4.0,4,Laptop & Accessory,5,Married,3,0,15.0,4.0,8.0,6.0,208.96
54937,1,1.0,Computer,3,16.0,E wallet,Female,3.0,4,Phone,1,Single,3,1,15.0,2.0,2.0,3.0,148.23
54950,1,8.0,Phone,2,7.0,CC,Male,4.0,5,Fashion,5,Married,11,0,15.0,3.0,4.0,3.0,229.82
54956,0,11.0,Phone,3,17.0,Debit Card,Female,3.0,5,Laptop & Accessory,1,Married,4,1,15.0,2.0,2.0,1.0,191.94
54962,1,14.0,Computer,3,7.0,UPI,Male,3.0,4,Laptop & Accessory,3,Single,5,1,15.0,2.0,2.0,1.0,172.28
54968,0,12.0,Phone,3,17.0,E wallet,Male,4.0,5,Fashion,3,Married,2,1,15.0,2.0,3.0,3.0,212.4
54984,0,3.0,Computer,1,17.0,Debit Card,Female,4.0,4,Phone,4,Married,2,0,15.0,1.0,2.0,2.0,157.91
54988,0,2.0,Computer,1,13.0,Debit Card,Male,3.0,5,Phone,3,Married,3,1,15.0,2.0,2.0,3.0,152.03
55034,0,10.0,Phone,1,13.0,Debit Card,Male,3.0,6,Phone,3,Married,3,0,15.0,2.0,2.0,8.0,152.41
55042,0,6.0,Computer,1,9.0,Debit Card,Female,3.0,4,Laptop & Accessory,3,Single,6,1,15.0,2.0,2.0,8.0,174.98
55046,0,1.0,Phone,3,17.0,Debit Card,Male,3.0,4,Laptop & Accessory,1,Single,2,0,15.0,2.0,2.0,2.0,174.5
55050,0,1.0,Phone,1,21.0,Debit Card,Male,3.0,4,Phone,5,Married,3,1,15.0,6.0,7.0,9.0,147.35
55066,0,3.0,Phone,1,8.0,Debit Card,Female,3.0,5,Grocery,1,Married,5,0,15.0,1.0,2.0,8.0,286.24
55069,0,7.0,Phone,3,17.0,E wallet,Male,3.0,2,Fashion,3,Married,2,1,15.0,1.0,2.0,9.0,208.8
55072,1,1.0,Computer,3,31.0,Debit Card,Male,4.0,6,Phone,1,Single,3,1,15.0,2.0,2.0,1.0,136.18
55085,0,9.0,Phone,1,13.0,Debit Card,Male,4.0,4,Phone,3,Married,2,1,15.0,2.0,3.0,3.0,160.06
55087,0,17.0,Phone,3,11.0,E wallet,Female,3.0,5,Fashion,1,Single,5,0,15.0,11.0,16.0,3.0,227.31
55091,0,25.0,Computer,1,13.0,CC,Female,3.0,5,Phone,3,Single,2,0,15.0,4.0,8.0,8.0,153.38
55127,1,21.0,Phone,1,14.0,CC,Female,3.0,5,Fashion,5,Married,9,1,15.0,2.0,6.0,3.0,225.08
55131,0,1.0,Phone,3,18.0,CC,Female,4.0,2,Phone,1,Married,10,0,15.0,1.0,2.0,1.0,150.34
55141,1,1.0,Computer,3,9.0,Debit Card,Female,3.0,5,Phone,1,Single,9,0,15.0,1.0,2.0,1.0,152.85
55149,0,15.0,Computer,1,29.0,Debit Card,Female,4.0,4,Laptop & Accessory,1,Married,5,1,15.0,3.0,4.0,4.0,179.67
55156,0,17.0,Phone,1,13.0,CC,Female,4.0,5,Laptop & Accessory,3,Single,3,1,15.0,1.0,2.0,9.0,165.81
55174,0,4.0,Phone,3,14.0,E wallet,Female,4.0,4,Laptop & Accessory,5,Married,9,0,15.0,2.0,2.0,3.0,172.79
55176,0,8.0,Computer,1,8.0,UPI,Male,4.0,4,Phone,5,Married,7,0,15.0,2.0,2.0,4.0,154.96
55178,0,1.0,Phone,1,18.0,Debit Card,Male,4.0,4,Phone,5,Married,2,0,15.0,2.0,2.0,5.0,145.99
55183,0,11.0,Computer,1,12.0,COD,Male,3.0,2,Phone,3,Single,2,0,15.0,1.0,2.0,4.0,160.0
55203,0,18.0,Computer,1,12.0,Debit Card,Male,3.0,5,Phone,3,Single,5,0,15.0,1.0,2.0,4.0,156.62
55205,0,23.0,Phone,1,12.0,COD,Male,4.0,4,Laptop & Accessory,3,Married,4,0,15.0,1.0,2.0,3.0,191.51
55206,0,14.0,Phone,1,9.0,CC,Male,4.0,4,Phone,3,Married,4,0,15.0,2.0,2.0,3.0,148.45
55208,0,7.0,Computer,3,14.0,CC,Male,3.0,4,Laptop & Accessory,5,Married,2,0,15.0,2.0,2.0,4.0,168.73
55215,0,23.0,Phone,1,14.0,Debit Card,Male,3.0,4,Fashion,4,Married,5,0,15.0,1.0,2.0,3.0,229.66
55224,0,3.0,Phone,3,26.0,Debit Card,Male,4.0,5,Laptop & Accessory,3,Married,3,0,15.0,2.0,2.0,3.0,211.2
55230,0,2.0,Phone,1,8.0,Debit Card,Male,4.0,5,Phone,3,Married,3,0,15.0,1.0,2.0,1.0,140.63
55231,0,2.0,Computer,3,14.0,Debit Card,Male,3.0,4,Laptop & Accessory,5,Single,2,0,15.0,2.0,2.0,4.0,173.98
55234,0,2.0,Phone,1,36.0,Debit Card,Male,4.0,6,Laptop & Accessory,4,Married,3,0,15.0,1.0,2.0,8.0,190.49
55243,0,1.0,Phone,1,27.0,Debit Card,Male,4.0,4,Laptop & Accessory,3,Single,2,0,15.0,2.0,2.0,3.0,147.72
55244,1,4.0,Phone,1,16.0,Debit Card,Male,3.0,4,Phone,5,Single,5,0,15.0,2.0,2.0,1.0,145.18
55245,0,8.0,Phone,3,8.0,COD,Male,4.0,5,Fashion,3,Married,3,1,15.0,8.0,9.0,7.0,195.83
55249,0,16.0,Phone,1,9.0,CC,Male,4.0,5,Phone,4,Married,6,0,15.0,1.0,2.0,1.0,173.41
55254,0,16.0,Computer,1,9.0,Debit Card,Male,3.0,4,Fashion,1,Married,4,1,15.0,5.0,14.0,3.0,226.24
55258,0,1.0,Phone,1,28.0,COD,Male,3.0,5,Phone,5,Married,2,0,15.0,1.0,2.0,1.0,147.96
55264,0,22.0,Phone,3,23.0,Debit Card,Female,4.0,4,Laptop & Accessory,3,Married,10,0,15.0,8.0,8.0,8.0,189.39
55274,0,6.0,Computer,1,8.0,COD,Male,4.0,4,Laptop & Accessory,5,Married,6,0,15.0,1.0,2.0,3.0,165.87
55292,0,8.0,Computer,1,17.0,COD,Male,4.0,5,Laptop & Accessory,3,Married,3,0,15.0,2.0,8.0,8.0,175.63
55298,0,1.0,Computer,1,33.0,UPI,Female,3.0,5,Phone,3,Married,3,1,15.0,2.0,2.0,4.0,153.14
55303,0,19.0,Phone,1,12.0,CC,Female,3.0,6,Laptop & Accessory,5,Single,3,1,15.0,1.0,2.0,5.0,182.69
55308,0,23.0,Phone,1,32.0,Debit Card,Female,3.0,4,Phone,5,Married,3,0,15.0,2.0,2.0,5.0,157.11
55328,1,1.0,Phone,3,22.0,CC,Male,3.0,6,Laptop & Accessory,1,Married,8,1,15.0,1.0,3.0,3.0,179.4
55332,1,4.0,Phone,1,14.0,Debit Card,Male,4.0,4,Phone,5,Single,5,1,15.0,1.0,2.0,4.0,146.66
55350,0,7.0,Phone,3,9.0,CC,Male,4.0,4,Laptop & Accessory,1,Married,3,0,15.0,2.0,2.0,5.0,180.05
55355,0,21.0,Phone,3,9.0,Debit Card,Female,3.0,2,Grocery,4,Married,8,0,15.0,1.0,2.0,3.0,284.72
55356,0,23.0,Phone,1,8.0,Debit Card,Male,3.0,4,Grocery,3,Single,6,0,15.0,1.0,2.0,1.0,278.79
55360,0,10.0,Phone,1,33.0,Debit Card,Male,4.0,4,Laptop & Accessory,3,Married,8,0,15.0,2.0,2.0,3.0,178.47
55369,0,8.0,Phone,1,12.0,CC,Male,3.0,5,Laptop & Accessory,1,Married,3,0,15.0,1.0,5.0,14.0,164.86
55372,0,11.0,Computer,3,8.0,CC,Male,3.0,6,Laptop & Accessory,1,Married,3,0,15.0,2.0,2.0,3.0,220.25
55376,0,9.0,Computer,1,9.0,CC,Male,4.0,5,Phone,1,Single,2,1,15.0,2.0,2.0,5.0,174.3
55388,0,5.0,Phone,1,9.0,Debit Card,Male,4.0,4,Phone,3,Married,3,0,15.0,2.0,2.0,4.0,159.77
55392,0,20.0,Phone,1,20.0,Debit Card,Male,3.0,4,Laptop & Accessory,4,Single,8,0,15.0,2.0,2.0,10.0,180.62
55403,0,14.0,Phone,3,14.0,CC,Male,3.0,4,Others,4,Single,3,0,15.0,13.0,13.0,9.0,323.33
55406,0,1.0,Computer,2,17.0,CC,Male,3.0,4,Phone,1,Married,2,0,15.0,1.0,3.0,2.0,146.45
55413,0,8.0,Phone,1,9.0,CC,Male,4.0,2,Phone,1,Married,2,1,15.0,2.0,2.0,3.0,154.32
55417,0,12.0,Computer,1,9.0,CC,Female,4.0,5,Phone,4,Married,6,0,15.0,1.0,2.0,6.0,149.68
55421,0,6.0,Computer,1,12.0,COD,Male,4.0,4,Phone,4,Single,4,0,15.0,2.0,2.0,8.0,152.18
55428,0,8.0,Computer,3,17.0,Debit Card,Male,3.0,4,Laptop & Accessory,3,Married,3,1,15.0,2.0,2.0,8.0,165.01
55435,0,5.0,Phone,3,36.0,E wallet,Female,4.0,5,Laptop & Accessory,1,Married,3,0,15.0,1.0,6.0,8.0,179.68
55437,0,11.0,Phone,3,16.0,E wallet,Male,3.0,5,Laptop & Accessory,4,Married,3,0,15.0,2.0,2.0,4.0,166.89
55449,0,9.0,Computer,1,9.0,CC,Male,3.0,4,Laptop & Accessory,1,Married,4,0,15.0,2.0,2.0,8.0,182.62
55457,0,4.0,Phone,1,17.0,CC,Female,4.0,4,Fashion,3,Single,11,0,15.0,1.0,2.0,3.0,221.67
55467,0,5.0,Computer,3,14.0,E wallet,Female,4.0,4,Fashion,5,Married,4,0,15.0,3.0,3.0,3.0,221.37
55471,0,31.0,Computer,1,22.0,Debit Card,Male,3.0,4,Grocery,3,Married,4,1,15.0,1.0,3.0,3.0,282.87
55478,0,1.0,Computer,1,12.0,Debit Card,Female,3.0,4,Phone,1,Single,2,1,15.0,2.0,2.0,3.0,148.79
55483,0,20.0,Phone,1,9.0,Debit Card,Male,3.0,4,Fashion,1,Married,5,0,15.0,1.0,5.0,3.0,210.78
55496,0,13.0,Phone,1,26.0,UPI,Male,3.0,4,Laptop & Accessory,1,Married,10,0,15.0,1.0,3.0,3.0,164.02
55504,0,3.0,Phone,1,14.0,Debit Card,Male,3.0,4,Phone,5,Single,5,0,15.0,1.0,2.0,3.0,145.62
55511,0,1.0,Phone,3,9.0,CC,Female,3.0,2,Laptop & Accessory,3,Single,2,0,15.0,1.0,2.0,8.0,190.0
55524,0,7.0,Phone,3,17.0,E wallet,Male,3.0,4,Laptop & Accessory,3,Single,3,0,15.0,1.0,2.0,10.0,179.87
55536,1,1.0,Computer,1,12.0,Debit Card,Female,3.0,2,Phone,3,Single,5,1,15.0,1.0,2.0,4.0,149.32
55542,0,2.0,Computer,1,23.0,CC,Male,3.0,4,Phone,3,Single,3,0,15.0,1.0,2.0,5.0,146.44
55552,0,12.0,Phone,3,8.0,Debit Card,Male,3.0,5,Phone,5,Single,6,0,15.0,2.0,2.0,1.0,153.58
55554,0,1.0,Phone,3,16.0,E wallet,Male,3.0,4,Laptop & Accessory,1,Single,3,0,15.0,2.0,2.0,8.0,166.05
55571,0,14.0,Phone,3,9.0,E wallet,Female,4.0,4,Laptop & Accessory,4,Married,5,0,15.0,2.0,6.0,11.0,181.77
55572,0,1.0,Phone,2,9.0,UPI,Female,3.0,4,Phone,4,Married,6,0,15.0,1.0,2.0,3.0,146.87
55589,0,6.0,Phone,3,8.0,CC,Male,4.0,5,Phone,4,Married,2,0,15.0,3.0,3.0,3.0,147.69
55603,1,1.0,Phone,1,8.0,CC,Male,3.0,4,Phone,1,Married,11,1,15.0,3.0,3.0,3.0,172.87
55610,0,6.0,Phone,1,9.0,COD,Male,4.0,4,Phone,5,Single,3,0,15.0,1.0,2.0,3.0,149.39
55616,0,14.0,Phone,1,9.0,Debit Card,Male,1.0,5,Phone,3,Single,4,0,15.0,1.0,3.0,3.0,153.09
55617,0,9.0,Computer,1,25.0,Debit Card,Male,4.0,4,Laptop & Accessory,3,Married,3,1,15.0,1.0,2.0,3.0,181.89
55618,0,14.0,Phone,1,9.0,CC,Female,4.0,4,Phone,3,Married,4,0,15.0,1.0,2.0,3.0,145.01
55621,0,3.0,Phone,1,35.0,CC,Female,4.0,5,Phone,5,Single,3,0,15.0,1.0,2.0,5.0,162.85
55629,0,23.0,Computer,3,9.0,CC,Male,4.0,5,Laptop & Accessory,4,Married,4,0,15.0,2.0,2.0,9.0,178.9
50003,1,9.0,Phone,1,30.0,Debit Card,Male,2.0,4,Phone,3,Single,6,1,14.0,0.0,1.0,3.0,120.28
50007,1,9.0,Phone,3,11.0,COD,Male,2.0,3,Laptop & Accessory,2,Divorced,4,0,14.0,0.0,1.0,0.0,120.86000000000001
50009,1,13.0,Phone,3,9.0,E wallet,Male,3.0,4,Phone,3,Divorced,2,1,14.0,0.0,1.0,2.0,126.83000000000001
50030,0,5.0,Computer,3,14.0,E wallet,Female,2.0,3,Fashion,2,Single,2,0,14.0,2.0,3.0,7.0,189.98
50052,0,6.0,Phone,1,14.0,Debit Card,Male,2.0,3,Phone,2,Single,1,0,14.0,0.0,1.0,2.0,125.0
50062,0,13.0,Phone,1,10.0,CC,Female,2.0,3,Others,3,Divorced,2,0,14.0,1.0,9.0,9.0,290.33
50069,0,9.0,Computer,1,13.0,CC,Male,2.0,2,Phone,2,Married,5,0,14.0,0.0,2.0,2.0,120.88999999999999
50074,0,11.0,Phone,1,8.0,Debit Card,Male,2.0,3,Laptop & Accessory,3,Divorced,10,0,14.0,0.0,1.0,0.0,165.53
50084,0,13.0,Computer,1,15.0,Debit Card,Male,3.0,4,Laptop & Accessory,2,Divorced,10,0,14.0,1.0,1.0,2.0,148.76
50088,0,0.0,Computer,3,26.0,Debit Card,Female,2.0,3,Laptop & Accessory,3,Single,2,0,14.0,1.0,1.0,7.0,199.81
50093,1,9.0,Phone,1,6.0,COD,Male,2.0,3,Phone,3,Single,1,0,14.0,0.0,1.0,5.0,120.58000000000001
50095,0,27.0,Phone,3,9.0,E wallet,Female,2.0,3,Laptop & Accessory,5,Divorced,3,0,14.0,1.0,1.0,5.0,159.4
50098,0,10.0,Computer,1,17.0,UPI,Male,2.0,3,Fashion,2,Married,2,1,14.0,0.0,1.0,3.0,221.85000000000002
50103,0,2.0,Computer,3,6.0,CC,Female,2.0,3,Fashion,2,Divorced,2,0,14.0,4.0,4.0,1.0,179.18
50104,0,8.0,Computer,3,6.0,E wallet,Female,3.0,3,Fashion,3,Single,2,0,14.0,1.0,1.0,8.0,187.89
50115,1,0.0,Phone,1,6.0,Debit Card,Male,3.0,4,Phone,3,Single,1,1,14.0,1.0,1.0,2.0,137.3
50116,0,9.0,Phone,1,6.0,CC,Female,3.0,3,Phone,3,Married,8,0,14.0,0.0,1.0,2.0,122.32
50124,0,10.0,Phone,1,6.0,CC,Female,2.0,4,Phone,5,Divorced,3,0,14.0,1.0,1.0,2.0,139.2
50130,0,2.0,Phone,3,26.0,E wallet,Male,2.0,3,Laptop & Accessory,2,Married,3,0,14.0,1.0,1.0,2.0,169.31
50144,0,18.0,Phone,1,26.0,CC,Male,3.0,3,Grocery,2,Divorced,1,1,14.0,0.0,2.0,10.0,234.95999999999998
50146,0,28.0,Phone,1,6.0,CC,Male,2.0,3,Others,5,Single,1,1,14.0,1.0,4.0,13.0,290.45
50149,0,10.0,Phone,3,12.0,CC,Male,3.0,3,Laptop & Accessory,2,Divorced,5,0,14.0,0.0,1.0,1.0,165.02
50155,0,23.0,Phone,1,10.0,Debit Card,Male,3.0,3,Others,4,Married,4,0,14.0,1.0,1.0,6.0,291.44
50163,0,11.0,Phone,1,29.0,Debit Card,Male,2.0,3,Laptop & Accessory,2,Married,10,0,14.0,0.0,1.0,2.0,157.45
50171,0,15.0,Computer,3,32.0,E wallet,Female,3.0,3,Grocery,4,Divorced,6,0,14.0,2.0,2.0,8.0,235.25
50182,0,5.0,Phone,3,13.0,Debit Card,Male,3.0,4,Laptop & Accessory,3,Divorced,2,0,14.0,1.0,4.0,8.0,154.84
50190,0,12.0,Phone,1,16.0,CC,Male,2.0,3,Grocery,5,Divorced,2,1,14.0,1.0,11.0,10.0,270.68
50204,0,6.0,Computer,3,16.0,E wallet,Male,2.0,4,Laptop & Accessory,2,Single,4,0,14.0,1.0,1.0,1.0,146.82
50210,0,18.0,Phone,1,14.0,UPI,Male,3.0,3,Laptop & Accessory,2,Divorced,10,0,14.0,7.0,9.0,8.0,136.97
50217,0,11.0,Phone,1,21.0,Debit Card,Male,3.0,4,Fashion,2,Married,1,1,14.0,1.0,2.0,3.0,215.10000000000002
50218,0,4.0,Phone,1,13.0,CC,Female,2.0,3,Fashion,2,Single,2,1,14.0,2.0,4.0,10.0,171.43
50219,0,2.0,Phone,3,16.0,E wallet,Female,2.0,4,Laptop & Accessory,4,Married,2,1,14.0,0.0,1.0,7.0,182.68
50224,0,15.0,Phone,1,29.0,Debit Card,Female,2.0,3,Grocery,2,Single,3,0,14.0,0.0,2.0,0.0,259.92
50225,0,2.0,Computer,3,8.0,Debit Card,Male,3.0,3,Laptop & Accessory,3,Divorced,2,0,14.0,1.0,1.0,2.0,146.49
50241,0,19.0,Computer,1,13.0,CC,Female,1.0,3,Laptop & Accessory,3,Divorced,3,0,14.0,0.0,1.0,0.0,152.58
50272,0,16.0,Phone,1,14.0,UPI,Female,3.0,3,Laptop & Accessory,3,Married,5,1,14.0,0.0,1.0,2.0,145.22
50276,0,12.0,Computer,1,6.0,Debit Card,Male,2.0,3,Others,3,Married,2,1,14.0,0.0,1.0,6.0,291.97
50282,0,25.0,Phone,1,9.0,CC,Male,2.0,4,Fashion,3,Divorced,3,1,14.0,0.0,1.0,4.0,179.69
50288,0,19.0,Phone,1,24.0,CC,Female,2.0,3,Laptop & Accessory,3,Married,3,0,14.0,0.0,1.0,8.0,148.1
50293,0,13.0,Phone,3,8.0,Debit Card,Female,3.0,3,Others,3,Divorced,1,0,14.0,1.0,1.0,12.0,280.41
50302,0,3.0,Computer,1,14.0,CC,Female,2.0,3,Phone,2,Single,1,0,14.0,5.0,6.0,7.0,125.63999999999999
50313,0,3.0,Phone,3,13.0,E wallet,Male,3.0,3,Phone,4,Single,1,0,14.0,1.0,1.0,2.0,129.83
50318,0,9.0,Computer,3,16.0,CC,Male,2.0,3,Fashion,2,Single,2,0,14.0,1.0,9.0,7.0,199.8
50320,0,21.0,Phone,3,8.0,E wallet,Female,2.0,3,Laptop & Accessory,2,Divorced,3,0,14.0,4.0,6.0,7.0,140.51
50322,0,14.0,Computer,3,16.0,Debit Card,Male,2.0,3,Laptop & Accessory,2,Single,8,0,14.0,0.0,1.0,10.0,162.3
50333,1,9.0,Computer,3,11.0,E wallet,Male,3.0,3,Phone,4,Single,2,1,14.0,1.0,1.0,0.0,118.78
50359,0,8.0,Phone,1,31.0,UPI,Male,2.0,4,Laptop & Accessory,2,Single,5,0,14.0,0.0,1.0,2.0,136.81
50365,0,16.0,Phone,1,12.0,UPI,Male,2.0,4,Grocery,2,Married,5,1,14.0,1.0,1.0,0.0,266.27
50380,1,8.0,Computer,3,32.0,Debit Card,Female,3.0,3,Laptop & Accessory,5,Divorced,3,0,14.0,0.0,1.0,0.0,142.86
50383,0,2.0,Phone,3,9.0,CC,Female,3.0,3,Laptop & Accessory,3,Divorced,2,0,14.0,0.0,1.0,2.0,155.61
50400,0,7.0,Phone,1,15.0,CC,Female,2.0,4,Fashion,4,Single,2,0,14.0,4.0,7.0,7.0,186.21
50401,1,0.0,Phone,3,9.0,Debit Card,Female,3.0,3,Laptop & Accessory,3,Single,10,0,14.0,1.0,2.0,0.0,145.77
50404,1,13.0,Computer,3,14.0,COD,Male,2.0,3,Laptop & Accessory,3,Divorced,4,1,14.0,1.0,1.0,3.0,167.96
50412,0,30.0,Phone,3,22.0,E wallet,Male,2.0,3,Laptop & Accessory,5,Single,9,0,14.0,1.0,2.0,2.0,154.05
50417,0,9.0,Computer,1,14.0,Debit Card,Female,3.0,2,Fashion,5,Divorced,10,0,14.0,0.0,1.0,3.0,217.13
50418,0,11.0,Phone,1,6.0,Debit Card,Female,2.0,3,Fashion,3,Single,5,1,14.0,0.0,1.0,0.0,178.61
50419,0,17.0,Computer,1,30.0,CC,Male,2.0,5,Phone,3,Single,3,0,14.0,0.0,1.0,4.0,137.08
50426,0,0.0,Phone,1,14.0,CC,Male,2.0,3,Phone,5,Divorced,2,0,14.0,0.0,1.0,2.0,125.0
50431,0,9.0,Phone,3,16.0,E wallet,Male,2.0,3,Phone,4,Married,2,0,14.0,0.0,2.0,2.0,122.97
50436,0,7.0,Phone,1,14.0,Debit Card,Female,2.0,3,Laptop & Accessory,5,Married,4,0,14.0,1.0,1.0,0.0,151.21
50447,0,0.0,Computer,1,6.0,Debit Card,Female,3.0,5,Phone,2,Married,4,0,14.0,2.0,2.0,0.0,143.64
50477,0,13.0,Computer,1,22.0,CC,Male,2.0,4,Laptop & Accessory,3,Single,7,0,14.0,1.0,1.0,0.0,150.94
50479,0,9.0,Phone,1,8.0,Debit Card,Female,3.0,4,Phone,3,Single,2,0,14.0,1.0,1.0,0.0,122.74000000000001
50490,1,0.0,Computer,1,14.0,CC,Female,2.0,4,Phone,3,Divorced,2,1,14.0,0.0,1.0,7.0,123.66
50492,0,24.0,Phone,3,32.0,E wallet,Female,3.0,3,Grocery,3,Divorced,3,0,14.0,1.0,4.0,17.0,263.07
50497,0,9.0,Phone,3,6.0,Debit Card,Male,2.0,3,Laptop & Accessory,2,Divorced,2,1,14.0,2.0,4.0,11.0,162.01
50508,0,15.0,Computer,1,14.0,CC,Male,2.0,3,Phone,2,Single,6,1,14.0,0.0,2.0,2.0,125.15
50517,0,5.0,Computer,3,11.0,Debit Card,Male,2.0,3,Laptop & Accessory,4,Divorced,2,0,14.0,2.0,5.0,3.0,165.24
50522,0,26.0,Phone,3,14.0,E wallet,Male,3.0,3,Grocery,2,Divorced,6,0,14.0,0.0,2.0,3.0,218.36
50533,0,2.0,Phone,1,14.0,CC,Female,3.0,4,Phone,2,Married,7,0,14.0,1.0,1.0,3.0,125.32
50535,0,1.0,Phone,3,11.0,CC,Male,3.0,3,Laptop & Accessory,2,Single,2,0,14.0,1.0,1.0,2.0,149.08
50536,1,20.0,Computer,1,14.0,Debit Card,Male,2.0,4,Phone,2,Married,10,1,14.0,0.0,1.0,0.0,123.80000000000001
50547,0,9.0,Phone,1,16.0,Debit Card,Male,2.0,3,Phone,4,Married,2,0,14.0,1.0,1.0,0.0,120.08000000000001
50567,0,13.0,Computer,1,15.0,CC,Male,2.0,3,Phone,4,Married,9,1,14.0,0.0,1.0,0.0,136.17
50570,0,6.0,Phone,1,6.0,Debit Card,Female,2.0,4,Laptop & Accessory,2,Single,1,0,14.0,0.0,1.0,4.0,169.49
50589,0,9.0,Phone,1,6.0,CC,Female,3.0,3,Phone,2,Married,4,0,14.0,0.0,1.0,2.0,122.69999999999999
50593,0,0.0,Phone,1,22.0,COD,Female,3.0,3,Phone,4,Divorced,10,0,14.0,2.0,2.0,2.0,128.11
50612,0,21.0,Phone,1,10.0,Debit Card,Male,3.0,4,Fashion,3,Single,8,0,14.0,1.0,4.0,3.0,209.99
50613,0,14.0,Phone,1,13.0,CC,Female,2.0,3,Laptop & Accessory,3,Single,7,0,14.0,1.0,2.0,1.0,150.03
50621,0,28.0,Computer,1,24.0,CC,Male,3.0,3,Laptop & Accessory,4,Divorced,4,1,14.0,6.0,6.0,7.0,163.85
50634,0,30.0,Phone,3,6.0,COD,Male,3.0,3,Fashion,2,Divorced,4,1,14.0,0.0,1.0,3.0,219.04000000000002
50637,1,0.0,Phone,1,21.0,UPI,Male,2.0,3,Laptop & Accessory,3,Married,8,0,14.0,0.0,1.0,0.0,148.34
50638,1,9.0,Computer,1,8.0,Debit Card,Male,2.0,3,Phone,5,Divorced,7,1,14.0,1.0,1.0,2.0,120.41999999999999
50644,0,13.0,Phone,3,32.0,E wallet,Male,3.0,3,Laptop & Accessory,5,Divorced,2,0,14.0,5.0,7.0,5.0,183.96
50652,1,0.0,Computer,3,14.0,E wallet,Female,2.0,3,Phone,2,Single,2,1,14.0,0.0,1.0,2.0,123.22999999999999
50665,1,7.0,Phone,2,6.0,CC,Male,3.0,4,Fashion,5,Divorced,10,0,14.0,2.0,3.0,6.0,204.82
50671,0,10.0,Phone,3,16.0,Debit Card,Female,2.0,4,Laptop & Accessory,2,Married,3,1,14.0,0.0,1.0,0.0,166.94
50677,1,13.0,Computer,3,6.0,UPI,Male,2.0,3,Laptop & Accessory,3,Single,4,1,14.0,0.0,1.0,0.0,147.28
50683,0,11.0,Phone,3,16.0,E wallet,Male,3.0,4,Fashion,3,Married,1,1,14.0,2.0,2.0,7.0,187.4
50699,0,2.0,Computer,1,16.0,Debit Card,Female,3.0,3,Phone,4,Married,1,0,14.0,1.0,1.0,1.0,132.91
50703,0,4.0,Computer,1,12.0,Debit Card,Male,3.0,4,Phone,3,Married,2,1,14.0,1.0,1.0,2.0,127.03
50749,0,9.0,Phone,1,12.0,Debit Card,Male,3.0,5,Phone,3,Married,2,0,14.0,0.0,1.0,7.0,127.41
50757,0,5.0,Computer,1,8.0,Debit Card,Female,2.0,3,Laptop & Accessory,3,Single,5,1,14.0,1.0,1.0,7.0,149.98
50761,0,0.0,Phone,3,16.0,Debit Card,Male,2.0,3,Laptop & Accessory,2,Single,1,0,14.0,0.0,1.0,1.0,149.5
50765,0,9.0,Phone,1,20.0,Debit Card,Male,2.0,3,Phone,5,Divorced,2,1,14.0,2.0,6.0,8.0,122.35
50770,0,27.0,Phone,1,9.0,Debit Card,Male,2.0,3,Grocery,2,Divorced,4,0,14.0,1.0,1.0,9.0,277.79
50781,0,2.0,Phone,1,6.0,Debit Card,Female,2.0,4,Grocery,2,Married,4,0,14.0,1.0,1.0,7.0,261.24
50784,0,6.0,Phone,3,16.0,E wallet,Male,2.0,1,Fashion,3,Married,1,1,14.0,1.0,1.0,8.0,183.8
50787,1,0.0,Computer,3,30.0,Debit Card,Male,3.0,5,Phone,2,Single,2,1,14.0,1.0,1.0,0.0,111.18
50792,0,19.0,Phone,3,10.0,E wallet,Female,2.0,4,Others,4,Divorced,3,0,14.0,1.0,1.0,8.0,287.89
50798,0,17.0,Phone,1,10.0,Debit Card,Male,3.0,1,Others,5,Married,2,0,14.0,1.0,14.0,13.0,291.9
50800,0,8.0,Phone,1,12.0,Debit Card,Male,3.0,3,Phone,3,Divorced,1,1,14.0,1.0,2.0,2.0,135.06
50802,0,16.0,Phone,3,10.0,E wallet,Female,2.0,4,Fashion,2,Single,4,0,14.0,10.0,15.0,17.0,202.31
50806,0,24.0,Computer,1,12.0,CC,Female,3.0,4,Phone,3,Single,1,0,14.0,7.0,7.0,7.0,128.38
50831,0,28.0,Phone,1,8.0,CC,Female,2.0,5,Others,3,Divorced,5,0,14.0,1.0,9.0,11.0,291.87
50842,1,20.0,Phone,1,13.0,CC,Female,2.0,4,Fashion,5,Divorced,8,1,14.0,4.0,5.0,9.0,200.08
50846,0,0.0,Phone,3,14.0,CC,Female,3.0,1,Phone,2,Divorced,9,0,14.0,1.0,1.0,0.0,125.34
50856,1,0.0,Computer,3,8.0,Debit Card,Female,3.0,4,Phone,2,Single,8,0,14.0,0.0,1.0,0.0,127.85
50864,0,14.0,Computer,1,28.0,Debit Card,Female,3.0,3,Laptop & Accessory,2,Married,4,1,14.0,0.0,3.0,3.0,154.67
50871,0,16.0,Phone,1,12.0,CC,Female,3.0,4,Laptop & Accessory,3,Single,2,1,14.0,1.0,1.0,8.0,140.81
50875,0,15.0,Phone,2,16.0,UPI,Female,2.0,3,Grocery,5,Divorced,1,0,14.0,1.0,1.0,9.0,267.99
50889,0,3.0,Phone,3,13.0,E wallet,Female,3.0,3,Laptop & Accessory,5,Married,8,0,14.0,1.0,1.0,2.0,147.79
50891,0,7.0,Computer,1,6.0,UPI,Male,3.0,3,Phone,5,Married,6,0,14.0,1.0,1.0,3.0,129.96
50893,0,9.0,Phone,1,17.0,Debit Card,Male,3.0,3,Phone,5,Divorced,1,0,14.0,1.0,1.0,4.0,120.99000000000001
50898,0,10.0,Computer,1,11.0,COD,Male,2.0,1,Phone,3,Single,1,0,14.0,1.0,1.0,3.0,135.0
50918,0,17.0,Computer,1,11.0,Debit Card,Male,3.0,4,Phone,3,Single,4,0,14.0,0.0,1.0,3.0,131.62
50920,0,22.0,Phone,1,11.0,COD,Male,3.0,3,Laptop & Accessory,3,Divorced,3,0,14.0,0.0,1.0,2.0,166.51
50921,0,13.0,Phone,1,14.0,CC,Male,3.0,3,Phone,3,Married,3,0,14.0,0.0,1.0,2.0,123.44999999999999
50923,0,6.0,Computer,3,13.0,CC,Male,2.0,3,Laptop & Accessory,5,Divorced,1,0,14.0,0.0,1.0,3.0,143.73
50930,0,22.0,Phone,1,13.0,Debit Card,Male,2.0,3,Fashion,4,Married,4,0,14.0,0.0,1.0,7.0,204.66
50931,0,7.0,Computer,1,21.0,CC,Male,3.0,3,Grocery,5,Married,8,0,14.0,1.0,6.0,9.0,270.07
50939,0,2.0,Phone,3,25.0,Debit Card,Male,3.0,4,Laptop & Accessory,3,Married,2,0,14.0,1.0,1.0,4.0,186.2
50945,0,9.0,Phone,1,6.0,Debit Card,Male,3.0,4,Phone,3,Married,2,0,14.0,0.0,1.0,0.0,115.63
50946,0,1.0,Computer,3,13.0,Debit Card,Male,2.0,3,Laptop & Accessory,5,Single,1,0,14.0,1.0,1.0,3.0,148.98
50949,0,1.0,Phone,1,35.0,Debit Card,Male,3.0,5,Laptop & Accessory,4,Divorced,2,0,14.0,1.0,1.0,7.0,165.49
50958,0,9.0,Phone,1,26.0,Debit Card,Male,3.0,3,Laptop & Accessory,3,Single,1,0,14.0,1.0,1.0,2.0,122.72
50959,1,9.0,Phone,1,15.0,Debit Card,Male,2.0,3,Phone,5,Single,4,0,14.0,1.0,1.0,0.0,120.18
50960,0,7.0,Phone,3,6.0,COD,Male,3.0,4,Fashion,3,Divorced,2,1,14.0,7.0,8.0,6.0,170.83
50964,0,15.0,Phone,1,8.0,CC,Male,3.0,4,Phone,4,Married,5,0,14.0,1.0,1.0,0.0,148.41
50969,0,15.0,Computer,1,8.0,Debit Card,Male,2.0,3,Fashion,1,Married,3,1,14.0,12.0,13.0,9.0,201.24
50973,0,9.0,Phone,1,27.0,COD,Male,2.0,4,Phone,5,Married,1,0,14.0,0.0,1.0,0.0,122.96000000000001
50979,0,21.0,Phone,3,22.0,Debit Card,Female,3.0,3,Laptop & Accessory,3,Married,9,0,14.0,1.0,7.0,7.0,164.39
50989,0,5.0,Computer,1,6.0,COD,Male,3.0,3,Laptop & Accessory,5,Married,5,0,14.0,1.0,1.0,2.0,140.87
51007,0,7.0,Computer,1,16.0,COD,Male,3.0,4,Laptop & Accessory,3,Married,2,0,14.0,2.0,7.0,7.0,150.63
51013,0,0.0,Computer,1,32.0,UPI,Female,3.0,4,Phone,3,Married,2,1,14.0,0.0,1.0,3.0,128.14
51016,0,17.0,Phone,1,13.0,CC,Female,2.0,3,Others,1,Married,1,1,14.0,1.0,1.0,10.0,290.49
51018,0,18.0,Phone,1,11.0,CC,Female,2.0,5,Laptop & Accessory,5,Single,2,1,14.0,1.0,1.0,4.0,157.69
51023,0,22.0,Phone,1,31.0,Debit Card,Female,2.0,3,Phone,5,Married,2,0,14.0,0.0,1.0,4.0,132.11
51043,1,0.0,Phone,3,21.0,CC,Male,2.0,5,Laptop & Accessory,1,Married,7,1,14.0,1.0,2.0,2.0,154.4
51047,1,9.0,Phone,1,13.0,Debit Card,Male,3.0,3,Phone,5,Single,4,1,14.0,0.0,1.0,3.0,121.66
51065,0,6.0,Phone,3,8.0,CC,Male,3.0,3,Laptop & Accessory,1,Married,2,0,14.0,1.0,1.0,4.0,155.05
51070,0,20.0,Phone,3,8.0,Debit Card,Female,2.0,1,Grocery,4,Married,7,0,14.0,0.0,2.0,2.0,259.72
51071,0,22.0,Phone,1,6.0,Debit Card,Male,2.0,3,Grocery,3,Single,5,0,14.0,1.0,2.0,0.0,253.79000000000002
51075,0,9.0,Phone,1,32.0,Debit Card,Male,3.0,3,Laptop & Accessory,3,Married,7,0,14.0,1.0,1.0,2.0,153.47
51084,0,7.0,Phone,1,11.0,CC,Male,2.0,4,Laptop & Accessory,1,Married,2,0,14.0,4.0,4.0,13.0,139.86
51087,0,10.0,Computer,3,6.0,CC,Male,2.0,5,Laptop & Accessory,1,Married,2,0,14.0,0.0,1.0,3.0,195.25
51091,0,8.0,Computer,1,8.0,CC,Male,3.0,4,Phone,1,Single,1,1,14.0,1.0,1.0,4.0,149.3
51103,0,4.0,Phone,1,8.0,Debit Card,Male,3.0,3,Phone,3,Married,2,0,14.0,0.0,1.0,3.0,134.77
51107,0,19.0,Phone,1,19.0,Debit Card,Male,2.0,3,Laptop & Accessory,4,Single,7,0,14.0,1.0,1.0,9.0,155.62
51121,0,9.0,Computer,2,16.0,CC,Male,2.0,3,Phone,1,Married,1,0,14.0,1.0,2.0,1.0,121.44999999999999
51128,0,7.0,Phone,1,8.0,CC,Male,3.0,1,Phone,1,Married,1,1,14.0,0.0,1.0,2.0,129.32
51132,0,11.0,Computer,1,14.0,CC,Female,3.0,4,Phone,4,Married,5,0,14.0,0.0,1.0,5.0,124.68
51136,0,5.0,Computer,1,11.0,COD,Male,3.0,3,Phone,4,Single,3,0,14.0,1.0,1.0,7.0,127.18
51143,0,7.0,Computer,3,16.0,Debit Card,Male,2.0,3,Laptop & Accessory,3,Married,2,1,14.0,1.0,1.0,7.0,140.01
51150,0,4.0,Phone,3,35.0,E wallet,Female,3.0,4,Laptop & Accessory,1,Married,2,0,14.0,2.0,5.0,7.0,154.68
51152,0,10.0,Phone,3,15.0,E wallet,Male,2.0,4,Laptop & Accessory,4,Married,2,0,14.0,0.0,1.0,3.0,141.89
51164,0,8.0,Computer,1,8.0,CC,Male,2.0,3,Laptop & Accessory,1,Married,3,0,14.0,0.0,1.0,7.0,157.62
51172,0,3.0,Phone,1,16.0,CC,Female,3.0,3,Fashion,3,Single,10,0,14.0,0.0,1.0,2.0,196.67
51182,0,4.0,Computer,3,13.0,E wallet,Female,3.0,3,Fashion,5,Married,3,0,14.0,2.0,2.0,2.0,196.37
51186,0,30.0,Computer,1,21.0,Debit Card,Male,2.0,3,Grocery,3,Married,3,1,14.0,1.0,2.0,2.0,257.87
51193,0,0.0,Computer,1,14.0,Debit Card,Female,2.0,3,Phone,1,Single,1,1,14.0,1.0,1.0,2.0,123.78999999999999
51198,0,19.0,Phone,1,8.0,Debit Card,Male,2.0,3,Fashion,1,Married,4,0,14.0,1.0,4.0,7.0,185.78
51211,0,12.0,Phone,1,25.0,UPI,Male,2.0,3,Laptop & Accessory,1,Married,9,0,14.0,1.0,2.0,2.0,139.02
51219,0,9.0,Phone,1,13.0,Debit Card,Male,2.0,3,Phone,5,Single,4,0,14.0,0.0,1.0,2.0,120.62
51226,0,0.0,Phone,3,8.0,CC,Female,2.0,1,Laptop & Accessory,3,Single,1,0,14.0,0.0,1.0,7.0,165.0
51239,0,6.0,Phone,3,16.0,E wallet,Male,2.0,3,Laptop & Accessory,3,Single,2,0,14.0,0.0,1.0,9.0,154.87
51251,1,0.0,Computer,1,14.0,Debit Card,Female,2.0,1,Phone,3,Single,4,1,14.0,0.0,1.0,3.0,124.32
51257,0,9.0,Computer,1,22.0,CC,Male,2.0,3,Phone,3,Single,2,0,14.0,0.0,1.0,4.0,121.44
51267,0,11.0,Phone,3,6.0,Debit Card,Male,3.0,4,Phone,5,Single,5,0,14.0,0.0,1.0,0.0,128.58
51269,0,0.0,Phone,3,15.0,E wallet,Male,2.0,3,Laptop & Accessory,1,Single,2,0,14.0,0.0,1.0,7.0,141.05
51286,0,13.0,Phone,3,8.0,E wallet,Female,3.0,3,Laptop & Accessory,4,Married,4,0,14.0,1.0,5.0,10.0,156.77
51287,0,9.0,Phone,2,8.0,UPI,Female,2.0,3,Phone,4,Married,5,0,14.0,0.0,1.0,2.0,121.87
51304,0,9.0,Phone,3,6.0,CC,Male,3.0,4,Phone,4,Married,1,0,14.0,0.0,2.0,2.0,122.69
51318,1,0.0,Phone,1,6.0,CC,Male,2.0,3,Phone,1,Married,10,1,14.0,2.0,2.0,2.0,147.87
51325,0,5.0,Phone,1,14.0,COD,Male,3.0,3,Phone,5,Single,2,0,14.0,1.0,1.0,2.0,124.38999999999999
51331,0,13.0,Phone,1,8.0,Debit Card,Male,3.0,4,Phone,3,Single,3,0,14.0,0.0,2.0,2.0,128.09
51332,0,8.0,Computer,1,24.0,Debit Card,Male,3.0,3,Laptop & Accessory,3,Married,2,1,14.0,1.0,1.0,2.0,156.89
51333,0,9.0,Phone,1,8.0,CC,Female,3.0,3,Phone,3,Married,3,0,14.0,1.0,1.0,2.0,120.00999999999999
51336,0,2.0,Phone,1,34.0,CC,Female,3.0,4,Phone,5,Single,2,0,14.0,0.0,1.0,4.0,137.85
51344,0,22.0,Computer,3,8.0,CC,Male,3.0,4,Laptop & Accessory,4,Married,3,0,14.0,1.0,1.0,8.0,153.9
51360,1,9.0,Phone,1,30.0,Debit Card,Male,2.0,4,Phone,3,Single,6,1,14.0,0.0,1.0,3.0,120.28
51369,0,9.0,Phone,1,21.0,Debit Card,Male,3.0,3,Phone,1,Single,2,0,14.0,1.0,1.0,0.0,112.32
51374,0,17.0,Phone,1,13.0,CC,Female,2.0,4,Fashion,1,Married,4,0,14.0,0.0,5.0,17.0,202.48
51379,1,9.0,Phone,3,11.0,COD,Male,2.0,3,Laptop & Accessory,1,Married,4,0,14.0,0.0,1.0,0.0,120.86000000000001
51382,1,13.0,Phone,3,9.0,E wallet,Male,3.0,4,Phone,3,Married,2,1,14.0,1.0,1.0,2.0,126.83000000000001
51384,0,9.0,Phone,1,11.0,Debit Card,Female,2.0,4,Phone,5,Married,10,1,14.0,1.0,1.0,0.0,134.19
51411,0,28.0,Phone,1,14.0,CC,Female,2.0,3,Grocery,3,Married,3,1,14.0,1.0,2.0,2.0,247.56
51422,0,8.0,Phone,3,6.0,E wallet,Male,2.0,4,Laptop & Accessory,5,Single,1,0,14.0,1.0,2.0,8.0,143.12
51423,0,18.0,Phone,1,12.0,UPI,Male,2.0,3,Fashion,5,Married,5,1,14.0,1.0,2.0,0.0,232.45
51428,0,28.0,Phone,3,6.0,Debit Card,Male,3.0,3,Fashion,1,Married,4,0,14.0,0.0,1.0,0.0,202.39
51449,0,7.0,Phone,1,12.0,UPI,Female,2.0,3,Laptop & Accessory,3,Single,2,0,14.0,0.0,2.0,10.0,148.09
51450,0,10.0,Computer,1,8.0,Debit Card,Male,3.0,4,Laptop & Accessory,1,Married,6,0,14.0,1.0,1.0,0.0,151.63
51463,0,9.0,Computer,3,17.0,COD,Female,3.0,3,Fashion,1,Married,1,0,14.0,0.0,2.0,8.0,197.38
51474,0,0.0,Phone,1,14.0,COD,Male,3.0,3,Phone,1,Married,1,0,14.0,2.0,2.0,1.0,125.22999999999999
51475,0,22.0,Phone,1,26.0,CC,Female,3.0,3,Laptop & Accessory,5,Married,2,0,14.0,5.0,5.0,11.0,165.67
51483,0,12.0,Phone,3,10.0,Debit Card,Female,2.0,4,Laptop & Accessory,3,Married,5,0,14.0,5.0,5.0,9.0,159.02
51489,0,3.0,Phone,1,14.0,Debit Card,Female,3.0,3,Phone,3,Single,2,0,14.0,1.0,1.0,4.0,126.32
51491,0,3.0,Phone,1,11.0,COD,Female,2.0,3,Phone,5,Married,6,0,14.0,0.0,2.0,30.0,132.04
51495,0,9.0,Phone,1,9.0,CC,Female,3.0,3,Phone,4,Single,2,0,14.0,1.0,1.0,0.0,114.83000000000001
51500,0,5.0,Computer,3,14.0,E wallet,Female,2.0,3,Fashion,1,Single,2,0,14.0,2.0,3.0,7.0,189.98
51522,0,6.0,Phone,1,14.0,Debit Card,Male,2.0,3,Phone,1,Single,1,0,14.0,1.0,1.0,2.0,125.0
51532,0,13.0,Phone,1,10.0,CC,Female,2.0,3,Others,3,Married,2,0,14.0,1.0,9.0,9.0,290.33
51539,0,9.0,Computer,1,13.0,CC,Male,2.0,1,Phone,1,Married,5,0,14.0,1.0,2.0,2.0,120.88999999999999
51544,0,11.0,Phone,1,8.0,Debit Card,Male,2.0,3,Laptop & Accessory,3,Married,10,0,14.0,1.0,1.0,0.0,165.53
51554,0,13.0,Computer,1,15.0,Debit Card,Male,3.0,4,Laptop & Accessory,1,Married,10,0,14.0,0.0,1.0,2.0,148.76
51558,0,0.0,Computer,3,26.0,Debit Card,Female,2.0,3,Laptop & Accessory,3,Single,2,0,14.0,1.0,1.0,7.0,199.81
51563,1,9.0,Phone,1,6.0,COD,Male,2.0,3,Phone,3,Single,1,0,14.0,0.0,1.0,5.0,120.58000000000001
51565,0,27.0,Phone,3,9.0,E wallet,Female,2.0,3,Laptop & Accessory,5,Married,3,0,14.0,1.0,1.0,5.0,159.4
51568,0,10.0,Computer,1,17.0,UPI,Male,2.0,3,Fashion,1,Married,2,1,14.0,1.0,1.0,3.0,221.85000000000002
51573,0,2.0,Computer,3,6.0,CC,Female,2.0,3,Fashion,1,Married,2,0,14.0,4.0,4.0,1.0,179.18
51574,0,8.0,Computer,3,6.0,E wallet,Female,3.0,3,Fashion,3,Single,2,0,14.0,1.0,1.0,8.0,187.89
51585,1,0.0,Phone,1,6.0,Debit Card,Male,3.0,4,Phone,3,Single,1,1,14.0,0.0,1.0,2.0,137.3
51586,0,9.0,Phone,1,6.0,CC,Female,3.0,3,Phone,3,Married,8,0,14.0,1.0,1.0,2.0,122.32
51594,0,10.0,Phone,1,6.0,CC,Female,2.0,4,Phone,5,Married,3,0,14.0,0.0,1.0,2.0,139.2
51600,0,2.0,Phone,3,26.0,E wallet,Male,2.0,3,Laptop & Accessory,1,Married,3,0,14.0,1.0,1.0,2.0,169.31
51614,0,18.0,Phone,1,26.0,CC,Male,3.0,3,Grocery,1,Married,1,1,14.0,2.0,2.0,10.0,234.95999999999998
51616,0,28.0,Phone,1,6.0,CC,Male,2.0,3,Others,5,Single,1,1,14.0,1.0,4.0,13.0,290.45
51619,0,10.0,Phone,3,12.0,CC,Male,3.0,3,Laptop & Accessory,1,Married,5,0,14.0,1.0,1.0,1.0,165.02
51625,0,23.0,Phone,1,10.0,Debit Card,Male,3.0,3,Others,4,Married,4,0,14.0,1.0,1.0,6.0,291.44
51633,0,11.0,Phone,1,29.0,Debit Card,Male,2.0,3,Laptop & Accessory,1,Married,10,0,14.0,0.0,1.0,2.0,157.45
51641,0,15.0,Computer,3,32.0,E wallet,Female,3.0,3,Grocery,4,Married,6,0,14.0,3.0,2.0,8.0,235.25
51652,0,5.0,Phone,3,13.0,Debit Card,Male,3.0,4,Laptop & Accessory,3,Married,2,0,14.0,3.0,4.0,8.0,154.84
51660,0,0.0,Phone,1,16.0,CC,Male,3.0,3,Grocery,5,Married,2,1,14.0,1.0,11.0,10.0,270.68
51674,0,6.0,Computer,3,16.0,E wallet,Male,2.0,4,Laptop & Accessory,1,Single,4,0,14.0,1.0,1.0,1.0,146.82
51680,0,18.0,Phone,1,14.0,UPI,Male,3.0,3,Laptop & Accessory,1,Married,10,0,14.0,8.0,9.0,8.0,136.97
51687,0,11.0,Phone,1,21.0,Debit Card,Male,3.0,4,Fashion,1,Married,1,1,14.0,2.0,2.0,3.0,215.10000000000002
51688,0,4.0,Phone,1,13.0,CC,Female,2.0,3,Fashion,1,Single,2,1,14.0,4.0,4.0,10.0,171.43
51689,0,2.0,Phone,3,16.0,E wallet,Female,2.0,4,Laptop & Accessory,4,Married,2,1,14.0,1.0,1.0,7.0,182.68
51694,0,15.0,Phone,1,29.0,Debit Card,Female,2.0,3,Grocery,1,Single,3,0,14.0,0.0,2.0,0.0,259.92
51695,0,2.0,Computer,3,8.0,Debit Card,Male,3.0,3,Laptop & Accessory,3,Married,2,0,14.0,1.0,1.0,2.0,146.49
51711,0,19.0,Computer,1,13.0,CC,Female,1.0,3,Laptop & Accessory,3,Married,3,0,14.0,1.0,1.0,0.0,152.58
51742,0,16.0,Phone,1,14.0,UPI,Female,3.0,3,Laptop & Accessory,3,Married,5,1,14.0,1.0,1.0,2.0,145.22
51746,0,12.0,Computer,1,6.0,Debit Card,Male,2.0,3,Others,3,Married,2,1,14.0,0.0,1.0,6.0,291.97
51752,0,25.0,Phone,1,9.0,CC,Male,2.0,4,Fashion,3,Married,3,1,14.0,1.0,1.0,4.0,179.69
51758,0,19.0,Phone,1,24.0,CC,Female,2.0,3,Laptop & Accessory,3,Married,3,0,14.0,1.0,1.0,8.0,148.1
51763,0,13.0,Phone,3,8.0,Debit Card,Female,3.0,3,Others,3,Married,1,0,14.0,1.0,1.0,12.0,280.41
51772,0,3.0,Computer,1,14.0,CC,Female,2.0,3,Phone,1,Single,1,0,14.0,1.0,6.0,7.0,125.63999999999999
51783,0,3.0,Phone,3,13.0,E wallet,Male,3.0,3,Phone,4,Single,1,0,14.0,0.0,1.0,2.0,129.83
51788,0,9.0,Computer,3,16.0,CC,Male,2.0,3,Fashion,1,Single,2,0,14.0,8.0,9.0,7.0,199.8
51790,0,21.0,Phone,3,8.0,E wallet,Female,2.0,3,Laptop & Accessory,1,Married,3,0,14.0,6.0,6.0,7.0,140.51
51792,0,14.0,Computer,3,16.0,Debit Card,Male,2.0,3,Laptop & Accessory,1,Single,8,0,14.0,0.0,1.0,10.0,162.3
51803,1,9.0,Computer,3,11.0,E wallet,Male,3.0,3,Phone,4,Single,2,1,14.0,1.0,1.0,0.0,118.78
51829,0,8.0,Phone,1,31.0,UPI,Male,2.0,4,Laptop & Accessory,1,Single,5,0,14.0,1.0,1.0,2.0,136.81
51835,0,16.0,Phone,1,12.0,UPI,Male,2.0,4,Grocery,1,Married,5,1,14.0,1.0,1.0,0.0,266.27
51850,1,8.0,Computer,3,32.0,Debit Card,Female,3.0,3,Laptop & Accessory,5,Married,3,0,14.0,0.0,1.0,0.0,142.86
51853,0,2.0,Phone,3,9.0,CC,Female,3.0,3,Laptop & Accessory,3,Married,2,0,14.0,0.0,1.0,2.0,155.61
51870,0,7.0,Phone,1,15.0,CC,Female,2.0,4,Fashion,4,Single,2,0,14.0,4.0,7.0,7.0,186.21
51871,1,0.0,Phone,3,9.0,Debit Card,Female,3.0,3,Laptop & Accessory,3,Single,10,0,14.0,1.0,2.0,0.0,145.77
51874,1,13.0,Computer,3,14.0,COD,Male,2.0,3,Laptop & Accessory,3,Married,4,1,14.0,0.0,1.0,3.0,167.96
51882,0,30.0,Phone,3,22.0,E wallet,Male,2.0,3,Laptop & Accessory,5,Single,9,0,14.0,2.0,2.0,2.0,154.05
51887,0,9.0,Computer,1,14.0,Debit Card,Female,3.0,1,Fashion,5,Married,10,0,14.0,0.0,1.0,3.0,217.13
51888,0,11.0,Phone,1,6.0,Debit Card,Female,2.0,3,Fashion,3,Single,5,1,14.0,0.0,1.0,0.0,178.61
51889,0,17.0,Computer,1,30.0,CC,Male,2.0,5,Phone,3,Single,3,0,14.0,0.0,1.0,4.0,137.08
51896,0,0.0,Phone,1,14.0,CC,Male,2.0,3,Phone,5,Married,2,0,14.0,1.0,1.0,2.0,125.0
51901,0,9.0,Phone,3,16.0,E wallet,Male,2.0,3,Phone,4,Married,2,0,14.0,2.0,2.0,2.0,122.97
51906,0,7.0,Phone,1,14.0,Debit Card,Female,2.0,3,Laptop & Accessory,5,Married,4,0,14.0,1.0,1.0,0.0,151.21
51917,0,0.0,Computer,1,6.0,Debit Card,Female,3.0,5,Phone,1,Married,4,0,14.0,2.0,2.0,0.0,143.64
51947,0,13.0,Computer,1,22.0,CC,Male,2.0,4,Laptop & Accessory,3,Single,7,0,14.0,0.0,1.0,0.0,150.94
51949,0,9.0,Phone,1,8.0,Debit Card,Female,3.0,4,Phone,3,Single,2,0,14.0,1.0,1.0,0.0,122.74000000000001
51960,1,0.0,Computer,1,14.0,CC,Female,2.0,4,Phone,3,Married,2,1,14.0,0.0,1.0,7.0,123.66
51962,0,24.0,Phone,3,32.0,E wallet,Female,3.0,3,Grocery,3,Married,3,0,14.0,1.0,4.0,17.0,263.07
51967,0,9.0,Phone,3,6.0,Debit Card,Male,2.0,3,Laptop & Accessory,1,Married,2,1,14.0,3.0,4.0,11.0,162.01
51978,0,15.0,Computer,1,14.0,CC,Male,2.0,3,Phone,1,Single,6,1,14.0,1.0,2.0,2.0,125.15
51987,0,5.0,Computer,3,11.0,Debit Card,Male,2.0,3,Laptop & Accessory,4,Married,2,0,14.0,2.0,5.0,3.0,165.24
51992,0,26.0,Phone,3,14.0,E wallet,Male,3.0,3,Grocery,1,Married,6,0,14.0,2.0,2.0,3.0,218.36
52003,0,2.0,Phone,1,14.0,CC,Female,3.0,4,Phone,1,Married,7,0,14.0,1.0,1.0,3.0,125.32
52005,0,1.0,Phone,3,11.0,CC,Male,3.0,3,Laptop & Accessory,1,Single,2,0,14.0,0.0,1.0,2.0,149.08
52006,1,20.0,Computer,1,14.0,Debit Card,Male,2.0,4,Phone,1,Married,10,1,14.0,1.0,1.0,0.0,123.80000000000001
52017,0,9.0,Phone,1,16.0,Debit Card,Male,2.0,3,Phone,4,Married,2,0,14.0,1.0,1.0,0.0,120.08000000000001
52037,0,13.0,Computer,1,15.0,CC,Male,2.0,3,Phone,4,Married,9,1,14.0,0.0,1.0,0.0,136.17
52040,0,6.0,Phone,1,6.0,Debit Card,Female,2.0,4,Laptop & Accessory,1,Single,1,0,14.0,1.0,1.0,4.0,169.49
52059,0,9.0,Phone,1,6.0,CC,Female,3.0,3,Phone,1,Married,4,0,14.0,1.0,1.0,2.0,122.69999999999999
52063,0,0.0,Phone,1,22.0,COD,Female,3.0,3,Phone,4,Married,10,0,14.0,2.0,2.0,2.0,128.11
52082,0,21.0,Phone,1,10.0,Debit Card,Male,3.0,4,Fashion,3,Single,8,0,14.0,1.0,4.0,3.0,209.99
52083,0,14.0,Phone,1,13.0,CC,Female,2.0,3,Laptop & Accessory,3,Single,7,0,14.0,2.0,2.0,1.0,150.03
52091,0,28.0,Computer,1,24.0,CC,Male,3.0,3,Laptop & Accessory,4,Married,4,1,14.0,2.0,6.0,7.0,163.85
52104,0,30.0,Phone,3,6.0,COD,Male,3.0,3,Fashion,1,Married,4,1,14.0,1.0,1.0,3.0,219.04000000000002
52107,1,0.0,Phone,1,21.0,UPI,Male,2.0,3,Laptop & Accessory,3,Married,8,0,14.0,0.0,1.0,0.0,148.34
52108,1,9.0,Computer,1,8.0,Debit Card,Male,2.0,3,Phone,5,Married,7,1,14.0,0.0,1.0,2.0,120.41999999999999
52114,0,13.0,Phone,3,32.0,E wallet,Male,3.0,3,Laptop & Accessory,5,Married,2,0,14.0,3.0,7.0,5.0,183.96
52122,1,0.0,Computer,3,14.0,E wallet,Female,2.0,3,Phone,1,Single,2,1,14.0,1.0,1.0,2.0,123.22999999999999
52135,1,7.0,Phone,2,6.0,CC,Male,3.0,4,Fashion,5,Married,10,0,14.0,2.0,3.0,6.0,204.82
52141,0,10.0,Phone,3,16.0,Debit Card,Female,2.0,4,Laptop & Accessory,1,Married,3,1,14.0,1.0,1.0,0.0,166.94
52147,1,13.0,Computer,3,6.0,UPI,Male,2.0,3,Laptop & Accessory,3,Single,4,1,14.0,1.0,1.0,0.0,147.28
52153,0,11.0,Phone,3,16.0,E wallet,Male,3.0,4,Fashion,3,Married,1,1,14.0,1.0,2.0,7.0,187.4
52169,0,2.0,Computer,1,16.0,Debit Card,Female,3.0,3,Phone,4,Married,1,0,14.0,0.0,1.0,1.0,132.91
52173,0,1.0,Computer,1,12.0,Debit Card,Male,3.0,4,Phone,3,Married,2,1,14.0,1.0,1.0,2.0,127.03
52219,0,9.0,Phone,1,12.0,Debit Card,Male,3.0,5,Phone,3,Married,2,0,14.0,1.0,1.0,7.0,127.41
52227,0,5.0,Computer,1,8.0,Debit Card,Female,2.0,3,Laptop & Accessory,3,Single,5,1,14.0,1.0,1.0,7.0,149.98
52231,0,0.0,Phone,3,16.0,Debit Card,Male,2.0,3,Laptop & Accessory,1,Single,1,0,14.0,1.0,1.0,1.0,149.5
52235,0,9.0,Phone,1,20.0,Debit Card,Male,2.0,3,Phone,5,Married,2,1,14.0,5.0,6.0,8.0,122.35
52240,0,27.0,Phone,1,9.0,Debit Card,Male,2.0,3,Grocery,1,Married,4,0,14.0,1.0,1.0,9.0,277.79
52251,0,2.0,Phone,1,7.0,Debit Card,Female,2.0,4,Grocery,1,Married,4,0,14.0,1.0,1.0,7.0,261.24
52254,0,6.0,Phone,3,16.0,E wallet,Male,2.0,1,Fashion,3,Married,1,1,14.0,0.0,1.0,8.0,183.8
52257,1,0.0,Computer,3,30.0,Debit Card,Male,3.0,5,Phone,1,Single,2,1,14.0,1.0,1.0,0.0,111.18
52262,0,19.0,Phone,3,10.0,E wallet,Female,2.0,4,Others,4,Married,3,0,14.0,1.0,1.0,8.0,287.89
52268,0,17.0,Phone,1,10.0,Debit Card,Male,3.0,1,Others,5,Married,2,0,14.0,2.0,14.0,13.0,291.9
52270,0,8.0,Phone,1,12.0,Debit Card,Male,3.0,3,Phone,3,Married,1,1,14.0,1.0,2.0,2.0,135.06
52272,0,16.0,Phone,3,10.0,E wallet,Female,2.0,4,Fashion,1,Single,4,0,14.0,10.0,15.0,17.0,202.31
52276,0,24.0,Computer,1,12.0,CC,Female,3.0,4,Phone,3,Single,1,0,14.0,3.0,7.0,7.0,128.38
52301,0,28.0,Phone,1,8.0,CC,Female,2.0,5,Others,3,Married,5,0,14.0,1.0,9.0,11.0,291.87
52312,1,20.0,Phone,1,13.0,CC,Female,2.0,4,Fashion,5,Married,8,1,14.0,1.0,5.0,9.0,200.08
52316,0,0.0,Phone,3,14.0,CC,Female,3.0,1,Phone,1,Married,9,0,14.0,0.0,1.0,0.0,125.34
52326,1,0.0,Computer,3,8.0,Debit Card,Female,3.0,4,Phone,1,Single,8,0,14.0,0.0,1.0,0.0,127.85
52334,0,14.0,Computer,1,28.0,Debit Card,Female,3.0,3,Laptop & Accessory,1,Married,4,1,14.0,2.0,3.0,3.0,154.67
52341,0,16.0,Phone,1,12.0,CC,Female,3.0,4,Laptop & Accessory,3,Single,2,1,14.0,0.0,1.0,8.0,140.81
52345,0,15.0,Phone,2,16.0,UPI,Female,2.0,3,Grocery,5,Married,1,0,14.0,1.0,1.0,9.0,267.99
52359,0,3.0,Phone,3,13.0,E wallet,Female,3.0,3,Laptop & Accessory,5,Married,8,0,14.0,1.0,1.0,2.0,147.79
52361,0,7.0,Computer,1,7.0,UPI,Male,3.0,3,Phone,5,Married,6,0,14.0,1.0,1.0,3.0,129.96
52363,0,9.0,Phone,1,17.0,Debit Card,Male,3.0,3,Phone,5,Married,1,0,14.0,1.0,1.0,4.0,120.99000000000001
52368,0,10.0,Computer,1,11.0,COD,Male,2.0,1,Phone,3,Single,1,0,14.0,0.0,1.0,3.0,135.0
52388,0,17.0,Computer,1,11.0,Debit Card,Male,2.0,4,Phone,3,Single,4,0,14.0,0.0,1.0,3.0,131.62
52390,0,22.0,Phone,1,11.0,COD,Male,3.0,3,Laptop & Accessory,3,Married,3,0,14.0,0.0,1.0,2.0,166.51
52391,0,13.0,Phone,1,14.0,CC,Male,3.0,3,Phone,3,Married,3,0,14.0,1.0,1.0,2.0,123.44999999999999
52393,0,6.0,Computer,3,13.0,CC,Male,2.0,3,Laptop & Accessory,5,Married,1,0,14.0,1.0,1.0,3.0,143.73
52400,0,22.0,Phone,1,13.0,Debit Card,Male,2.0,3,Fashion,4,Married,4,0,14.0,0.0,1.0,7.0,204.66
52401,0,7.0,Computer,1,21.0,CC,Male,3.0,3,Grocery,5,Married,8,0,14.0,1.0,6.0,9.0,270.07
52409,0,2.0,Phone,3,25.0,Debit Card,Male,3.0,4,Laptop & Accessory,3,Married,2,0,14.0,1.0,1.0,4.0,186.2
52415,0,9.0,Phone,1,7.0,Debit Card,Male,3.0,4,Phone,3,Married,2,0,14.0,0.0,1.0,0.0,115.63
52416,0,1.0,Computer,3,13.0,Debit Card,Male,2.0,3,Laptop & Accessory,5,Single,1,0,14.0,1.0,1.0,3.0,148.98
52419,0,1.0,Phone,1,35.0,Debit Card,Male,3.0,5,Laptop & Accessory,4,Married,2,0,14.0,0.0,1.0,7.0,165.49
52428,0,9.0,Phone,1,26.0,Debit Card,Male,3.0,3,Laptop & Accessory,3,Single,1,0,14.0,1.0,1.0,2.0,122.72
52429,1,9.0,Phone,1,15.0,Debit Card,Male,2.0,3,Phone,5,Single,4,0,14.0,1.0,1.0,0.0,120.18
52430,0,7.0,Phone,3,7.0,COD,Male,3.0,4,Fashion,3,Married,2,1,14.0,7.0,8.0,6.0,170.83
52434,0,15.0,Phone,1,8.0,CC,Male,3.0,4,Phone,4,Married,5,0,14.0,0.0,1.0,0.0,148.41
52439,0,15.0,Computer,1,8.0,Debit Card,Male,2.0,3,Fashion,1,Married,3,1,14.0,4.0,13.0,9.0,201.24
52443,0,9.0,Phone,1,27.0,COD,Male,2.0,4,Phone,5,Married,1,0,14.0,0.0,1.0,0.0,122.96000000000001
52449,0,21.0,Phone,3,22.0,Debit Card,Female,3.0,3,Laptop & Accessory,3,Married,9,0,14.0,7.0,7.0,7.0,164.39
52459,0,5.0,Computer,1,7.0,COD,Male,3.0,3,Laptop & Accessory,5,Married,5,0,14.0,0.0,1.0,2.0,140.87
52477,0,7.0,Computer,1,16.0,COD,Male,3.0,4,Laptop & Accessory,3,Married,2,0,14.0,1.0,7.0,7.0,150.63
52483,0,0.0,Computer,1,32.0,UPI,Female,3.0,4,Phone,3,Married,2,1,14.0,1.0,1.0,3.0,128.14
52486,0,17.0,Phone,1,13.0,CC,Female,2.0,3,Others,1,Married,1,1,14.0,1.0,1.0,10.0,290.49
52488,0,18.0,Phone,1,11.0,CC,Female,2.0,5,Laptop & Accessory,5,Single,2,1,14.0,0.0,1.0,4.0,157.69
52493,0,22.0,Phone,1,31.0,Debit Card,Female,2.0,3,Phone,5,Married,2,0,14.0,1.0,1.0,4.0,132.11
52513,1,0.0,Phone,3,21.0,CC,Male,2.0,5,Laptop & Accessory,1,Married,7,1,14.0,0.0,2.0,2.0,154.4
52517,1,9.0,Phone,1,13.0,Debit Card,Male,3.0,3,Phone,5,Single,4,1,14.0,0.0,1.0,3.0,121.66
52535,0,6.0,Phone,3,8.0,CC,Male,3.0,3,Laptop & Accessory,1,Married,2,0,14.0,1.0,1.0,4.0,155.05
52540,0,20.0,Phone,3,8.0,Debit Card,Female,2.0,1,Grocery,4,Married,7,0,14.0,1.0,2.0,2.0,259.72
52541,0,22.0,Phone,1,7.0,Debit Card,Male,2.0,3,Grocery,3,Single,5,0,14.0,1.0,2.0,0.0,253.79000000000002
52545,0,9.0,Phone,1,32.0,Debit Card,Male,3.0,3,Laptop & Accessory,3,Married,7,0,14.0,1.0,1.0,2.0,153.47
52554,0,7.0,Phone,1,11.0,CC,Male,2.0,4,Laptop & Accessory,1,Married,2,0,14.0,0.0,4.0,13.0,139.86
52557,0,10.0,Computer,3,7.0,CC,Male,2.0,5,Laptop & Accessory,1,Married,2,0,14.0,1.0,1.0,3.0,195.25
52561,0,8.0,Computer,1,8.0,CC,Male,3.0,4,Phone,1,Single,1,1,14.0,1.0,1.0,4.0,149.3
52573,0,4.0,Phone,1,8.0,Debit Card,Male,3.0,3,Phone,3,Married,2,0,14.0,1.0,1.0,3.0,134.77
52577,0,19.0,Phone,1,19.0,Debit Card,Male,2.0,3,Laptop & Accessory,4,Single,7,0,14.0,1.0,1.0,9.0,155.62
52591,0,9.0,Computer,2,16.0,CC,Male,2.0,3,Phone,1,Married,1,0,14.0,0.0,2.0,1.0,121.44999999999999
52598,0,7.0,Phone,1,8.0,CC,Male,3.0,1,Phone,1,Married,1,1,14.0,1.0,1.0,2.0,129.32
52602,0,11.0,Computer,1,14.0,CC,Female,3.0,4,Phone,4,Married,5,0,14.0,0.0,1.0,5.0,124.68
52606,0,5.0,Computer,1,11.0,COD,Male,3.0,3,Phone,4,Single,3,0,14.0,1.0,1.0,7.0,127.18
52613,0,7.0,Computer,3,16.0,Debit Card,Male,2.0,3,Laptop & Accessory,3,Married,2,1,14.0,1.0,1.0,7.0,140.01
52620,0,4.0,Phone,3,35.0,E wallet,Female,3.0,4,Laptop & Accessory,1,Married,2,0,14.0,0.0,5.0,7.0,154.68
52622,0,10.0,Phone,3,15.0,E wallet,Male,2.0,4,Laptop & Accessory,4,Married,2,0,14.0,1.0,1.0,3.0,141.89
52634,0,8.0,Computer,1,8.0,CC,Male,2.0,3,Laptop & Accessory,1,Married,3,0,14.0,1.0,1.0,7.0,157.62
52642,0,3.0,Phone,1,16.0,CC,Female,3.0,3,Fashion,3,Single,10,0,14.0,0.0,1.0,2.0,196.67
52652,0,4.0,Computer,3,13.0,E wallet,Female,3.0,3,Fashion,5,Married,3,0,14.0,2.0,2.0,2.0,196.37
52656,0,30.0,Computer,1,21.0,Debit Card,Male,2.0,3,Grocery,3,Married,3,1,14.0,2.0,2.0,2.0,257.87
52663,0,0.0,Computer,1,14.0,Debit Card,Female,2.0,3,Phone,1,Single,1,1,14.0,1.0,1.0,2.0,123.78999999999999
52668,0,19.0,Phone,1,8.0,Debit Card,Male,2.0,3,Fashion,1,Married,4,0,14.0,0.0,4.0,7.0,185.78
52681,0,12.0,Phone,1,25.0,UPI,Male,2.0,3,Laptop & Accessory,1,Married,9,0,14.0,0.0,2.0,2.0,139.02
52689,0,9.0,Phone,1,13.0,Debit Card,Male,2.0,3,Phone,5,Single,4,0,14.0,0.0,1.0,2.0,120.62
52696,0,0.0,Phone,3,8.0,CC,Female,2.0,1,Laptop & Accessory,3,Single,1,0,14.0,0.0,1.0,7.0,165.0
52709,0,6.0,Phone,3,16.0,E wallet,Male,2.0,3,Laptop & Accessory,3,Single,2,0,14.0,0.0,1.0,9.0,154.87
52721,1,0.0,Computer,1,14.0,Debit Card,Female,2.0,1,Phone,3,Single,4,1,14.0,0.0,1.0,3.0,124.32
52727,0,9.0,Computer,1,22.0,CC,Male,2.0,3,Phone,3,Single,2,0,14.0,0.0,1.0,4.0,121.44
52737,0,11.0,Phone,3,7.0,Debit Card,Male,3.0,4,Phone,5,Single,5,0,14.0,1.0,1.0,0.0,128.58
52739,0,0.0,Phone,3,15.0,E wallet,Male,2.0,3,Laptop & Accessory,1,Single,2,0,14.0,1.0,1.0,7.0,141.05
52756,0,13.0,Phone,3,8.0,E wallet,Female,3.0,3,Laptop & Accessory,4,Married,4,0,14.0,1.0,5.0,10.0,156.77
52757,0,9.0,Phone,2,8.0,UPI,Female,2.0,3,Phone,4,Married,5,0,14.0,0.0,1.0,2.0,121.87
52774,0,9.0,Phone,3,7.0,CC,Male,3.0,4,Phone,4,Married,1,0,14.0,2.0,2.0,2.0,122.69
52788,1,0.0,Phone,1,7.0,CC,Male,2.0,3,Phone,1,Married,10,1,14.0,2.0,2.0,2.0,147.87
52795,0,5.0,Phone,1,14.0,COD,Male,3.0,3,Phone,5,Single,2,0,14.0,0.0,1.0,2.0,124.38999999999999
52801,0,13.0,Phone,1,8.0,Debit Card,Male,3.0,4,Phone,3,Single,3,0,14.0,0.0,2.0,2.0,128.09
52802,0,8.0,Computer,1,24.0,Debit Card,Male,3.0,3,Laptop & Accessory,3,Married,2,1,14.0,0.0,1.0,2.0,156.89
52803,0,9.0,Phone,1,8.0,CC,Female,3.0,3,Phone,3,Married,3,0,14.0,0.0,1.0,2.0,120.00999999999999
52806,0,2.0,Phone,1,34.0,CC,Female,3.0,4,Phone,5,Single,2,0,14.0,0.0,1.0,4.0,137.85
52814,0,22.0,Computer,3,8.0,CC,Male,3.0,4,Laptop & Accessory,4,Married,3,0,14.0,1.0,1.0,8.0,153.9
52827,1,12.0,Phone,1,7.0,Debit Card,Male,4.0,5,Fashion,3,Single,11,1,14.0,1.0,2.0,1.0,178.81
52828,1,1.0,Phone,1,12.0,COD,Male,3.0,4,Phone,3,Single,3,1,14.0,3.0,3.0,3.0,159.41
52842,0,9.0,Phone,3,7.0,E wallet,Male,4.0,4,Fashion,4,Divorced,3,0,14.0,2.0,2.0,7.0,197.95
52846,0,3.0,Computer,1,7.0,COD,Male,3.0,4,Laptop & Accessory,3,Divorced,3,0,14.0,1.0,2.0,10.0,168.19
52876,0,7.0,Phone,1,21.0,CC,Female,4.0,4,Phone,4,Divorced,3,0,14.0,1.0,2.0,7.0,152.56
52883,1,1.0,Phone,1,30.0,Debit Card,Male,3.0,5,Laptop & Accessory,3,Divorced,5,1,14.0,2.0,2.0,2.0,184.16
52898,0,10.0,Computer,1,25.0,CC,Female,4.0,4,Phone,2,Single,3,0,14.0,2.0,2.0,8.0,146.53
52920,1,1.0,Phone,1,25.0,CC,Male,3.0,5,Phone,2,Single,3,1,14.0,1.0,2.0,2.0,148.89
52925,1,1.0,Phone,1,21.0,CC,Male,3.0,4,Phone,2,Divorced,7,1,14.0,1.0,2.0,5.0,149.36
52937,0,7.0,Phone,1,12.0,Debit Card,Female,4.0,5,Phone,2,Divorced,3,0,14.0,1.0,2.0,3.0,154.11
52938,0,8.0,Phone,1,9.0,Debit Card,Male,3.0,5,Laptop & Accessory,5,Divorced,8,0,14.0,1.0,6.0,10.0,184.57
52944,0,16.0,Phone,1,24.0,Debit Card,Female,3.0,3,Laptop & Accessory,5,Single,5,1,14.0,1.0,2.0,3.0,190.45
52953,0,6.0,Phone,1,9.0,COD,Male,3.0,5,Laptop & Accessory,5,Single,6,0,14.0,1.0,2.0,5.0,146.76
52975,0,1.0,Computer,1,18.0,CC,Male,3.0,4,Laptop & Accessory,5,Divorced,3,1,14.0,3.0,4.0,4.0,172.41
52979,1,1.0,Phone,1,23.0,CC,Male,3.0,4,Phone,4,Married,4,1,14.0,2.0,2.0,3.0,148.73
52987,1,1.0,Phone,1,10.0,Debit Card,Male,3.0,4,Phone,3,Single,3,0,14.0,1.0,2.0,1.0,139.2
52999,0,31.0,Computer,1,7.0,Debit Card,Male,3.0,6,Laptop & Accessory,3,Married,4,1,14.0,2.0,2.0,3.0,181.6
53014,1,1.0,Phone,1,9.0,CC,Male,3.0,6,Phone,2,Divorced,7,1,14.0,3.0,3.0,3.0,159.64
53015,0,4.0,Phone,1,35.0,CC,Female,4.0,4,Laptop & Accessory,2,Divorced,3,0,14.0,1.0,2.0,10.0,182.75
53022,0,1.0,Computer,3,7.0,E wallet,Male,4.0,4,Laptop & Accessory,4,Divorced,2,1,14.0,1.0,2.0,5.0,188.49
53029,0,4.0,Phone,3,12.0,E wallet,Female,2.0,5,Laptop & Accessory,3,Married,3,0,14.0,1.0,2.0,3.0,186.18
53035,0,9.0,Phone,1,12.0,COD,Male,4.0,4,Fashion,4,Single,2,0,14.0,1.0,2.0,14.0,205.95
53042,0,6.0,Phone,1,9.0,CC,Female,4.0,4,Phone,4,Divorced,3,0,14.0,1.0,2.0,8.0,148.7
53044,0,11.0,Phone,1,13.0,CC,Male,3.0,3,Laptop & Accessory,5,Married,6,1,14.0,3.0,7.0,8.0,184.74
53052,0,14.0,Phone,1,17.0,Debit Card,Female,3.0,3,Phone,3,Divorced,5,1,14.0,1.0,2.0,8.0,147.13
53054,1,1.0,Phone,3,12.0,E wallet,Female,3.0,4,Phone,3,Single,3,1,14.0,2.0,2.0,1.0,153.51
53068,0,10.0,Phone,1,9.0,Debit Card,Female,4.0,4,Phone,3,Divorced,6,0,14.0,2.0,3.0,3.0,150.43
53069,1,1.0,Computer,3,26.0,E wallet,Male,4.0,3,Laptop & Accessory,2,Single,10,1,14.0,2.0,2.0,5.0,178.04
53070,0,29.0,Phone,1,9.0,Debit Card,Female,4.0,4,Grocery,2,Single,4,1,14.0,1.0,2.0,3.0,291.59
53074,0,1.0,Phone,1,18.0,CC,Female,3.0,4,Phone,4,Divorced,3,0,14.0,2.0,2.0,3.0,147.44
53075,0,10.0,Phone,3,9.0,CC,Male,4.0,5,Fashion,3,Divorced,3,0,14.0,10.0,10.0,1.0,200.96
53096,1,1.0,Phone,1,10.0,CC,Male,4.0,4,Phone,5,Divorced,7,0,14.0,2.0,2.0,3.0,165.31
53099,0,26.0,Phone,1,11.0,Debit Card,Female,2.0,4,Grocery,2,Divorced,4,0,14.0,1.0,2.0,5.0,290.55
53119,0,21.0,Phone,1,9.0,CC,Female,4.0,4,Laptop & Accessory,2,Married,7,0,14.0,1.0,2.0,5.0,175.7
53127,1,1.0,Phone,1,17.0,CC,Male,3.0,6,Phone,2,Married,9,0,14.0,1.0,2.0,4.0,159.08
53141,0,5.0,Phone,3,9.0,Debit Card,Male,4.0,4,Laptop & Accessory,2,Single,6,1,14.0,2.0,2.0,6.0,190.82
53158,0,11.0,Computer,3,16.0,CC,Male,4.0,4,Fashion,4,Married,3,0,14.0,7.0,8.0,3.0,213.34
53161,0,1.0,Computer,3,31.0,CC,Male,3.0,4,Phone,2,Divorced,2,0,14.0,1.0,3.0,2.0,149.0
53172,0,8.0,Phone,1,7.0,Debit Card,Male,3.0,5,Phone,2,Divorced,3,1,14.0,1.0,2.0,4.0,161.22
53178,0,1.0,Phone,1,7.0,Debit Card,Female,3.0,5,Phone,4,Single,3,0,14.0,2.0,2.0,1.0,153.36
53179,0,16.0,Phone,1,9.0,Debit Card,Female,3.0,4,Laptop & Accessory,2,Divorced,3,0,14.0,3.0,3.0,3.0,165.89
53182,0,17.0,Computer,1,16.0,CC,Male,4.0,4,Laptop & Accessory,3,Married,5,1,14.0,3.0,5.0,8.0,181.79
53196,0,1.0,Phone,1,13.0,Debit Card,Female,4.0,4,Phone,2,Divorced,3,1,14.0,1.0,2.0,3.0,151.59
53199,0,9.0,Phone,1,13.0,Debit Card,Male,3.0,6,Laptop & Accessory,2,Single,3,0,14.0,12.0,12.0,9.0,191.46
53203,0,1.0,Phone,1,10.0,CC,Male,3.0,5,Phone,2,Single,2,0,14.0,1.0,2.0,2.0,145.45
53220,0,12.0,Phone,1,7.0,Debit Card,Female,3.0,3,Laptop & Accessory,2,Single,2,0,14.0,2.0,2.0,9.0,201.25
53231,1,1.0,Phone,1,7.0,Debit Card,Female,4.0,6,Phone,4,Single,9,1,14.0,2.0,4.0,8.0,147.16
53250,0,12.0,Phone,1,9.0,CC,Male,4.0,4,Phone,3,Divorced,8,1,14.0,1.0,2.0,2.0,155.57
53253,1,1.0,Phone,1,7.0,UPI,Male,4.0,4,Phone,2,Single,3,1,14.0,6.0,8.0,9.0,151.86
53255,0,19.0,Phone,3,9.0,COD,Male,3.0,6,Laptop & Accessory,3,Single,2,0,14.0,1.0,4.0,2.0,191.32
53259,1,19.0,Phone,1,9.0,CC,Male,4.0,4,Others,5,Divorced,7,1,14.0,2.0,2.0,5.0,323.59
53268,0,11.0,Phone,1,17.0,Debit Card,Female,3.0,4,Phone,5,Married,2,1,14.0,4.0,5.0,4.0,152.82
53287,0,9.0,Phone,1,7.0,Debit Card,Female,3.0,2,Phone,3,Single,5,0,14.0,1.0,3.0,3.0,150.06
53288,0,16.0,Phone,1,7.0,Debit Card,Female,3.0,5,Laptop & Accessory,2,Divorced,11,1,14.0,1.0,2.0,3.0,185.62
53290,0,10.0,Phone,2,20.0,UPI,Male,3.0,4,Phone,4,Divorced,5,0,14.0,2.0,2.0,5.0,146.43
53295,0,16.0,Phone,1,36.0,Debit Card,Male,4.0,4,Laptop & Accessory,4,Divorced,3,0,14.0,3.0,8.0,9.0,169.34
53309,0,1.0,Phone,1,9.0,CC,Male,4.0,2,Phone,5,Single,9,0,14.0,2.0,2.0,2.0,159.24
53320,0,2.0,Phone,2,15.0,CC,Male,4.0,5,Phone,2,Married,3,0,14.0,1.0,2.0,5.0,174.36
53334,0,16.0,Phone,1,10.0,Debit Card,Female,4.0,2,Laptop & Accessory,2,Divorced,4,1,14.0,1.0,2.0,4.0,177.31
53341,0,17.0,Computer,1,7.0,Debit Card,Female,3.0,4,Laptop & Accessory,2,Divorced,6,0,14.0,2.0,3.0,3.0,180.62
53343,0,11.0,Computer,3,26.0,CC,Male,3.0,4,Fashion,4,Single,3,1,14.0,1.0,2.0,10.0,201.42
53349,0,18.0,Phone,1,16.0,Debit Card,Male,4.0,4,Phone,5,Divorced,3,1,14.0,3.0,8.0,2.0,150.59
53353,1,1.0,Phone,3,9.0,CC,Female,3.0,5,Phone,3,Single,3,0,14.0,1.0,2.0,3.0,145.44
53358,1,5.0,Phone,1,9.0,Debit Card,Female,3.0,6,Phone,2,Married,6,1,14.0,1.0,2.0,1.0,152.78
53365,0,31.0,Phone,1,12.0,COD,Female,3.0,5,Fashion,4,Married,4,1,14.0,2.0,2.0,3.0,230.52
53370,0,5.0,Computer,3,27.0,E wallet,Female,3.0,4,Laptop & Accessory,3,Divorced,3,0,14.0,2.0,2.0,1.0,194.32
53372,0,12.0,Phone,1,7.0,COD,Female,4.0,4,Fashion,5,Divorced,3,0,14.0,4.0,6.0,12.0,260.82
53377,0,15.0,Phone,1,13.0,CC,Male,3.0,4,Phone,5,Single,4,1,14.0,2.0,3.0,18.0,172.21
53379,1,1.0,Phone,3,28.0,UPI,Male,3.0,5,Phone,4,Single,3,1,14.0,1.0,2.0,1.0,146.21
53392,0,27.0,Phone,3,9.0,CC,Male,3.0,4,Grocery,3,Married,8,0,14.0,1.0,16.0,3.0,273.52
53394,0,12.0,Computer,3,17.0,COD,Female,3.0,4,Laptop & Accessory,2,Single,3,1,14.0,1.0,2.0,4.0,181.66
53395,0,9.0,Phone,3,10.0,Debit Card,Male,4.0,4,Fashion,2,Married,8,0,14.0,1.0,2.0,9.0,203.23
53399,0,10.0,Computer,3,15.0,COD,Male,3.0,4,Laptop & Accessory,2,Married,6,0,14.0,2.0,2.0,8.0,175.79
53406,0,7.0,Computer,1,7.0,UPI,Female,3.0,2,Laptop & Accessory,4,Divorced,3,1,14.0,1.0,2.0,3.0,179.88
53414,0,20.0,Phone,1,14.0,CC,Male,4.0,4,Fashion,3,Married,8,0,14.0,1.0,2.0,8.0,233.45
53426,0,22.0,Phone,1,13.0,Debit Card,Male,4.0,5,Laptop & Accessory,3,Single,4,0,14.0,1.0,3.0,3.0,167.4
53434,0,31.0,Phone,1,9.0,Debit Card,Female,4.0,5,Grocery,2,Single,5,1,14.0,1.0,5.0,4.0,262.26
53444,0,13.0,Computer,1,29.0,CC,Female,3.0,4,Fashion,5,Single,3,1,14.0,2.0,2.0,9.0,233.8
53460,0,1.0,Computer,1,7.0,CC,Female,4.0,5,Phone,3,Married,3,0,14.0,2.0,2.0,4.0,145.07
53466,0,17.0,Phone,3,32.0,CC,Male,4.0,5,Fashion,2,Married,7,0,14.0,2.0,2.0,1.0,259.0
53468,1,1.0,Phone,1,17.0,Debit Card,Female,3.0,5,Phone,5,Single,3,0,14.0,2.0,2.0,1.0,139.16
53474,0,15.0,Phone,1,14.0,COD,Female,3.0,2,Phone,3,Divorced,3,0,14.0,2.0,2.0,9.0,158.76
53479,0,2.0,Phone,1,17.0,UPI,Female,3.0,4,Laptop & Accessory,3,Single,5,0,14.0,2.0,2.0,8.0,161.6
53496,0,19.0,Computer,3,16.0,Debit Card,Female,4.0,5,Laptop & Accessory,3,Divorced,3,0,14.0,1.0,5.0,13.0,180.93
53516,0,3.0,Phone,1,15.0,CC,Male,4.0,5,Laptop & Accessory,2,Divorced,3,1,14.0,1.0,2.0,3.0,175.56
53517,0,12.0,Phone,2,7.0,UPI,Male,3.0,2,Phone,3,Divorced,3,0,14.0,2.0,6.0,1.0,153.44
53523,0,11.0,Phone,1,32.0,CC,Female,3.0,5,Laptop & Accessory,2,Married,9,0,14.0,1.0,2.0,4.0,182.31
53524,0,1.0,Phone,1,13.0,Debit Card,Male,3.0,5,Phone,3,Divorced,3,0,14.0,3.0,3.0,3.0,150.39
53527,1,1.0,Phone,3,30.0,Debit Card,Female,3.0,5,Fashion,5,Divorced,3,0,14.0,1.0,4.0,11.0,198.36
53530,0,16.0,Phone,3,11.0,E wallet,Male,3.0,4,Laptop & Accessory,5,Single,9,0,14.0,2.0,2.0,6.0,176.55
53536,0,14.0,Computer,1,33.0,CC,Female,4.0,5,Laptop & Accessory,2,Divorced,5,1,14.0,2.0,2.0,1.0,169.22
53539,0,9.0,Computer,1,11.0,UPI,Male,3.0,5,Phone,2,Divorced,3,0,14.0,3.0,3.0,3.0,148.76
53540,1,7.0,Phone,3,16.0,E wallet,Female,3.0,6,Laptop & Accessory,3,Single,10,0,14.0,2.0,2.0,4.0,178.46
53542,0,30.0,Phone,1,11.0,COD,Female,4.0,4,Others,5,Married,6,0,14.0,1.0,5.0,3.0,324.43
53543,0,3.0,Phone,1,13.0,CC,Female,3.0,4,Phone,2,Divorced,3,0,14.0,1.0,2.0,9.0,156.31
53546,0,11.0,Phone,1,7.0,Debit Card,Female,3.0,5,Laptop & Accessory,2,Divorced,3,0,14.0,4.0,4.0,12.0,189.74
53553,0,18.0,Computer,1,24.0,Debit Card,Male,4.0,6,Phone,3,Single,4,0,14.0,2.0,2.0,1.0,147.9
53554,0,7.0,Phone,2,9.0,UPI,Male,3.0,4,Phone,3,Divorced,3,0,14.0,1.0,2.0,5.0,161.0
53562,1,1.0,Phone,1,24.0,Debit Card,Female,4.0,4,Phone,4,Divorced,3,0,14.0,1.0,2.0,1.0,147.1
53565,0,4.0,Phone,1,14.0,Debit Card,Male,3.0,4,Laptop & Accessory,3,Married,3,0,14.0,9.0,9.0,10.0,159.91
53574,0,7.0,Phone,1,16.0,CC,Male,3.0,4,Phone,2,Divorced,2,0,14.0,2.0,5.0,11.0,152.81
53582,0,18.0,Phone,1,9.0,Debit Card,Female,4.0,2,Phone,2,Divorced,3,0,14.0,7.0,8.0,8.0,145.11
53611,0,8.0,Computer,1,26.0,CC,Female,3.0,4,Laptop & Accessory,4,Married,6,0,14.0,4.0,6.0,11.0,169.44
53623,1,1.0,Phone,1,14.0,COD,Female,3.0,4,Phone,3,Married,5,1,14.0,2.0,8.0,8.0,158.39
53631,1,3.0,Phone,1,30.0,CC,Male,4.0,4,Phone,5,Single,2,0,14.0,1.0,2.0,4.0,164.04
53642,0,15.0,Computer,3,17.0,CC,Male,3.0,6,Laptop & Accessory,4,Single,3,0,14.0,4.0,12.0,10.0,186.51
53650,0,14.0,Phone,1,9.0,Debit Card,Male,4.0,4,Laptop & Accessory,2,Single,3,0,14.0,4.0,9.0,9.0,171.61
53670,0,8.0,Phone,1,36.0,CC,Male,3.0,4,Laptop & Accessory,3,Divorced,6,0,14.0,1.0,8.0,8.0,179.29
53681,0,7.0,Computer,3,12.0,Debit Card,Male,4.0,4,Laptop & Accessory,2,Divorced,8,0,14.0,2.0,2.0,3.0,224.98
53682,0,6.0,Phone,3,9.0,E wallet,Male,3.0,4,Laptop & Accessory,4,Divorced,2,1,14.0,1.0,2.0,3.0,165.78
53688,1,1.0,Phone,1,24.0,Debit Card,Female,3.0,4,Phone,3,Single,3,1,14.0,4.0,8.0,8.0,148.94
53691,0,26.0,Phone,1,15.0,UPI,Female,3.0,4,Phone,5,Divorced,11,0,14.0,2.0,2.0,5.0,154.5
53696,0,3.0,Phone,2,24.0,UPI,Male,3.0,5,Fashion,5,Single,3,0,14.0,1.0,2.0,10.0,204.88
53701,0,29.0,Phone,1,7.0,CC,Male,3.0,2,Grocery,2,Married,4,0,14.0,1.0,2.0,1.0,272.32
53710,0,10.0,Phone,3,23.0,E wallet,Female,4.0,5,Laptop & Accessory,5,Divorced,6,0,14.0,2.0,2.0,3.0,181.47
53727,1,1.0,Computer,1,9.0,Debit Card,Male,4.0,4,Phone,1,Divorced,8,1,14.0,3.0,3.0,3.0,162.22
53737,0,18.0,Phone,1,27.0,Debit Card,Male,3.0,4,Phone,4,Single,3,0,14.0,2.0,2.0,4.0,159.2
53741,0,16.0,Computer,1,16.0,CC,Female,4.0,4,Phone,1,Single,3,0,14.0,5.0,6.0,9.0,161.73
53743,0,4.0,Computer,1,14.0,COD,Male,4.0,4,Phone,3,Married,3,0,14.0,1.0,2.0,1.0,137.74
53750,0,9.0,Phone,3,14.0,Debit Card,Male,4.0,4,Phone,3,Divorced,3,0,14.0,2.0,2.0,1.0,149.04
53752,0,1.0,Computer,3,20.0,Debit Card,Female,4.0,4,Phone,4,Divorced,3,0,14.0,1.0,2.0,1.0,145.33
53763,0,3.0,Computer,1,9.0,Debit Card,Female,4.0,4,Phone,4,Divorced,2,0,14.0,1.0,2.0,3.0,156.8
53768,1,1.0,Phone,1,7.0,COD,Male,4.0,5,Phone,5,Single,8,0,14.0,1.0,2.0,8.0,148.62
53769,0,18.0,Phone,1,35.0,Debit Card,Male,3.0,4,Grocery,5,Divorced,5,0,14.0,1.0,15.0,18.0,288.28
53777,0,24.0,Computer,1,29.0,CC,Male,3.0,6,Grocery,1,Single,3,1,14.0,1.0,14.0,10.0,269.11
53781,0,3.0,Phone,1,15.0,UPI,Female,3.0,6,Laptop & Accessory,5,Married,5,0,14.0,1.0,2.0,3.0,222.15
53782,0,7.0,Phone,1,32.0,Debit Card,Male,3.0,5,Laptop & Accessory,4,Single,3,0,14.0,1.0,2.0,3.0,168.2
53796,0,7.0,Phone,3,15.0,Debit Card,Male,3.0,4,Laptop & Accessory,5,Married,4,0,14.0,3.0,3.0,3.0,188.92
53806,0,8.0,Phone,1,14.0,CC,Male,3.0,4,Phone,1,Single,3,0,14.0,1.0,2.0,1.0,154.72
53812,0,10.0,Phone,3,7.0,Debit Card,Female,4.0,4,Laptop & Accessory,3,Single,8,0,14.0,2.0,2.0,1.0,193.15
53819,0,10.0,Computer,1,13.0,Debit Card,Male,4.0,2,Laptop & Accessory,5,Married,5,1,14.0,2.0,2.0,3.0,180.62
53835,0,5.0,Computer,3,9.0,UPI,Male,3.0,4,Laptop & Accessory,5,Single,9,0,14.0,1.0,2.0,4.0,178.32
53837,0,8.0,Computer,1,17.0,Debit Card,Male,3.0,2,Laptop & Accessory,1,Married,3,0,14.0,6.0,8.0,3.0,172.24
53839,0,13.0,Phone,1,17.0,CC,Male,4.0,4,Laptop & Accessory,5,Married,4,0,14.0,5.0,8.0,8.0,178.77
53847,0,14.0,Phone,1,22.0,Debit Card,Female,4.0,5,Fashion,3,Married,3,0,14.0,2.0,15.0,3.0,229.35
53850,0,13.0,Computer,1,11.0,CC,Female,3.0,4,Laptop & Accessory,3,Single,2,0,14.0,4.0,4.0,9.0,175.42
53859,0,1.0,Computer,1,9.0,COD,Female,3.0,4,Phone,1,Single,3,1,14.0,2.0,2.0,4.0,162.6
53861,0,1.0,Computer,1,9.0,CC,Male,3.0,4,Phone,1,Single,4,0,14.0,1.0,2.0,3.0,150.8
53879,0,3.0,Phone,3,12.0,CC,Male,3.0,5,Laptop & Accessory,4,Married,3,1,14.0,1.0,2.0,10.0,166.87
53881,0,6.0,Phone,1,9.0,CC,Male,3.0,4,Laptop & Accessory,4,Married,2,0,14.0,1.0,2.0,7.0,179.7
53917,0,6.0,Computer,1,17.0,Debit Card,Male,3.0,4,Phone,3,Married,8,0,14.0,1.0,2.0,4.0,159.33
53921,0,1.0,Phone,1,36.0,CC,Male,4.0,4,Phone,5,Married,3,0,14.0,2.0,2.0,3.0,164.07
53927,1,1.0,Phone,3,20.0,E wallet,Male,4.0,5,Laptop & Accessory,5,Married,7,1,14.0,3.0,3.0,3.0,186.34
53929,0,1.0,Phone,1,11.0,CC,Female,3.0,4,Phone,4,Single,3,0,14.0,2.0,2.0,3.0,157.95
53932,0,6.0,Phone,3,26.0,Debit Card,Male,4.0,6,Fashion,3,Married,5,0,14.0,2.0,2.0,3.0,221.1
53940,1,1.0,Phone,3,16.0,E wallet,Female,3.0,6,Phone,4,Single,3,0,14.0,2.0,3.0,3.0,152.6
53948,1,1.0,Phone,3,23.0,E wallet,Male,4.0,4,Fashion,3,Married,4,0,14.0,2.0,2.0,1.0,206.61
53949,0,3.0,Phone,1,11.0,COD,Female,4.0,5,Phone,5,Married,3,0,14.0,1.0,2.0,1.0,146.09
53960,0,17.0,Phone,2,9.0,Debit Card,Male,4.0,4,Phone,1,Single,2,0,14.0,1.0,2.0,9.0,160.39
53962,1,1.0,Phone,3,14.0,E wallet,Male,3.0,4,Phone,4,Single,3,0,14.0,2.0,2.0,1.0,151.79
53969,0,10.0,Phone,1,17.0,Debit Card,Male,3.0,4,Fashion,5,Married,9,1,14.0,2.0,6.0,8.0,208.21
53971,0,11.0,Phone,2,15.0,UPI,Male,3.0,4,Laptop & Accessory,4,Married,4,0,14.0,5.0,5.0,8.0,165.71
53980,0,12.0,Computer,2,9.0,UPI,Male,4.0,4,Phone,4,Married,7,0,14.0,4.0,4.0,9.0,150.92
53984,0,17.0,Computer,1,16.0,Debit Card,Male,3.0,4,Phone,3,Single,6,0,14.0,1.0,2.0,3.0,149.38
53986,0,15.0,Phone,3,11.0,E wallet,Female,3.0,4,Fashion,3,Married,2,1,14.0,1.0,14.0,3.0,229.47
54000,0,1.0,Phone,3,17.0,CC,Male,3.0,4,Laptop & Accessory,1,Single,3,0,14.0,1.0,2.0,3.0,171.84
54009,0,3.0,Computer,1,27.0,CC,Male,3.0,4,Phone,1,Married,3,0,14.0,2.0,4.0,11.0,163.12
54010,0,6.0,Computer,3,17.0,E wallet,Male,4.0,4,Laptop & Accessory,1,Single,10,0,14.0,2.0,2.0,1.0,171.48
54016,0,16.0,Phone,1,15.0,Debit Card,Male,3.0,4,Phone,3,Single,6,0,14.0,2.0,2.0,1.0,164.68
54029,1,1.0,Phone,3,16.0,CC,Male,3.0,4,Phone,1,Single,3,0,14.0,1.0,2.0,1.0,135.81
54031,0,10.0,Phone,3,17.0,COD,Female,4.0,5,Laptop & Accessory,3,Married,3,1,14.0,2.0,2.0,8.0,181.73
54033,0,8.0,Phone,3,11.0,Debit Card,Male,4.0,4,Fashion,1,Married,4,1,14.0,1.0,2.0,3.0,222.13
54037,0,19.0,Phone,1,32.0,Debit Card,Female,4.0,5,Laptop & Accessory,1,Married,2,0,14.0,1.0,4.0,9.0,184.06
54040,0,1.0,Phone,1,7.0,Debit Card,Female,3.0,5,Phone,3,Married,3,1,14.0,1.0,2.0,1.0,154.33
54048,0,16.0,Phone,1,13.0,CC,Male,3.0,4,Fashion,5,Married,11,0,14.0,4.0,2.0,8.0,258.48
54073,0,5.0,Computer,1,10.0,CC,Male,3.0,4,Phone,5,Married,3,1,14.0,1.0,3.0,4.0,155.65
54077,0,1.0,Phone,1,7.0,CC,Male,4.0,4,Phone,5,Single,2,0,14.0,4.0,8.0,7.0,153.67
54087,1,17.0,Phone,3,31.0,Debit Card,Male,4.0,4,Fashion,5,Single,8,1,14.0,3.0,3.0,3.0,229.48
54099,0,1.0,Phone,1,19.0,UPI,Male,4.0,4,Phone,1,Single,3,0,14.0,2.0,2.0,5.0,151.47
54103,0,4.0,Phone,1,7.0,CC,Male,4.0,4,Phone,4,Married,3,0,14.0,1.0,2.0,8.0,162.48
54116,0,7.0,Phone,1,22.0,CC,Female,4.0,4,Laptop & Accessory,1,Married,2,1,14.0,6.0,9.0,2.0,37.0
54117,0,6.0,Phone,1,36.0,Debit Card,Female,3.0,5,Phone,4,Single,3,0,14.0,4.0,5.0,2.0,153.37
54120,0,13.0,Phone,1,31.0,Debit Card,Male,3.0,4,Laptop & Accessory,1,Single,9,0,14.0,2.0,2.0,8.0,166.08
54131,0,10.0,Computer,1,11.0,Debit Card,Female,4.0,4,Laptop & Accessory,4,Married,9,0,14.0,2.0,2.0,3.0,176.31
54144,0,10.0,Phone,3,18.0,E wallet,Female,4.0,5,Laptop & Accessory,1,Married,6,0,14.0,2.0,2.0,1.0,191.52
54150,0,3.0,Phone,1,20.0,UPI,Male,3.0,5,Laptop & Accessory,4,Married,6,1,14.0,2.0,2.0,4.0,165.25
54152,1,14.0,Phone,3,35.0,E wallet,Male,3.0,5,Fashion,5,Married,6,1,14.0,1.0,2.0,1.0,233.54000000000002
54166,0,6.0,Computer,1,9.0,Debit Card,Male,4.0,4,Phone,1,Single,2,0,14.0,2.0,4.0,7.0,155.68
54170,0,10.0,Phone,1,34.0,CC,Male,4.0,4,Laptop & Accessory,3,Married,8,0,14.0,1.0,8.0,8.0,177.37
54171,0,9.0,Phone,1,23.0,CC,Male,3.0,2,Phone,4,Married,2,0,14.0,2.0,2.0,4.0,149.26
54178,0,1.0,Computer,1,23.0,CC,Male,4.0,2,Phone,1,Married,3,1,14.0,1.0,2.0,1.0,154.35
54192,0,18.0,Phone,1,17.0,UPI,Male,3.0,4,Laptop & Accessory,1,Married,4,1,14.0,1.0,2.0,4.0,189.65
54193,0,4.0,Phone,1,16.0,CC,Male,3.0,5,Phone,3,Single,3,0,14.0,1.0,2.0,9.0,147.06
54198,0,9.0,Phone,3,9.0,E wallet,Female,4.0,4,Phone,1,Married,3,0,14.0,3.0,3.0,3.0,145.14
54202,0,1.0,Phone,1,9.0,Debit Card,Female,3.0,4,Phone,5,Married,3,0,14.0,2.0,2.0,1.0,148.41
54211,1,12.0,Phone,1,7.0,Debit Card,Male,4.0,5,Fashion,3,Single,11,1,14.0,1.0,2.0,1.0,178.81
54212,1,1.0,Phone,1,12.0,COD,Male,3.0,4,Phone,3,Single,3,1,14.0,1.0,3.0,3.0,159.41
54214,0,9.0,Computer,1,18.0,CC,Male,4.0,5,Fashion,5,Married,4,1,14.0,2.0,3.0,3.0,223.84
54225,0,10.0,Phone,1,15.0,COD,Female,3.0,4,Fashion,3,Married,3,0,14.0,8.0,13.0,3.0,225.96
54227,0,10.0,Computer,1,18.0,Debit Card,Male,4.0,5,Laptop & Accessory,4,Single,3,0,14.0,2.0,2.0,4.0,189.99
54229,0,9.0,Computer,1,7.0,CC,Male,4.0,4,Phone,5,Married,6,0,14.0,1.0,2.0,3.0,146.94
54239,0,11.0,Phone,1,14.0,CC,Male,2.0,4,Fashion,3,Single,6,0,14.0,1.0,2.0,3.0,261.64
54247,0,1.0,Phone,3,9.0,COD,Male,4.0,4,Phone,5,Married,5,0,14.0,2.0,2.0,1.0,148.22
54254,0,20.0,Computer,1,7.0,CC,Male,3.0,5,Fashion,5,Married,4,1,14.0,5.0,2.0,6.0,231.73000000000002
54259,0,31.0,Phone,3,17.0,CC,Male,3.0,4,Grocery,3,Single,2,0,14.0,1.0,2.0,9.0,263.72
54262,0,6.0,Phone,1,7.0,Debit Card,Male,4.0,4,Phone,5,Single,3,0,14.0,1.0,2.0,1.0,154.56
54282,0,7.0,Computer,3,29.0,E wallet,Male,4.0,4,Laptop & Accessory,4,Married,2,0,14.0,1.0,2.0,8.0,186.46
54294,0,15.0,Phone,3,16.0,Debit Card,Male,4.0,4,Fashion,3,Married,5,1,14.0,1.0,2.0,8.0,206.89
54302,0,19.0,Phone,1,36.0,CC,Male,3.0,4,Phone,1,Single,7,0,14.0,2.0,2.0,4.0,159.52
54307,0,4.0,Phone,1,9.0,CC,Male,3.0,5,Phone,1,Single,2,0,14.0,1.0,2.0,3.0,152.2
54312,0,9.0,Phone,3,7.0,E wallet,Male,4.0,4,Fashion,4,Married,3,0,14.0,1.0,2.0,7.0,197.95
54316,0,3.0,Computer,1,7.0,COD,Male,3.0,4,Laptop & Accessory,3,Married,3,0,14.0,1.0,2.0,10.0,168.19
54346,0,7.0,Phone,1,21.0,CC,Female,4.0,4,Phone,4,Married,3,0,14.0,2.0,2.0,7.0,152.56
54353,1,1.0,Phone,1,30.0,Debit Card,Male,3.0,5,Laptop & Accessory,3,Married,5,1,14.0,2.0,2.0,2.0,184.16
54368,0,10.0,Computer,1,25.0,CC,Female,4.0,4,Phone,1,Single,3,0,14.0,1.0,2.0,8.0,146.53
54390,1,1.0,Phone,1,25.0,CC,Male,3.0,5,Phone,1,Single,3,1,14.0,1.0,2.0,2.0,148.89
54395,1,1.0,Phone,1,21.0,CC,Male,3.0,4,Phone,1,Married,7,1,14.0,2.0,2.0,5.0,149.36
54407,0,7.0,Phone,1,12.0,Debit Card,Female,4.0,5,Phone,1,Married,3,0,14.0,1.0,2.0,3.0,154.11
54408,0,8.0,Phone,1,9.0,Debit Card,Male,3.0,5,Laptop & Accessory,5,Married,8,0,14.0,1.0,6.0,10.0,184.57
54414,0,16.0,Phone,1,24.0,Debit Card,Female,3.0,2,Laptop & Accessory,5,Single,5,1,14.0,2.0,2.0,3.0,190.45
54423,0,6.0,Phone,1,9.0,COD,Male,3.0,5,Laptop & Accessory,5,Single,6,0,14.0,1.0,2.0,5.0,146.76
54445,0,1.0,Computer,1,18.0,CC,Male,3.0,4,Laptop & Accessory,5,Married,3,1,14.0,2.0,4.0,4.0,172.41
54449,1,1.0,Phone,1,23.0,CC,Male,3.0,4,Phone,4,Married,4,1,14.0,2.0,2.0,3.0,148.73
54457,1,1.0,Phone,1,10.0,Debit Card,Male,3.0,4,Phone,3,Single,3,0,14.0,2.0,2.0,1.0,139.2
54469,0,31.0,Computer,1,7.0,Debit Card,Male,3.0,6,Laptop & Accessory,3,Married,4,1,14.0,2.0,2.0,3.0,181.6
54484,1,1.0,Phone,1,9.0,CC,Male,3.0,6,Phone,1,Married,7,1,14.0,2.0,3.0,3.0,159.64
54485,0,4.0,Phone,1,35.0,CC,Female,4.0,4,Laptop & Accessory,1,Married,3,0,14.0,2.0,2.0,10.0,182.75
54492,0,1.0,Computer,3,7.0,E wallet,Male,4.0,4,Laptop & Accessory,4,Married,2,1,14.0,1.0,2.0,5.0,188.49
54499,0,4.0,Phone,3,12.0,E wallet,Female,2.0,5,Laptop & Accessory,3,Married,3,0,14.0,2.0,2.0,3.0,186.18
54505,0,9.0,Phone,1,12.0,COD,Male,4.0,4,Fashion,4,Single,2,0,14.0,2.0,2.0,14.0,205.95
54512,0,6.0,Phone,1,9.0,CC,Female,4.0,4,Phone,4,Married,3,0,14.0,1.0,2.0,8.0,148.7
54514,0,11.0,Phone,1,13.0,CC,Male,3.0,2,Laptop & Accessory,5,Married,6,1,14.0,7.0,7.0,8.0,184.74
54522,0,14.0,Phone,1,17.0,Debit Card,Female,3.0,2,Phone,3,Married,5,1,14.0,1.0,2.0,8.0,147.13
54524,1,1.0,Phone,3,12.0,E wallet,Female,3.0,4,Phone,3,Single,3,1,14.0,1.0,2.0,1.0,153.51
54538,0,10.0,Phone,1,9.0,Debit Card,Female,4.0,4,Phone,3,Married,6,0,14.0,3.0,3.0,3.0,150.43
54539,1,1.0,Computer,3,26.0,E wallet,Male,4.0,2,Laptop & Accessory,1,Single,10,1,14.0,1.0,2.0,5.0,178.04
54540,0,29.0,Phone,1,9.0,Debit Card,Female,4.0,4,Grocery,1,Single,4,1,14.0,1.0,2.0,3.0,291.59
54544,0,1.0,Phone,1,18.0,CC,Female,3.0,4,Phone,4,Married,3,0,14.0,2.0,2.0,3.0,147.44
54545,0,10.0,Phone,3,9.0,CC,Male,4.0,5,Fashion,3,Married,3,0,14.0,9.0,10.0,1.0,200.96
54566,1,1.0,Phone,1,10.0,CC,Male,4.0,4,Phone,5,Married,7,0,14.0,2.0,2.0,3.0,165.31
54569,0,26.0,Phone,1,11.0,Debit Card,Female,2.0,4,Grocery,1,Married,4,0,14.0,1.0,2.0,5.0,290.55
54589,0,21.0,Phone,1,9.0,CC,Female,4.0,4,Laptop & Accessory,1,Married,7,0,14.0,1.0,2.0,5.0,175.7
54597,1,1.0,Phone,1,17.0,CC,Male,3.0,6,Phone,1,Married,9,0,14.0,1.0,2.0,4.0,159.08
54611,0,5.0,Phone,3,9.0,Debit Card,Male,4.0,4,Laptop & Accessory,1,Single,6,1,14.0,2.0,2.0,6.0,190.82
54628,0,11.0,Computer,3,16.0,CC,Male,4.0,4,Fashion,4,Married,3,0,14.0,2.0,8.0,3.0,213.34
54631,0,1.0,Computer,3,31.0,CC,Male,3.0,4,Phone,1,Married,2,0,14.0,2.0,3.0,2.0,149.0
54642,0,8.0,Phone,1,7.0,Debit Card,Male,3.0,5,Phone,1,Married,3,1,14.0,2.0,2.0,4.0,161.22
54648,0,1.0,Phone,1,7.0,Debit Card,Female,3.0,5,Phone,4,Single,3,0,14.0,1.0,2.0,1.0,153.36
54649,0,16.0,Phone,1,9.0,Debit Card,Female,3.0,4,Laptop & Accessory,1,Married,3,0,14.0,1.0,3.0,3.0,165.89
54652,0,17.0,Computer,1,16.0,CC,Male,4.0,4,Laptop & Accessory,3,Married,5,1,14.0,2.0,5.0,8.0,181.79
54666,0,1.0,Phone,1,13.0,Debit Card,Female,4.0,4,Phone,1,Married,3,1,14.0,1.0,2.0,3.0,81.0
54669,0,9.0,Phone,1,13.0,Debit Card,Male,3.0,6,Laptop & Accessory,1,Single,3,0,14.0,1.0,12.0,9.0,191.46
54673,0,1.0,Phone,1,10.0,CC,Male,3.0,5,Phone,1,Single,2,0,14.0,2.0,2.0,2.0,145.45
54690,0,12.0,Phone,1,7.0,Debit Card,Female,3.0,2,Laptop & Accessory,1,Single,2,0,14.0,1.0,2.0,9.0,201.25
54701,1,1.0,Phone,1,7.0,Debit Card,Female,4.0,6,Phone,4,Single,9,1,14.0,2.0,4.0,8.0,147.16
54720,0,12.0,Phone,1,9.0,CC,Male,4.0,4,Phone,3,Married,8,1,14.0,1.0,2.0,2.0,155.57
54723,1,1.0,Phone,1,7.0,UPI,Male,4.0,4,Phone,1,Single,3,1,14.0,7.0,8.0,9.0,151.86
54725,0,19.0,Phone,3,9.0,COD,Male,3.0,6,Laptop & Accessory,3,Single,2,0,14.0,2.0,4.0,2.0,191.32
54729,1,19.0,Phone,1,9.0,CC,Male,4.0,4,Others,5,Married,7,1,14.0,2.0,2.0,5.0,323.59
54738,0,11.0,Phone,1,17.0,Debit Card,Female,3.0,4,Phone,5,Married,2,1,14.0,5.0,5.0,4.0,152.82
54757,0,9.0,Phone,1,7.0,Debit Card,Female,3.0,2,Phone,3,Single,5,0,14.0,3.0,3.0,3.0,150.06
54758,0,16.0,Phone,1,7.0,Debit Card,Female,3.0,5,Laptop & Accessory,1,Married,11,1,14.0,1.0,2.0,3.0,185.62
54760,0,10.0,Phone,2,20.0,UPI,Male,3.0,4,Phone,4,Married,6,0,14.0,2.0,2.0,5.0,146.43
54765,0,16.0,Phone,1,36.0,Debit Card,Male,4.0,4,Laptop & Accessory,4,Married,3,0,14.0,6.0,8.0,9.0,169.34
54779,0,1.0,Phone,1,9.0,CC,Male,4.0,2,Phone,5,Single,9,0,14.0,1.0,2.0,2.0,159.24
54790,0,2.0,Phone,2,15.0,CC,Male,4.0,5,Phone,1,Married,3,0,14.0,2.0,2.0,5.0,174.36
54804,0,16.0,Phone,1,10.0,Debit Card,Female,4.0,2,Laptop & Accessory,1,Married,4,1,14.0,2.0,2.0,4.0,177.31
54811,0,17.0,Computer,1,7.0,Debit Card,Female,3.0,4,Laptop & Accessory,1,Married,6,0,14.0,2.0,3.0,3.0,180.62
54813,0,11.0,Computer,3,26.0,CC,Male,3.0,4,Fashion,4,Single,3,1,14.0,1.0,2.0,10.0,201.42
54819,0,18.0,Phone,1,16.0,Debit Card,Male,4.0,4,Phone,5,Married,3,1,14.0,6.0,8.0,2.0,150.59
54823,1,1.0,Phone,3,9.0,CC,Female,3.0,5,Phone,3,Single,3,0,14.0,2.0,2.0,3.0,145.44
54828,1,5.0,Phone,1,9.0,Debit Card,Female,3.0,6,Phone,1,Married,6,1,14.0,1.0,2.0,1.0,152.78
54835,0,31.0,Phone,1,12.0,COD,Female,3.0,5,Fashion,4,Married,4,1,14.0,2.0,2.0,3.0,230.52
54840,0,5.0,Computer,3,27.0,E wallet,Female,3.0,4,Laptop & Accessory,3,Married,3,0,14.0,2.0,2.0,1.0,194.32
54842,0,12.0,Phone,1,7.0,COD,Female,4.0,4,Fashion,5,Married,3,0,14.0,5.0,6.0,12.0,260.82
54847,0,15.0,Phone,1,13.0,CC,Male,3.0,4,Phone,5,Single,4,1,14.0,2.0,3.0,18.0,172.21
54849,1,1.0,Phone,3,28.0,UPI,Male,3.0,5,Phone,4,Single,3,1,14.0,2.0,2.0,1.0,146.21
54862,0,27.0,Phone,3,9.0,CC,Male,3.0,4,Grocery,3,Married,8,0,14.0,1.0,16.0,3.0,273.52
54864,0,12.0,Computer,3,17.0,COD,Female,3.0,4,Laptop & Accessory,1,Single,3,1,14.0,2.0,2.0,4.0,181.66
54865,0,9.0,Phone,3,10.0,Debit Card,Male,4.0,4,Fashion,1,Married,8,0,14.0,1.0,2.0,9.0,203.23
54869,0,10.0,Computer,3,15.0,COD,Male,3.0,4,Laptop & Accessory,1,Married,6,0,14.0,2.0,2.0,8.0,175.79
54876,0,7.0,Computer,1,7.0,UPI,Female,3.0,2,Laptop & Accessory,4,Married,3,1,14.0,2.0,2.0,3.0,179.88
54884,0,20.0,Phone,1,14.0,CC,Male,4.0,4,Fashion,3,Married,8,0,14.0,2.0,2.0,8.0,233.45
54896,0,22.0,Phone,1,13.0,Debit Card,Male,4.0,5,Laptop & Accessory,3,Single,4,0,14.0,1.0,3.0,3.0,167.4
54904,0,31.0,Phone,1,9.0,Debit Card,Female,4.0,5,Grocery,1,Single,5,1,14.0,1.0,5.0,4.0,262.26
54914,0,13.0,Computer,1,29.0,CC,Female,3.0,4,Fashion,5,Single,3,1,14.0,2.0,2.0,9.0,233.8
54930,0,1.0,Computer,1,7.0,CC,Female,4.0,5,Phone,3,Married,3,0,14.0,1.0,2.0,4.0,145.07
54936,0,17.0,Phone,3,32.0,CC,Male,4.0,5,Fashion,1,Married,7,0,14.0,2.0,2.0,1.0,232.98000000000002
54938,1,1.0,Phone,1,17.0,Debit Card,Female,3.0,5,Phone,5,Single,3,0,14.0,1.0,2.0,1.0,139.16
54944,0,15.0,Phone,1,14.0,COD,Female,3.0,2,Phone,3,Married,3,0,14.0,1.0,2.0,9.0,158.76
54949,0,2.0,Phone,1,17.0,UPI,Female,3.0,4,Laptop & Accessory,3,Single,5,0,14.0,1.0,2.0,8.0,161.6
54966,0,19.0,Computer,3,16.0,Debit Card,Female,4.0,5,Laptop & Accessory,3,Married,3,0,14.0,5.0,5.0,13.0,180.93
54987,0,12.0,Phone,2,7.0,UPI,Male,3.0,2,Phone,3,Married,3,0,14.0,4.0,6.0,1.0,153.44
54993,0,11.0,Phone,1,32.0,CC,Female,3.0,5,Laptop & Accessory,1,Married,9,0,14.0,2.0,2.0,4.0,182.31
54994,0,1.0,Phone,1,13.0,Debit Card,Male,3.0,5,Phone,3,Married,3,0,14.0,2.0,3.0,3.0,150.39
54997,1,1.0,Phone,3,30.0,Debit Card,Female,3.0,5,Fashion,5,Married,3,0,14.0,2.0,4.0,11.0,198.36
55000,0,16.0,Phone,3,11.0,E wallet,Male,3.0,4,Laptop & Accessory,5,Single,9,0,14.0,2.0,2.0,6.0,176.55
55006,0,14.0,Computer,1,33.0,CC,Female,4.0,5,Laptop & Accessory,1,Married,5,1,14.0,1.0,2.0,1.0,169.22
55009,0,9.0,Computer,1,11.0,UPI,Male,3.0,5,Phone,1,Married,3,0,14.0,2.0,3.0,3.0,148.76
55010,1,7.0,Phone,3,16.0,E wallet,Female,3.0,6,Laptop & Accessory,3,Single,10,0,14.0,1.0,2.0,4.0,178.46
55012,0,30.0,Phone,1,11.0,COD,Female,4.0,4,Others,5,Married,6,0,14.0,5.0,5.0,3.0,324.43
55013,0,3.0,Phone,1,13.0,CC,Female,3.0,4,Phone,1,Married,3,0,14.0,1.0,2.0,9.0,156.31
55016,0,11.0,Phone,1,8.0,Debit Card,Female,3.0,5,Laptop & Accessory,1,Married,3,0,14.0,1.0,4.0,12.0,189.74
55023,0,18.0,Computer,1,24.0,Debit Card,Male,4.0,6,Phone,3,Single,4,0,14.0,2.0,2.0,1.0,147.9
55024,0,7.0,Phone,2,9.0,UPI,Male,4.0,4,Phone,3,Married,3,0,14.0,2.0,2.0,5.0,161.0
55032,1,1.0,Phone,1,24.0,Debit Card,Female,4.0,4,Phone,4,Married,3,0,14.0,2.0,2.0,1.0,147.1
55035,0,4.0,Phone,1,14.0,Debit Card,Male,3.0,4,Laptop & Accessory,3,Married,3,0,14.0,5.0,9.0,10.0,159.91
55044,0,7.0,Phone,1,16.0,CC,Male,3.0,4,Phone,1,Married,2,0,14.0,1.0,5.0,11.0,152.81
55052,0,18.0,Phone,1,9.0,Debit Card,Female,4.0,2,Phone,1,Married,3,0,14.0,2.0,8.0,8.0,145.11
55081,0,8.0,Computer,1,26.0,CC,Female,3.0,4,Laptop & Accessory,4,Married,6,0,14.0,1.0,6.0,11.0,169.44
55093,1,1.0,Phone,1,14.0,COD,Female,3.0,4,Phone,3,Married,5,1,14.0,5.0,8.0,8.0,158.39
55101,1,3.0,Phone,1,30.0,CC,Male,4.0,4,Phone,5,Single,2,0,14.0,1.0,2.0,4.0,164.04
55112,0,15.0,Computer,3,17.0,CC,Male,3.0,6,Laptop & Accessory,4,Single,3,0,14.0,4.0,12.0,10.0,186.51
55120,0,14.0,Phone,1,9.0,Debit Card,Male,4.0,4,Laptop & Accessory,1,Single,3,0,14.0,4.0,9.0,9.0,171.61
55140,0,8.0,Phone,1,36.0,CC,Male,3.0,4,Laptop & Accessory,3,Married,6,0,14.0,6.0,8.0,8.0,179.29
55151,0,7.0,Computer,3,12.0,Debit Card,Male,4.0,4,Laptop & Accessory,1,Married,8,0,14.0,2.0,2.0,3.0,224.98
55152,0,6.0,Phone,3,9.0,E wallet,Male,3.0,4,Laptop & Accessory,4,Married,2,1,14.0,2.0,2.0,3.0,165.78
55158,1,1.0,Phone,1,24.0,Debit Card,Female,3.0,4,Phone,3,Single,3,1,14.0,5.0,8.0,8.0,148.94
55161,0,26.0,Phone,1,15.0,UPI,Female,3.0,4,Phone,5,Married,11,0,14.0,2.0,2.0,5.0,154.5
55166,0,3.0,Phone,2,24.0,UPI,Male,3.0,5,Fashion,5,Single,3,0,14.0,1.0,2.0,10.0,204.88
55171,0,29.0,Phone,1,8.0,CC,Male,3.0,2,Grocery,1,Married,4,0,14.0,1.0,2.0,1.0,272.32
55180,0,10.0,Phone,3,23.0,E wallet,Female,4.0,5,Laptop & Accessory,5,Married,6,0,14.0,2.0,2.0,3.0,181.47
55197,1,1.0,Computer,1,9.0,Debit Card,Male,4.0,4,Phone,1,Married,8,1,14.0,1.0,3.0,3.0,162.22
55207,0,18.0,Phone,1,27.0,Debit Card,Male,3.0,4,Phone,4,Single,3,0,14.0,2.0,2.0,4.0,159.2
55211,0,16.0,Computer,1,16.0,CC,Female,4.0,4,Phone,1,Single,3,0,14.0,1.0,6.0,9.0,161.73
55213,0,4.0,Computer,1,14.0,COD,Male,4.0,4,Phone,3,Married,3,0,14.0,1.0,2.0,1.0,137.74
55220,0,9.0,Phone,3,14.0,Debit Card,Male,4.0,4,Phone,3,Married,3,0,14.0,1.0,2.0,1.0,149.04
55222,0,1.0,Computer,3,20.0,Debit Card,Female,4.0,4,Phone,4,Married,3,0,14.0,1.0,2.0,1.0,145.33
55233,0,3.0,Computer,1,9.0,Debit Card,Female,4.0,4,Phone,4,Married,2,0,14.0,2.0,2.0,3.0,156.8
55238,1,1.0,Phone,1,8.0,COD,Male,4.0,5,Phone,5,Single,8,0,14.0,2.0,2.0,8.0,148.62
55239,0,18.0,Phone,1,35.0,Debit Card,Male,3.0,4,Grocery,5,Married,5,0,14.0,1.0,15.0,18.0,288.28
55247,0,24.0,Computer,1,29.0,CC,Male,3.0,6,Grocery,1,Single,3,1,14.0,1.0,14.0,10.0,269.11
55251,0,3.0,Phone,1,15.0,UPI,Female,3.0,6,Laptop & Accessory,5,Married,5,0,14.0,2.0,2.0,3.0,222.15
55252,0,7.0,Phone,1,32.0,Debit Card,Male,3.0,5,Laptop & Accessory,4,Single,3,0,14.0,2.0,2.0,3.0,168.2
55266,0,7.0,Phone,3,15.0,Debit Card,Male,3.0,4,Laptop & Accessory,5,Married,4,0,14.0,3.0,3.0,3.0,188.92
55276,0,8.0,Phone,1,14.0,CC,Male,3.0,4,Phone,1,Single,3,0,14.0,1.0,2.0,1.0,154.72
55282,0,10.0,Phone,3,8.0,Debit Card,Female,4.0,4,Laptop & Accessory,3,Single,8,0,14.0,2.0,2.0,1.0,193.15
55289,0,10.0,Computer,1,13.0,Debit Card,Male,4.0,2,Laptop & Accessory,5,Married,5,1,14.0,1.0,2.0,3.0,180.62
55305,0,5.0,Computer,3,9.0,UPI,Male,3.0,4,Laptop & Accessory,5,Single,9,0,14.0,2.0,2.0,4.0,178.32
55307,0,8.0,Computer,1,17.0,Debit Card,Male,3.0,2,Laptop & Accessory,1,Married,3,0,14.0,4.0,8.0,3.0,172.24
55309,0,13.0,Phone,1,17.0,CC,Male,4.0,4,Laptop & Accessory,5,Married,4,0,14.0,4.0,8.0,8.0,178.77
55317,0,14.0,Phone,1,22.0,Debit Card,Female,4.0,5,Fashion,3,Married,3,0,14.0,7.0,15.0,3.0,229.35
55320,0,13.0,Computer,1,11.0,CC,Female,3.0,4,Laptop & Accessory,3,Single,2,0,14.0,4.0,4.0,9.0,175.42
55329,0,1.0,Computer,1,9.0,COD,Female,3.0,4,Phone,1,Single,3,1,14.0,1.0,2.0,4.0,162.6
55331,0,1.0,Computer,1,9.0,CC,Male,3.0,4,Phone,1,Single,4,0,14.0,1.0,2.0,3.0,150.8
55349,0,3.0,Phone,3,12.0,CC,Male,3.0,5,Laptop & Accessory,4,Married,3,1,14.0,1.0,2.0,10.0,166.87
55351,0,6.0,Phone,1,9.0,CC,Male,3.0,4,Laptop & Accessory,4,Married,2,0,14.0,2.0,2.0,7.0,179.7
55387,0,6.0,Computer,1,17.0,Debit Card,Male,3.0,4,Phone,3,Married,8,0,14.0,1.0,2.0,4.0,159.33
55391,0,1.0,Phone,1,36.0,CC,Male,4.0,4,Phone,5,Married,3,0,14.0,2.0,2.0,3.0,164.07
55397,1,1.0,Phone,3,20.0,E wallet,Male,4.0,5,Laptop & Accessory,5,Married,7,1,14.0,2.0,3.0,3.0,186.34
55399,0,1.0,Phone,1,11.0,CC,Female,3.0,4,Phone,4,Single,3,0,14.0,1.0,2.0,3.0,157.95
55402,0,6.0,Phone,3,26.0,Debit Card,Male,4.0,6,Fashion,3,Married,5,0,14.0,1.0,2.0,3.0,221.1
55410,1,1.0,Phone,3,16.0,E wallet,Female,3.0,6,Phone,4,Single,3,0,14.0,3.0,3.0,3.0,152.6
55418,1,1.0,Phone,3,23.0,E wallet,Male,4.0,4,Fashion,3,Married,4,0,14.0,1.0,2.0,1.0,206.61
55419,0,3.0,Phone,1,11.0,COD,Female,4.0,5,Phone,5,Married,3,0,14.0,1.0,2.0,1.0,146.09
55430,0,17.0,Phone,2,9.0,Debit Card,Male,4.0,4,Phone,1,Single,2,0,14.0,2.0,2.0,9.0,160.39
55432,1,1.0,Phone,3,14.0,E wallet,Male,3.0,4,Phone,4,Single,3,0,14.0,1.0,2.0,1.0,151.79
55439,0,10.0,Phone,1,17.0,Debit Card,Male,3.0,4,Fashion,5,Married,9,1,14.0,3.0,6.0,8.0,208.21
55441,0,11.0,Phone,2,15.0,UPI,Male,3.0,4,Laptop & Accessory,4,Married,4,0,14.0,4.0,5.0,8.0,165.71
55450,0,12.0,Computer,2,9.0,UPI,Male,4.0,4,Phone,4,Married,7,0,14.0,3.0,4.0,9.0,150.92
55454,0,17.0,Computer,1,16.0,Debit Card,Male,3.0,4,Phone,3,Single,6,0,14.0,2.0,2.0,3.0,149.38
55456,0,15.0,Phone,3,11.0,E wallet,Female,3.0,4,Fashion,3,Married,2,1,14.0,6.0,14.0,3.0,229.47
55470,0,1.0,Phone,3,17.0,CC,Male,3.0,4,Laptop & Accessory,1,Single,3,0,14.0,2.0,2.0,3.0,171.84
55479,0,3.0,Computer,1,27.0,CC,Male,3.0,4,Phone,1,Married,3,0,14.0,2.0,4.0,11.0,163.12
55480,0,6.0,Computer,3,17.0,E wallet,Male,4.0,4,Laptop & Accessory,1,Single,10,0,14.0,1.0,2.0,1.0,171.48
55486,0,16.0,Phone,1,15.0,Debit Card,Male,3.0,4,Phone,3,Single,6,0,14.0,2.0,2.0,1.0,164.68
55499,1,1.0,Phone,3,16.0,CC,Male,3.0,4,Phone,1,Single,3,0,14.0,1.0,2.0,1.0,135.81
55501,0,10.0,Phone,3,17.0,COD,Female,4.0,5,Laptop & Accessory,3,Married,3,1,14.0,1.0,2.0,8.0,181.73
55503,0,8.0,Phone,3,11.0,Debit Card,Male,4.0,4,Fashion,1,Married,4,1,14.0,1.0,2.0,3.0,222.13
55507,0,19.0,Phone,1,32.0,Debit Card,Female,4.0,5,Laptop & Accessory,1,Married,2,0,14.0,1.0,4.0,9.0,184.06
55510,0,1.0,Phone,1,8.0,Debit Card,Female,3.0,5,Phone,3,Married,3,1,14.0,1.0,2.0,1.0,154.33
55518,0,16.0,Phone,1,13.0,CC,Male,3.0,4,Fashion,5,Married,11,0,14.0,6.0,2.0,8.0,258.48
55543,0,5.0,Computer,1,10.0,CC,Male,3.0,4,Phone,5,Married,3,1,14.0,3.0,3.0,4.0,155.65
55547,0,1.0,Phone,1,8.0,CC,Male,4.0,4,Phone,5,Single,2,0,14.0,8.0,8.0,7.0,153.67
55557,1,17.0,Phone,3,31.0,Debit Card,Male,4.0,4,Fashion,5,Single,8,1,14.0,1.0,3.0,3.0,229.48
55569,0,1.0,Phone,1,19.0,UPI,Male,4.0,4,Phone,1,Single,3,0,14.0,2.0,2.0,5.0,151.47
55573,0,4.0,Phone,1,8.0,CC,Male,4.0,4,Phone,4,Married,3,0,14.0,2.0,2.0,8.0,162.48
55586,0,7.0,Phone,1,22.0,CC,Female,4.0,4,Laptop & Accessory,1,Married,2,1,14.0,7.0,9.0,2.0,173.78
55587,0,6.0,Phone,1,36.0,Debit Card,Female,3.0,5,Phone,4,Single,3,0,14.0,1.0,5.0,2.0,153.37
55590,0,13.0,Phone,1,31.0,Debit Card,Male,3.0,4,Laptop & Accessory,1,Single,9,0,14.0,1.0,2.0,8.0,166.08
55601,0,10.0,Computer,1,11.0,Debit Card,Female,4.0,4,Laptop & Accessory,4,Married,9,0,14.0,1.0,2.0,3.0,176.31
55614,0,10.0,Phone,3,18.0,E wallet,Female,4.0,5,Laptop & Accessory,1,Married,6,0,14.0,2.0,2.0,1.0,191.52
55620,0,3.0,Phone,1,20.0,UPI,Male,3.0,5,Laptop & Accessory,4,Married,6,1,14.0,1.0,2.0,4.0,165.25
55622,1,14.0,Phone,3,35.0,E wallet,Male,3.0,5,Fashion,5,Married,6,1,14.0,3.0,2.0,1.0,233.54000000000002
50012,1,11.0,Phone,1,6.0,Debit Card,Male,3.0,4,Fashion,3,Single,10,1,13.0,0.0,1.0,0.0,153.81
50013,1,0.0,Phone,1,11.0,COD,Male,2.0,3,Phone,3,Single,2,1,13.0,2.0,2.0,2.0,134.41
50027,0,8.0,Phone,3,6.0,E wallet,Male,3.0,3,Fashion,4,Divorced,2,0,13.0,1.0,1.0,6.0,172.95
50031,0,2.0,Computer,1,6.0,COD,Male,2.0,3,Laptop & Accessory,3,Divorced,2,0,13.0,0.0,1.0,9.0,143.19
50061,0,6.0,Phone,1,20.0,CC,Female,3.0,3,Phone,4,Divorced,2,0,13.0,0.0,1.0,6.0,127.56
50068,1,0.0,Phone,1,29.0,Debit Card,Male,2.0,4,Laptop & Accessory,3,Divorced,4,1,13.0,1.0,1.0,1.0,159.16
50083,0,9.0,Computer,1,24.0,CC,Female,3.0,3,Phone,2,Single,2,0,13.0,1.0,1.0,7.0,121.53
50105,1,0.0,Phone,1,14.0,CC,Male,2.0,4,Phone,2,Single,2,1,13.0,0.0,1.0,1.0,123.88999999999999
50110,1,0.0,Phone,1,14.0,CC,Male,2.0,3,Phone,2,Divorced,6,1,13.0,0.0,1.0,4.0,124.36000000000001
50122,0,6.0,Phone,1,11.0,Debit Card,Female,3.0,4,Phone,2,Divorced,2,0,13.0,0.0,1.0,2.0,129.11
50123,0,7.0,Phone,1,8.0,Debit Card,Male,2.0,4,Laptop & Accessory,5,Divorced,7,0,13.0,0.0,5.0,9.0,159.57
50129,0,15.0,Phone,1,23.0,Debit Card,Female,2.0,2,Laptop & Accessory,5,Single,4,1,13.0,0.0,1.0,2.0,165.45
50138,0,9.0,Phone,1,8.0,COD,Male,2.0,4,Laptop & Accessory,5,Single,5,0,13.0,0.0,1.0,4.0,121.75999999999999
50160,0,0.0,Computer,1,17.0,CC,Male,2.0,3,Laptop & Accessory,5,Divorced,2,1,13.0,2.0,3.0,3.0,147.41
50164,1,0.0,Phone,1,14.0,CC,Male,2.0,3,Phone,4,Married,3,1,13.0,1.0,1.0,2.0,123.72999999999999
50172,1,9.0,Phone,1,9.0,Debit Card,Male,2.0,3,Phone,3,Single,2,0,13.0,0.0,1.0,0.0,114.19999999999999
50184,0,30.0,Computer,1,6.0,Debit Card,Male,2.0,5,Laptop & Accessory,3,Married,3,1,13.0,1.0,1.0,2.0,156.6
50199,1,0.0,Phone,1,8.0,CC,Male,2.0,5,Phone,2,Divorced,6,1,13.0,2.0,2.0,2.0,134.64
50200,0,3.0,Phone,1,34.0,CC,Female,3.0,3,Laptop & Accessory,2,Divorced,2,0,13.0,0.0,1.0,9.0,157.75
50207,0,0.0,Computer,3,6.0,E wallet,Male,3.0,3,Laptop & Accessory,4,Divorced,1,1,13.0,0.0,1.0,4.0,163.49
50214,0,3.0,Phone,3,11.0,E wallet,Female,1.0,4,Laptop & Accessory,3,Married,2,0,13.0,0.0,1.0,2.0,161.18
50220,0,8.0,Phone,1,11.0,COD,Male,3.0,3,Fashion,4,Single,1,0,13.0,0.0,1.0,13.0,180.95
50227,0,5.0,Phone,1,14.0,CC,Female,3.0,3,Phone,4,Divorced,2,0,13.0,0.0,1.0,7.0,123.69999999999999
50229,0,10.0,Phone,1,12.0,CC,Male,2.0,2,Laptop & Accessory,5,Married,5,1,13.0,2.0,6.0,7.0,159.74
50237,0,9.0,Phone,1,16.0,Debit Card,Female,2.0,2,Phone,3,Divorced,4,1,13.0,0.0,1.0,7.0,122.13
50239,1,0.0,Phone,3,11.0,E wallet,Female,3.0,3,Phone,3,Single,2,1,13.0,1.0,1.0,0.0,128.51
50253,0,9.0,Phone,1,14.0,Debit Card,Female,3.0,3,Phone,3,Divorced,5,0,13.0,1.0,2.0,2.0,125.43
50254,1,0.0,Computer,3,25.0,E wallet,Male,3.0,2,Laptop & Accessory,2,Single,9,1,13.0,1.0,1.0,4.0,153.04
50255,0,28.0,Phone,1,8.0,Debit Card,Female,3.0,3,Grocery,2,Single,3,1,13.0,1.0,1.0,2.0,266.59
50259,0,9.0,Phone,1,17.0,CC,Female,2.0,3,Phone,4,Divorced,2,0,13.0,1.0,1.0,2.0,122.44
50260,0,9.0,Phone,3,8.0,CC,Male,3.0,4,Fashion,3,Divorced,2,0,13.0,9.0,9.0,0.0,175.96
50281,1,0.0,Phone,1,9.0,CC,Male,3.0,3,Phone,5,Divorced,6,0,13.0,1.0,1.0,2.0,140.31
50284,0,25.0,Phone,1,10.0,Debit Card,Female,1.0,3,Grocery,2,Divorced,3,0,13.0,1.0,1.0,4.0,265.55
50304,0,20.0,Phone,1,8.0,CC,Female,3.0,3,Laptop & Accessory,2,Married,6,0,13.0,0.0,1.0,4.0,150.7
50305,0,19.0,Phone,1,8.0,Debit Card,Male,2.0,3,Grocery,3,Divorced,7,0,13.0,1.0,1.0,1.0,278.61
50312,1,0.0,Phone,1,16.0,CC,Male,2.0,5,Phone,2,Married,8,0,13.0,0.0,1.0,3.0,134.08
50326,0,4.0,Phone,3,8.0,Debit Card,Male,3.0,3,Laptop & Accessory,2,Single,5,1,13.0,1.0,1.0,5.0,165.82
50343,0,10.0,Computer,3,15.0,CC,Male,3.0,3,Fashion,4,Married,2,0,13.0,6.0,7.0,7.0,188.34
50346,0,0.0,Computer,3,14.0,CC,Male,2.0,3,Phone,2,Divorced,1,0,13.0,0.0,2.0,1.0,124.0
50357,0,7.0,Phone,1,6.0,Debit Card,Male,2.0,4,Phone,2,Divorced,2,1,13.0,0.0,1.0,3.0,136.22
50363,0,0.0,Phone,1,6.0,Debit Card,Female,3.0,4,Phone,4,Single,2,0,13.0,1.0,1.0,0.0,128.36
50364,0,15.0,Phone,1,8.0,Debit Card,Female,2.0,3,Laptop & Accessory,2,Divorced,2,0,13.0,2.0,2.0,2.0,140.89
50367,0,16.0,Computer,1,15.0,CC,Male,3.0,3,Laptop & Accessory,3,Married,4,1,13.0,2.0,4.0,7.0,156.79
50381,0,0.0,Phone,1,12.0,Debit Card,Female,3.0,3,Phone,2,Divorced,2,1,13.0,0.0,1.0,2.0,126.59
50384,0,8.0,Phone,1,12.0,Debit Card,Male,2.0,5,Laptop & Accessory,2,Single,2,0,13.0,11.0,11.0,8.0,166.46
50388,0,9.0,Phone,1,9.0,CC,Male,2.0,4,Phone,2,Single,1,0,13.0,0.0,1.0,1.0,120.44999999999999
50405,0,11.0,Phone,1,6.0,Debit Card,Female,2.0,2,Laptop & Accessory,2,Single,1,0,13.0,1.0,1.0,8.0,176.25
50416,1,9.0,Phone,1,6.0,Debit Card,Female,3.0,5,Phone,4,Single,8,1,13.0,1.0,3.0,7.0,122.16
50435,0,11.0,Phone,1,8.0,CC,Male,3.0,3,Phone,3,Divorced,7,1,13.0,0.0,1.0,1.0,130.57
50438,1,0.0,Phone,1,6.0,UPI,Male,3.0,3,Phone,2,Single,2,1,13.0,5.0,7.0,8.0,126.86000000000001
50440,0,18.0,Phone,3,8.0,COD,Male,2.0,5,Laptop & Accessory,3,Single,1,0,13.0,0.0,3.0,1.0,166.32
50453,0,10.0,Phone,1,16.0,Debit Card,Female,3.0,3,Phone,5,Married,1,1,13.0,3.0,4.0,3.0,127.82
50460,0,15.0,Computer,1,14.0,Debit Card,Male,3.0,3,Others,2,Married,2,0,13.0,1.0,14.0,9.0,284.3
50472,0,8.0,Phone,1,14.0,Debit Card,Female,2.0,1,Phone,3,Single,4,0,13.0,0.0,2.0,2.0,125.06
50473,0,15.0,Phone,1,6.0,Debit Card,Female,2.0,4,Laptop & Accessory,2,Divorced,10,1,13.0,0.0,1.0,2.0,160.62
50475,0,9.0,Phone,2,19.0,UPI,Male,2.0,3,Phone,4,Divorced,4,0,13.0,1.0,1.0,4.0,121.43
50480,0,15.0,Phone,1,35.0,Debit Card,Male,3.0,3,Laptop & Accessory,4,Divorced,2,0,13.0,2.0,7.0,8.0,144.34
50494,0,0.0,Phone,1,8.0,CC,Male,3.0,1,Phone,5,Single,8,0,13.0,1.0,1.0,1.0,134.24
50505,0,1.0,Phone,2,14.0,CC,Male,3.0,4,Phone,2,Married,2,0,13.0,0.0,1.0,4.0,149.36
50519,0,15.0,Phone,1,9.0,Debit Card,Female,3.0,1,Laptop & Accessory,2,Divorced,3,1,13.0,0.0,1.0,3.0,152.31
50526,0,16.0,Computer,1,6.0,Debit Card,Female,2.0,3,Laptop & Accessory,2,Divorced,5,0,13.0,1.0,2.0,2.0,155.62
50528,0,10.0,Computer,3,25.0,CC,Male,2.0,3,Fashion,4,Single,2,1,13.0,0.0,1.0,9.0,176.42
50534,0,17.0,Phone,1,14.0,Debit Card,Male,3.0,3,Phone,5,Divorced,2,1,13.0,2.0,7.0,1.0,125.59
50538,1,9.0,Phone,3,8.0,CC,Female,2.0,4,Phone,3,Single,2,0,13.0,0.0,1.0,2.0,120.44
50543,1,4.0,Phone,1,8.0,Debit Card,Female,3.0,5,Phone,2,Married,5,1,13.0,0.0,1.0,0.0,127.78
50550,0,30.0,Phone,1,11.0,COD,Female,2.0,4,Fashion,4,Married,3,1,13.0,1.0,1.0,4.0,205.52
50555,0,4.0,Computer,3,26.0,E wallet,Female,2.0,3,Laptop & Accessory,3,Divorced,2,0,13.0,1.0,1.0,0.0,169.32
50557,0,11.0,Phone,1,6.0,COD,Female,3.0,3,Fashion,5,Divorced,2,0,13.0,3.0,2.0,11.0,235.82
50562,0,14.0,Phone,1,12.0,CC,Male,2.0,3,Phone,5,Single,3,1,13.0,1.0,2.0,17.0,147.21
50564,1,9.0,Phone,3,27.0,UPI,Male,2.0,4,Phone,4,Single,2,1,13.0,0.0,1.0,0.0,121.21000000000001
50577,0,26.0,Phone,3,8.0,CC,Male,2.0,3,Grocery,3,Married,7,0,13.0,2.0,2.0,2.0,248.51999999999998
50579,0,11.0,Computer,3,16.0,COD,Female,2.0,3,Laptop & Accessory,2,Single,2,1,13.0,0.0,1.0,3.0,156.66
50580,0,8.0,Phone,3,9.0,Debit Card,Male,3.0,3,Fashion,2,Married,7,0,13.0,0.0,1.0,8.0,178.23
50584,0,9.0,Computer,3,14.0,COD,Male,2.0,3,Laptop & Accessory,2,Married,5,0,13.0,1.0,1.0,7.0,150.79
50591,0,6.0,Computer,1,6.0,UPI,Female,2.0,1,Laptop & Accessory,4,Divorced,2,1,13.0,0.0,1.0,2.0,154.88
50599,0,19.0,Phone,1,13.0,CC,Male,3.0,3,Fashion,3,Married,7,0,13.0,0.0,1.0,7.0,208.45
50611,0,21.0,Phone,1,12.0,Debit Card,Male,3.0,4,Laptop & Accessory,3,Single,3,0,13.0,0.0,2.0,2.0,142.4
50617,0,15.0,Phone,3,11.0,E wallet,Male,2.0,3,Others,3,Divorced,7,0,13.0,1.0,1.0,0.0,283.03
50619,0,30.0,Phone,1,8.0,Debit Card,Female,3.0,4,Grocery,2,Single,4,1,13.0,0.0,2.0,3.0,237.26
50629,0,12.0,Computer,1,28.0,CC,Female,2.0,3,Fashion,5,Single,2,1,13.0,1.0,2.0,8.0,208.8
50631,0,18.0,Phone,3,17.0,Debit Card,Female,2.0,3,Grocery,2,Divorced,4,0,13.0,1.0,1.0,1.0,276.5
50645,0,9.0,Computer,1,6.0,CC,Female,3.0,4,Phone,3,Married,2,0,13.0,1.0,1.0,3.0,120.07
50651,0,16.0,Phone,3,31.0,CC,Male,3.0,4,Fashion,2,Married,6,0,13.0,1.0,2.0,0.0,234.0
50653,1,9.0,Phone,1,16.0,Debit Card,Female,2.0,4,Phone,5,Single,2,0,13.0,1.0,1.0,0.0,114.16
50659,0,14.0,Phone,1,13.0,COD,Female,2.0,1,Phone,3,Divorced,2,0,13.0,1.0,1.0,8.0,133.76
50664,0,1.0,Phone,1,16.0,UPI,Female,2.0,3,Laptop & Accessory,3,Single,4,0,13.0,1.0,1.0,7.0,136.6
50681,0,18.0,Computer,3,15.0,Debit Card,Female,3.0,4,Laptop & Accessory,3,Divorced,2,0,13.0,0.0,4.0,12.0,155.93
50701,0,2.0,Phone,1,14.0,CC,Male,3.0,4,Laptop & Accessory,2,Divorced,2,1,13.0,0.0,1.0,2.0,150.56
50702,0,11.0,Phone,2,6.0,UPI,Male,3.0,1,Phone,3,Divorced,2,0,13.0,1.0,5.0,0.0,128.44
50708,0,10.0,Phone,1,31.0,CC,Female,2.0,4,Laptop & Accessory,2,Married,8,0,13.0,0.0,1.0,3.0,157.31
50709,0,0.0,Phone,1,14.0,Debit Card,Male,2.0,4,Phone,3,Divorced,2,0,13.0,2.0,2.0,2.0,125.38999999999999
50712,1,0.0,Phone,3,29.0,Debit Card,Female,2.0,4,Fashion,5,Divorced,2,0,13.0,0.0,3.0,10.0,173.36
50715,0,15.0,Phone,3,10.0,E wallet,Male,2.0,3,Laptop & Accessory,5,Single,8,0,13.0,1.0,1.0,5.0,151.55
50721,0,13.0,Computer,1,32.0,CC,Female,3.0,4,Laptop & Accessory,2,Divorced,4,1,13.0,1.0,1.0,0.0,144.22
50724,0,8.0,Computer,1,14.0,UPI,Male,2.0,4,Phone,2,Divorced,2,0,13.0,2.0,2.0,2.0,123.75999999999999
50725,1,6.0,Phone,3,15.0,E wallet,Female,2.0,5,Laptop & Accessory,3,Single,9,0,13.0,1.0,1.0,3.0,153.46
50728,0,2.0,Phone,1,12.0,CC,Female,3.0,3,Phone,2,Divorced,2,0,13.0,0.0,1.0,8.0,131.31
50731,0,10.0,Phone,1,6.0,Debit Card,Female,2.0,4,Laptop & Accessory,2,Divorced,2,0,13.0,3.0,3.0,11.0,164.74
50738,0,9.0,Computer,1,23.0,Debit Card,Male,3.0,5,Phone,3,Single,3,0,13.0,1.0,1.0,0.0,122.9
50739,0,6.0,Phone,2,8.0,UPI,Male,2.0,3,Phone,3,Divorced,2,0,13.0,0.0,1.0,4.0,136.0
50747,1,9.0,Phone,1,23.0,Debit Card,Female,3.0,3,Phone,4,Divorced,2,0,13.0,0.0,1.0,0.0,122.1
50750,0,3.0,Phone,1,13.0,Debit Card,Male,2.0,3,Laptop & Accessory,3,Married,2,0,13.0,8.0,8.0,9.0,134.91
50759,0,6.0,Phone,1,15.0,CC,Male,3.0,3,Phone,2,Divorced,1,0,13.0,1.0,4.0,10.0,127.81
50767,0,9.0,Phone,1,8.0,Debit Card,Female,3.0,1,Phone,2,Divorced,2,0,13.0,6.0,7.0,7.0,120.11000000000001
50775,0,22.0,Phone,1,10.0,CC,Male,2.0,4,Others,3,Divorced,3,0,13.0,1.0,1.0,0.0,287.11
50796,0,7.0,Computer,1,25.0,CC,Female,2.0,3,Laptop & Accessory,4,Married,5,0,13.0,3.0,5.0,10.0,144.44
50808,1,0.0,Phone,1,13.0,COD,Female,2.0,3,Phone,3,Married,4,1,13.0,1.0,7.0,7.0,133.39
50813,0,12.0,Phone,1,19.0,CC,Female,3.0,4,Grocery,4,Married,7,1,13.0,1.0,15.0,2.0,271.23
50816,1,2.0,Phone,1,29.0,CC,Male,3.0,3,Phone,5,Single,1,0,13.0,0.0,1.0,3.0,139.04
50827,0,14.0,Computer,3,16.0,CC,Male,2.0,5,Laptop & Accessory,4,Single,2,0,13.0,3.0,11.0,9.0,161.51
50830,0,15.0,Computer,1,8.0,Debit Card,Male,2.0,3,Grocery,3,Divorced,1,1,13.0,1.0,2.0,10.0,278.61
50835,0,13.0,Phone,1,8.0,Debit Card,Male,3.0,3,Laptop & Accessory,2,Single,2,0,13.0,3.0,8.0,8.0,146.61
50855,0,7.0,Phone,1,35.0,CC,Male,2.0,3,Laptop & Accessory,3,Divorced,5,0,13.0,0.0,7.0,7.0,154.29
50866,0,6.0,Computer,3,11.0,Debit Card,Male,3.0,3,Laptop & Accessory,2,Divorced,7,0,13.0,1.0,1.0,2.0,199.98
50867,0,5.0,Phone,3,8.0,E wallet,Male,2.0,3,Laptop & Accessory,4,Divorced,1,1,13.0,0.0,1.0,2.0,140.78
50873,1,0.0,Phone,1,14.0,Debit Card,Female,2.0,3,Phone,3,Single,2,1,13.0,3.0,7.0,7.0,123.94
50876,0,25.0,Phone,1,14.0,UPI,Female,3.0,3,Phone,5,Divorced,10,0,13.0,1.0,1.0,4.0,129.5
50881,0,2.0,Phone,2,23.0,UPI,Male,2.0,4,Fashion,5,Single,2,0,13.0,0.0,1.0,9.0,179.88
50886,0,28.0,Phone,1,6.0,CC,Male,2.0,1,Grocery,2,Married,3,0,13.0,1.0,2.0,0.0,247.32
50895,0,9.0,Phone,3,22.0,E wallet,Female,3.0,4,Laptop & Accessory,5,Divorced,5,0,13.0,1.0,1.0,2.0,156.47
50912,1,0.0,Computer,1,8.0,Debit Card,Male,3.0,3,Phone,1,Divorced,7,1,13.0,2.0,2.0,2.0,137.22
50922,0,17.0,Phone,1,26.0,Debit Card,Male,2.0,3,Phone,4,Single,2,0,13.0,1.0,1.0,3.0,134.2
50926,0,15.0,Computer,1,15.0,CC,Female,3.0,3,Phone,1,Single,2,0,13.0,4.0,5.0,8.0,136.73
50928,0,9.0,Computer,1,13.0,COD,Male,3.0,3,Phone,3,Married,2,0,13.0,0.0,1.0,0.0,112.74000000000001
50935,0,8.0,Phone,3,14.0,Debit Card,Male,3.0,3,Phone,3,Divorced,2,0,13.0,1.0,1.0,0.0,124.03999999999999
50937,0,9.0,Computer,3,19.0,Debit Card,Female,3.0,3,Phone,4,Divorced,2,0,13.0,0.0,1.0,0.0,120.33000000000001
50948,0,2.0,Computer,1,8.0,Debit Card,Female,3.0,3,Phone,4,Divorced,1,0,13.0,0.0,1.0,2.0,131.8
50953,1,0.0,Phone,1,14.0,COD,Male,3.0,4,Phone,5,Single,7,0,13.0,0.0,1.0,7.0,123.62
50954,0,17.0,Phone,1,34.0,Debit Card,Male,2.0,3,Grocery,5,Divorced,4,0,13.0,1.0,14.0,17.0,263.28
50962,0,23.0,Computer,1,28.0,CC,Male,2.0,5,Grocery,1,Single,2,1,13.0,13.0,2.0,9.0,244.11
50966,0,2.0,Phone,1,14.0,UPI,Female,2.0,5,Laptop & Accessory,5,Married,4,0,13.0,0.0,1.0,7.0,197.15
50967,0,6.0,Phone,1,31.0,Debit Card,Male,2.0,4,Laptop & Accessory,4,Single,2,0,13.0,0.0,1.0,2.0,143.2
50981,0,6.0,Phone,3,14.0,Debit Card,Male,2.0,3,Laptop & Accessory,5,Married,3,0,13.0,2.0,2.0,2.0,163.92
50991,0,7.0,Phone,1,13.0,CC,Male,3.0,3,Phone,1,Single,2,0,13.0,0.0,1.0,0.0,129.72
50997,0,9.0,Phone,3,6.0,Debit Card,Female,3.0,3,Laptop & Accessory,3,Single,7,0,13.0,1.0,1.0,0.0,168.15
51004,0,9.0,Computer,1,12.0,Debit Card,Male,3.0,1,Laptop & Accessory,5,Married,4,1,13.0,1.0,1.0,2.0,155.62
51020,0,4.0,Computer,3,8.0,UPI,Male,2.0,3,Laptop & Accessory,5,Single,8,0,13.0,0.0,1.0,3.0,153.32
51022,0,7.0,Computer,1,16.0,Debit Card,Male,2.0,1,Laptop & Accessory,1,Married,2,0,13.0,5.0,7.0,2.0,147.24
51024,0,12.0,Phone,1,16.0,CC,Male,3.0,3,Laptop & Accessory,5,Married,3,0,13.0,4.0,7.0,7.0,153.77
51032,0,13.0,Phone,1,21.0,Debit Card,Female,3.0,4,Fashion,3,Married,2,0,13.0,1.0,14.0,12.0,204.35
51035,0,12.0,Computer,1,10.0,CC,Female,2.0,3,Laptop & Accessory,3,Single,1,0,13.0,3.0,3.0,8.0,150.42
51044,0,0.0,Computer,1,8.0,COD,Female,2.0,3,Phone,1,Single,2,1,13.0,1.0,1.0,3.0,137.6
51046,0,0.0,Computer,1,14.0,CC,Male,2.0,3,Phone,1,Single,3,0,13.0,0.0,1.0,2.0,125.80000000000001
51064,0,2.0,Phone,3,11.0,CC,Male,2.0,4,Laptop & Accessory,4,Married,2,1,13.0,0.0,1.0,9.0,141.87
51066,0,5.0,Phone,1,8.0,CC,Male,2.0,3,Laptop & Accessory,4,Married,1,0,13.0,0.0,1.0,6.0,154.7
51102,0,5.0,Computer,1,16.0,Debit Card,Male,2.0,3,Phone,3,Married,7,0,13.0,0.0,1.0,3.0,134.33
51106,0,0.0,Phone,1,35.0,CC,Male,3.0,3,Phone,5,Married,2,0,13.0,1.0,1.0,2.0,139.07
51112,1,0.0,Phone,3,19.0,E wallet,Male,3.0,4,Laptop & Accessory,5,Married,6,1,13.0,2.0,2.0,2.0,161.34
51114,0,0.0,Phone,1,10.0,CC,Female,2.0,3,Phone,4,Single,2,0,13.0,1.0,1.0,2.0,132.95
51117,0,5.0,Phone,3,25.0,Debit Card,Male,3.0,5,Fashion,3,Married,4,0,13.0,1.0,1.0,2.0,196.1
51125,1,0.0,Phone,3,15.0,E wallet,Female,3.0,5,Phone,4,Single,2,0,13.0,1.0,2.0,2.0,127.6
51133,1,0.0,Phone,3,22.0,E wallet,Male,3.0,3,Fashion,3,Married,3,0,13.0,1.0,1.0,0.0,181.61
51134,0,9.0,Phone,1,10.0,COD,Female,3.0,4,Phone,5,Married,2,0,13.0,0.0,1.0,0.0,121.09
51145,0,16.0,Phone,2,8.0,Debit Card,Male,3.0,3,Phone,1,Single,1,0,13.0,0.0,1.0,8.0,135.39
51147,1,0.0,Phone,3,13.0,E wallet,Male,3.0,3,Phone,4,Single,2,0,13.0,1.0,1.0,0.0,126.78999999999999
51154,0,9.0,Phone,1,16.0,Debit Card,Male,2.0,3,Fashion,5,Married,8,1,13.0,1.0,5.0,7.0,183.21
51156,0,10.0,Phone,2,14.0,UPI,Male,2.0,3,Laptop & Accessory,4,Married,3,0,13.0,4.0,4.0,7.0,140.71
51165,0,11.0,Computer,2,14.0,UPI,Male,3.0,3,Phone,4,Married,6,0,13.0,3.0,3.0,8.0,125.91999999999999
51169,0,16.0,Computer,1,14.0,Debit Card,Male,2.0,3,Phone,3,Single,5,0,13.0,0.0,1.0,2.0,124.38
51171,0,14.0,Phone,3,10.0,E wallet,Female,2.0,3,Fashion,3,Married,1,1,13.0,0.0,13.0,5.0,204.47
51185,0,0.0,Phone,3,16.0,CC,Male,2.0,3,Laptop & Accessory,1,Single,2,0,13.0,0.0,1.0,2.0,146.84
51194,0,2.0,Computer,1,26.0,CC,Male,2.0,3,Phone,1,Married,2,0,13.0,1.0,3.0,10.0,138.12
51195,0,5.0,Computer,3,16.0,E wallet,Male,3.0,3,Laptop & Accessory,1,Single,9,0,13.0,1.0,1.0,0.0,146.48
51201,0,15.0,Phone,1,14.0,Debit Card,Male,2.0,3,Phone,3,Single,5,0,13.0,1.0,1.0,0.0,139.68
51214,1,0.0,Phone,3,15.0,CC,Male,2.0,3,Phone,1,Single,2,0,13.0,0.0,1.0,0.0,110.81
51216,0,9.0,Phone,3,16.0,COD,Female,3.0,4,Laptop & Accessory,3,Married,2,1,13.0,1.0,1.0,7.0,156.73
51218,0,7.0,Phone,3,10.0,Debit Card,Male,3.0,3,Fashion,1,Married,3,1,13.0,0.0,1.0,0.0,197.13
51222,0,18.0,Phone,1,31.0,Debit Card,Female,3.0,4,Laptop & Accessory,1,Married,1,0,13.0,0.0,3.0,8.0,159.06
51225,0,0.0,Phone,1,6.0,Debit Card,Female,3.0,4,Phone,3,Married,2,1,13.0,0.0,1.0,0.0,129.33
51233,0,15.0,Phone,1,12.0,CC,Male,2.0,3,Fashion,5,Married,10,0,13.0,3.0,2.0,7.0,233.48000000000002
51250,0,30.0,Phone,3,27.0,Debit Card,Female,3.0,3,Grocery,1,Married,5,1,13.0,1.0,1.0,0.0,278.75
51258,0,4.0,Computer,1,9.0,CC,Male,3.0,3,Phone,5,Married,2,1,13.0,0.0,2.0,3.0,130.65
51262,0,0.0,Phone,1,6.0,CC,Male,3.0,3,Phone,5,Single,1,0,13.0,3.0,7.0,6.0,128.67
51272,1,16.0,Phone,3,30.0,Debit Card,Male,3.0,3,Fashion,5,Single,7,1,13.0,2.0,2.0,2.0,204.48
51284,0,0.0,Phone,1,14.0,UPI,Male,3.0,3,Phone,1,Single,2,0,13.0,1.0,1.0,4.0,126.47
51288,0,3.0,Phone,1,6.0,CC,Male,3.0,3,Phone,4,Married,2,0,13.0,0.0,1.0,7.0,137.48
51301,0,6.0,Phone,1,21.0,CC,Female,3.0,3,Laptop & Accessory,1,Married,1,1,13.0,5.0,8.0,1.0,12.0
51302,0,5.0,Phone,1,35.0,Debit Card,Female,3.0,4,Phone,4,Single,2,0,13.0,3.0,4.0,1.0,128.37
51305,0,12.0,Phone,1,30.0,Debit Card,Male,2.0,3,Laptop & Accessory,1,Single,8,0,13.0,1.0,1.0,7.0,141.08
51316,0,9.0,Computer,1,10.0,Debit Card,Female,3.0,3,Laptop & Accessory,4,Married,8,0,13.0,1.0,1.0,2.0,151.31
51329,0,9.0,Phone,3,17.0,E wallet,Female,3.0,4,Laptop & Accessory,1,Married,5,0,13.0,1.0,1.0,0.0,166.52
51335,0,2.0,Phone,1,19.0,UPI,Male,2.0,4,Laptop & Accessory,4,Married,5,1,13.0,1.0,1.0,3.0,140.25
51337,1,13.0,Phone,3,34.0,E wallet,Male,2.0,4,Fashion,5,Married,5,1,13.0,0.0,2.0,0.0,208.54000000000002
51351,0,5.0,Computer,1,8.0,Debit Card,Male,3.0,3,Phone,1,Single,1,0,13.0,1.0,3.0,6.0,130.68
51355,0,9.0,Phone,1,33.0,CC,Male,3.0,3,Laptop & Accessory,3,Married,7,0,13.0,0.0,7.0,7.0,152.37
51356,0,8.0,Phone,1,14.0,CC,Male,2.0,1,Phone,4,Married,1,0,13.0,1.0,1.0,3.0,124.25999999999999
51363,0,0.0,Computer,1,22.0,CC,Male,3.0,1,Phone,1,Married,2,1,13.0,0.0,1.0,0.0,129.35
51377,0,17.0,Phone,1,16.0,UPI,Male,2.0,3,Laptop & Accessory,1,Married,3,1,13.0,0.0,1.0,3.0,164.65
51378,0,9.0,Phone,1,15.0,CC,Male,2.0,4,Phone,3,Single,2,0,13.0,0.0,1.0,8.0,122.06
51383,0,9.0,Phone,3,8.0,E wallet,Female,3.0,3,Phone,1,Married,2,0,13.0,2.0,2.0,2.0,120.13999999999999
51387,0,0.0,Phone,1,14.0,Debit Card,Female,2.0,3,Phone,5,Married,2,0,13.0,1.0,1.0,0.0,123.41
51396,1,11.0,Phone,1,6.0,Debit Card,Male,3.0,4,Fashion,3,Single,10,1,13.0,0.0,1.0,0.0,153.81
51397,1,0.0,Phone,1,11.0,COD,Male,2.0,3,Phone,3,Single,2,1,13.0,0.0,2.0,2.0,134.41
51399,0,8.0,Computer,1,17.0,CC,Male,3.0,4,Fashion,5,Married,3,1,13.0,1.0,2.0,3.0,198.84
51410,0,9.0,Phone,1,14.0,COD,Female,2.0,3,Fashion,3,Married,2,0,13.0,7.0,12.0,8.0,200.96
51412,0,9.0,Computer,1,17.0,Debit Card,Male,3.0,4,Laptop & Accessory,4,Single,2,0,13.0,1.0,1.0,3.0,164.99
51414,0,9.0,Computer,1,6.0,CC,Male,3.0,3,Phone,5,Married,5,0,13.0,0.0,1.0,2.0,121.94
51424,0,10.0,Phone,1,13.0,CC,Male,1.0,3,Fashion,3,Single,5,0,13.0,0.0,2.0,2.0,236.64
51432,0,0.0,Phone,3,14.0,COD,Male,3.0,3,Phone,5,Married,4,0,13.0,1.0,1.0,0.0,123.22
51439,0,19.0,Computer,1,6.0,CC,Male,2.0,4,Fashion,5,Married,3,1,13.0,4.0,9.0,5.0,206.73000000000002
51444,0,30.0,Phone,3,16.0,CC,Male,2.0,3,Grocery,3,Single,1,0,13.0,0.0,2.0,8.0,238.72000000000003
51447,0,5.0,Phone,1,6.0,Debit Card,Male,3.0,3,Phone,5,Single,2,0,13.0,0.0,1.0,0.0,129.56
51467,0,6.0,Computer,3,28.0,E wallet,Male,3.0,3,Laptop & Accessory,4,Married,1,0,13.0,0.0,1.0,7.0,161.46
51479,0,14.0,Phone,3,15.0,Debit Card,Male,3.0,3,Fashion,3,Married,4,1,13.0,0.0,1.0,7.0,181.89
51487,0,18.0,Phone,1,35.0,CC,Male,2.0,3,Phone,1,Single,6,0,13.0,1.0,1.0,3.0,134.52
51492,0,3.0,Phone,1,8.0,CC,Male,3.0,4,Phone,1,Single,1,0,13.0,0.0,1.0,2.0,127.19999999999999
51493,0,14.0,Computer,1,16.0,Debit Card,Male,3.0,4,Grocery,5,Married,5,0,13.0,1.0,7.0,7.0,271.81
51497,0,8.0,Phone,3,6.0,E wallet,Male,3.0,3,Fashion,4,Married,2,0,13.0,0.0,1.0,6.0,172.95
51501,0,2.0,Computer,1,6.0,COD,Male,2.0,3,Laptop & Accessory,3,Married,2,0,13.0,0.0,1.0,9.0,143.19
51531,0,6.0,Phone,1,20.0,CC,Female,3.0,3,Phone,4,Married,2,0,13.0,1.0,1.0,6.0,127.56
51538,1,0.0,Phone,1,29.0,Debit Card,Male,2.0,4,Laptop & Accessory,3,Married,4,1,13.0,1.0,1.0,1.0,159.16
51553,0,9.0,Computer,1,24.0,CC,Female,3.0,3,Phone,1,Single,2,0,13.0,0.0,1.0,7.0,121.53
51575,1,0.0,Phone,1,14.0,CC,Male,2.0,4,Phone,1,Single,2,1,13.0,0.0,1.0,1.0,123.88999999999999
51580,1,0.0,Phone,1,14.0,CC,Male,2.0,3,Phone,1,Married,6,1,13.0,1.0,1.0,4.0,124.36000000000001
51592,0,6.0,Phone,1,11.0,Debit Card,Female,3.0,4,Phone,1,Married,2,0,13.0,0.0,1.0,2.0,129.11
51593,0,7.0,Phone,1,8.0,Debit Card,Male,2.0,4,Laptop & Accessory,5,Married,7,0,13.0,0.0,5.0,9.0,159.57
51599,0,15.0,Phone,1,23.0,Debit Card,Female,2.0,1,Laptop & Accessory,5,Single,4,1,13.0,1.0,1.0,2.0,165.45
51608,0,9.0,Phone,1,8.0,COD,Male,2.0,4,Laptop & Accessory,5,Single,5,0,13.0,0.0,1.0,4.0,121.75999999999999
51630,0,0.0,Computer,1,17.0,CC,Male,2.0,3,Laptop & Accessory,5,Married,2,1,13.0,1.0,3.0,3.0,147.41
51634,1,0.0,Phone,1,14.0,CC,Male,2.0,3,Phone,4,Married,3,1,13.0,1.0,1.0,2.0,123.72999999999999
51642,1,9.0,Phone,1,9.0,Debit Card,Male,2.0,3,Phone,3,Single,2,0,13.0,1.0,1.0,0.0,114.19999999999999
51654,0,30.0,Computer,1,6.0,Debit Card,Male,2.0,5,Laptop & Accessory,3,Married,3,1,13.0,1.0,1.0,2.0,156.6
51669,1,0.0,Phone,1,8.0,CC,Male,2.0,5,Phone,1,Married,6,1,13.0,1.0,2.0,2.0,134.64
51670,0,3.0,Phone,1,34.0,CC,Female,3.0,3,Laptop & Accessory,1,Married,2,0,13.0,1.0,1.0,9.0,157.75
51677,0,0.0,Computer,3,6.0,E wallet,Male,3.0,3,Laptop & Accessory,4,Married,1,1,13.0,0.0,1.0,4.0,163.49
51684,0,3.0,Phone,3,11.0,E wallet,Female,1.0,4,Laptop & Accessory,3,Married,2,0,13.0,1.0,1.0,2.0,161.18
51690,0,8.0,Phone,1,11.0,COD,Male,3.0,3,Fashion,4,Single,1,0,13.0,1.0,1.0,13.0,180.95
51697,0,5.0,Phone,1,14.0,CC,Female,3.0,3,Phone,4,Married,2,0,13.0,0.0,1.0,7.0,123.69999999999999
51699,0,10.0,Phone,1,12.0,CC,Male,2.0,1,Laptop & Accessory,5,Married,5,1,13.0,6.0,6.0,7.0,159.74
51707,0,9.0,Phone,1,16.0,Debit Card,Female,2.0,1,Phone,3,Married,4,1,13.0,0.0,1.0,7.0,122.13
51709,1,0.0,Phone,3,11.0,E wallet,Female,3.0,3,Phone,3,Single,2,1,13.0,0.0,1.0,0.0,128.51
51723,0,9.0,Phone,1,14.0,Debit Card,Female,3.0,3,Phone,3,Married,5,0,13.0,2.0,2.0,2.0,125.43
51724,1,0.0,Computer,3,25.0,E wallet,Male,3.0,1,Laptop & Accessory,1,Single,9,1,13.0,0.0,1.0,4.0,153.04
51725,0,28.0,Phone,1,8.0,Debit Card,Female,3.0,3,Grocery,1,Single,3,1,13.0,1.0,1.0,2.0,266.59
51729,0,9.0,Phone,1,17.0,CC,Female,2.0,3,Phone,4,Married,2,0,13.0,1.0,1.0,2.0,122.44
51730,0,9.0,Phone,3,8.0,CC,Male,3.0,4,Fashion,3,Married,2,0,13.0,8.0,9.0,0.0,175.96
51751,1,0.0,Phone,1,9.0,CC,Male,3.0,3,Phone,5,Married,6,0,13.0,1.0,1.0,2.0,140.31
51754,0,25.0,Phone,1,10.0,Debit Card,Female,1.0,3,Grocery,1,Married,3,0,13.0,1.0,1.0,4.0,265.55
51774,0,20.0,Phone,1,8.0,CC,Female,3.0,3,Laptop & Accessory,1,Married,6,0,13.0,0.0,1.0,4.0,150.7
51775,0,19.0,Phone,1,8.0,Debit Card,Male,2.0,3,Grocery,3,Married,7,0,13.0,1.0,1.0,1.0,278.61
51782,1,0.0,Phone,1,16.0,CC,Male,2.0,5,Phone,1,Married,8,0,13.0,0.0,1.0,3.0,134.08
51796,0,4.0,Phone,3,8.0,Debit Card,Male,3.0,3,Laptop & Accessory,1,Single,5,1,13.0,1.0,1.0,5.0,165.82
51813,0,10.0,Computer,3,15.0,CC,Male,3.0,3,Fashion,4,Married,2,0,13.0,1.0,7.0,7.0,188.34
51816,0,0.0,Computer,3,14.0,CC,Male,2.0,3,Phone,1,Married,1,0,13.0,1.0,2.0,1.0,124.0
51827,0,7.0,Phone,1,6.0,Debit Card,Male,2.0,4,Phone,1,Married,2,1,13.0,1.0,1.0,3.0,136.22
51833,0,0.0,Phone,1,6.0,Debit Card,Female,3.0,4,Phone,4,Single,2,0,13.0,0.0,1.0,0.0,128.36
51834,0,15.0,Phone,1,8.0,Debit Card,Female,2.0,3,Laptop & Accessory,1,Married,2,0,13.0,0.0,2.0,2.0,140.89
51837,0,16.0,Computer,1,15.0,CC,Male,3.0,3,Laptop & Accessory,3,Married,4,1,13.0,1.0,4.0,7.0,156.79
51851,0,0.0,Phone,1,12.0,Debit Card,Female,3.0,3,Phone,1,Married,2,1,13.0,0.0,1.0,2.0,56.0
51854,0,8.0,Phone,1,12.0,Debit Card,Male,2.0,5,Laptop & Accessory,1,Single,2,0,13.0,0.0,11.0,8.0,166.46
51858,0,9.0,Phone,1,9.0,CC,Male,2.0,4,Phone,1,Single,1,0,13.0,1.0,1.0,1.0,120.44999999999999
51875,0,11.0,Phone,1,6.0,Debit Card,Female,2.0,1,Laptop & Accessory,1,Single,1,0,13.0,0.0,1.0,8.0,176.25
51886,1,9.0,Phone,1,6.0,Debit Card,Female,3.0,5,Phone,4,Single,8,1,13.0,1.0,3.0,7.0,122.16
51905,0,11.0,Phone,1,8.0,CC,Male,3.0,3,Phone,3,Married,7,1,13.0,0.0,1.0,1.0,130.57
51908,1,0.0,Phone,1,6.0,UPI,Male,3.0,3,Phone,1,Single,2,1,13.0,6.0,7.0,8.0,126.86000000000001
51910,0,18.0,Phone,3,8.0,COD,Male,2.0,5,Laptop & Accessory,3,Single,1,0,13.0,1.0,3.0,1.0,166.32
51923,0,10.0,Phone,1,16.0,Debit Card,Female,3.0,3,Phone,5,Married,1,1,13.0,4.0,4.0,3.0,127.82
51930,0,15.0,Computer,1,14.0,Debit Card,Male,3.0,3,Others,1,Married,2,0,13.0,1.0,14.0,9.0,284.3
51942,0,8.0,Phone,1,14.0,Debit Card,Female,2.0,1,Phone,3,Single,4,0,13.0,2.0,2.0,2.0,125.06
51943,0,15.0,Phone,1,6.0,Debit Card,Female,2.0,4,Laptop & Accessory,1,Married,10,1,13.0,0.0,1.0,2.0,160.62
51945,0,9.0,Phone,2,19.0,UPI,Male,2.0,3,Phone,4,Married,5,0,13.0,1.0,1.0,4.0,121.43
51950,0,15.0,Phone,1,35.0,Debit Card,Male,3.0,3,Laptop & Accessory,4,Married,2,0,13.0,5.0,7.0,8.0,144.34
51964,0,0.0,Phone,1,8.0,CC,Male,3.0,1,Phone,5,Single,8,0,13.0,0.0,1.0,1.0,134.24
51975,0,1.0,Phone,2,14.0,CC,Male,3.0,4,Phone,1,Married,2,0,13.0,1.0,1.0,4.0,149.36
51989,0,15.0,Phone,1,9.0,Debit Card,Female,3.0,1,Laptop & Accessory,1,Married,3,1,13.0,1.0,1.0,3.0,152.31
51996,0,16.0,Computer,1,6.0,Debit Card,Female,2.0,3,Laptop & Accessory,1,Married,5,0,13.0,1.0,2.0,2.0,155.62
51998,0,10.0,Computer,3,25.0,CC,Male,2.0,3,Fashion,4,Single,2,1,13.0,0.0,1.0,9.0,176.42
52004,0,17.0,Phone,1,14.0,Debit Card,Male,3.0,3,Phone,5,Married,2,1,13.0,5.0,7.0,1.0,125.59
52008,1,9.0,Phone,3,8.0,CC,Female,2.0,4,Phone,3,Single,2,0,13.0,1.0,1.0,2.0,120.44
52013,1,4.0,Phone,1,8.0,Debit Card,Female,3.0,5,Phone,1,Married,5,1,13.0,0.0,1.0,0.0,127.78
52020,0,30.0,Phone,1,11.0,COD,Female,2.0,4,Fashion,4,Married,3,1,13.0,1.0,1.0,4.0,205.52
52025,0,4.0,Computer,3,26.0,E wallet,Female,2.0,3,Laptop & Accessory,3,Married,2,0,13.0,1.0,1.0,0.0,169.32
52027,0,11.0,Phone,1,6.0,COD,Female,3.0,3,Fashion,5,Married,2,0,13.0,4.0,2.0,11.0,235.82
52032,0,14.0,Phone,1,12.0,CC,Male,2.0,3,Phone,5,Single,3,1,13.0,1.0,2.0,17.0,147.21
52034,1,9.0,Phone,3,27.0,UPI,Male,2.0,4,Phone,4,Single,2,1,13.0,1.0,1.0,0.0,121.21000000000001
52047,0,26.0,Phone,3,8.0,CC,Male,2.0,3,Grocery,3,Married,7,0,13.0,11.0,2.0,2.0,248.51999999999998
52049,0,11.0,Computer,3,16.0,COD,Female,2.0,3,Laptop & Accessory,1,Single,2,1,13.0,1.0,1.0,3.0,156.66
52050,0,8.0,Phone,3,9.0,Debit Card,Male,3.0,3,Fashion,1,Married,7,0,13.0,0.0,1.0,8.0,178.23
52054,0,9.0,Computer,3,14.0,COD,Male,2.0,3,Laptop & Accessory,1,Married,5,0,13.0,1.0,1.0,7.0,150.79
52061,0,6.0,Computer,1,6.0,UPI,Female,2.0,1,Laptop & Accessory,4,Married,2,1,13.0,1.0,1.0,2.0,154.88
52069,0,19.0,Phone,1,13.0,CC,Male,3.0,3,Fashion,3,Married,7,0,13.0,1.0,1.0,7.0,208.45
52081,0,21.0,Phone,1,12.0,Debit Card,Male,3.0,4,Laptop & Accessory,3,Single,3,0,13.0,0.0,2.0,2.0,142.4
52087,0,0.0,Phone,3,11.0,E wallet,Male,2.0,3,Others,3,Married,7,0,13.0,1.0,1.0,0.0,283.03
52089,0,30.0,Phone,1,8.0,Debit Card,Female,3.0,4,Grocery,1,Single,4,1,13.0,4.0,2.0,3.0,237.26
52099,0,12.0,Computer,1,28.0,CC,Female,2.0,3,Fashion,5,Single,2,1,13.0,1.0,2.0,8.0,208.8
52101,0,18.0,Phone,3,17.0,Debit Card,Female,2.0,3,Grocery,1,Married,4,0,13.0,1.0,1.0,1.0,276.5
52115,0,9.0,Computer,1,6.0,CC,Female,3.0,4,Phone,3,Married,2,0,13.0,0.0,1.0,3.0,120.07
52121,0,16.0,Phone,3,31.0,CC,Male,3.0,4,Fashion,1,Married,6,0,13.0,1.0,1.0,0.0,207.98000000000002
52123,1,9.0,Phone,1,16.0,Debit Card,Female,2.0,4,Phone,5,Single,2,0,13.0,0.0,1.0,0.0,114.16
52129,0,14.0,Phone,1,13.0,COD,Female,2.0,1,Phone,3,Married,2,0,13.0,0.0,1.0,8.0,133.76
52134,0,1.0,Phone,1,16.0,UPI,Female,2.0,3,Laptop & Accessory,3,Single,4,0,13.0,0.0,1.0,7.0,136.6
52151,0,18.0,Computer,3,15.0,Debit Card,Female,3.0,4,Laptop & Accessory,3,Married,2,0,13.0,4.0,4.0,12.0,155.93
52172,0,11.0,Phone,2,6.0,UPI,Male,3.0,1,Phone,3,Married,2,0,13.0,3.0,5.0,0.0,128.44
52178,0,10.0,Phone,1,31.0,CC,Female,2.0,4,Laptop & Accessory,1,Married,8,0,13.0,1.0,1.0,3.0,157.31
52179,0,0.0,Phone,1,14.0,Debit Card,Male,2.0,4,Phone,3,Married,2,0,13.0,1.0,2.0,2.0,125.38999999999999
52182,1,0.0,Phone,3,29.0,Debit Card,Female,2.0,4,Fashion,5,Married,2,0,13.0,1.0,3.0,10.0,173.36
52185,0,15.0,Phone,3,10.0,E wallet,Male,2.0,3,Laptop & Accessory,5,Single,8,0,13.0,1.0,1.0,5.0,151.55
52191,0,13.0,Computer,1,32.0,CC,Female,3.0,4,Laptop & Accessory,1,Married,4,1,13.0,0.0,1.0,0.0,144.22
52194,0,8.0,Computer,1,14.0,UPI,Male,2.0,4,Phone,1,Married,2,0,13.0,1.0,2.0,2.0,123.75999999999999
52195,1,6.0,Phone,3,15.0,E wallet,Female,2.0,5,Laptop & Accessory,3,Single,9,0,13.0,0.0,1.0,3.0,153.46
52198,0,2.0,Phone,1,12.0,CC,Female,3.0,3,Phone,1,Married,2,0,13.0,0.0,1.0,8.0,131.31
52201,0,10.0,Phone,1,7.0,Debit Card,Female,2.0,4,Laptop & Accessory,1,Married,2,0,13.0,0.0,3.0,11.0,164.74
52208,0,9.0,Computer,1,23.0,Debit Card,Male,3.0,5,Phone,3,Single,3,0,13.0,1.0,1.0,0.0,122.9
52209,0,6.0,Phone,2,8.0,UPI,Male,3.0,3,Phone,3,Married,2,0,13.0,1.0,1.0,4.0,136.0
52217,1,9.0,Phone,1,23.0,Debit Card,Female,3.0,3,Phone,4,Married,2,0,13.0,1.0,1.0,0.0,122.1
52220,0,3.0,Phone,1,13.0,Debit Card,Male,2.0,3,Laptop & Accessory,3,Married,2,0,13.0,4.0,8.0,9.0,134.91
52229,0,6.0,Phone,1,15.0,CC,Male,3.0,3,Phone,1,Married,1,0,13.0,0.0,4.0,10.0,127.81
52237,0,9.0,Phone,1,8.0,Debit Card,Female,3.0,1,Phone,1,Married,2,0,13.0,1.0,7.0,7.0,120.11000000000001
52245,0,22.0,Phone,1,10.0,CC,Male,2.0,4,Others,3,Married,3,0,13.0,1.0,1.0,0.0,287.11
52266,0,7.0,Computer,1,25.0,CC,Female,2.0,3,Laptop & Accessory,4,Married,5,0,13.0,0.0,5.0,10.0,144.44
52278,1,0.0,Phone,1,13.0,COD,Female,2.0,3,Phone,3,Married,4,1,13.0,4.0,7.0,7.0,133.39
52283,0,12.0,Phone,1,19.0,CC,Female,3.0,4,Grocery,4,Married,7,1,13.0,1.0,15.0,2.0,271.23
52286,1,2.0,Phone,1,29.0,CC,Male,3.0,3,Phone,5,Single,1,0,13.0,0.0,1.0,3.0,139.04
52297,0,14.0,Computer,3,16.0,CC,Male,2.0,5,Laptop & Accessory,4,Single,2,0,13.0,3.0,11.0,9.0,161.51
52300,0,15.0,Computer,1,8.0,Debit Card,Male,2.0,3,Grocery,3,Married,1,1,13.0,1.0,2.0,10.0,278.61
52305,0,13.0,Phone,1,8.0,Debit Card,Male,3.0,3,Laptop & Accessory,1,Single,2,0,13.0,3.0,8.0,8.0,146.61
52325,0,7.0,Phone,1,35.0,CC,Male,2.0,3,Laptop & Accessory,3,Married,5,0,13.0,5.0,7.0,7.0,154.29
52336,0,6.0,Computer,3,11.0,Debit Card,Male,3.0,3,Laptop & Accessory,1,Married,7,0,13.0,1.0,1.0,2.0,199.98
52337,0,5.0,Phone,3,8.0,E wallet,Male,2.0,3,Laptop & Accessory,4,Married,1,1,13.0,1.0,1.0,2.0,140.78
52343,1,0.0,Phone,1,14.0,Debit Card,Female,2.0,3,Phone,3,Single,2,1,13.0,4.0,7.0,7.0,123.94
52346,0,25.0,Phone,1,14.0,UPI,Female,3.0,3,Phone,5,Married,10,0,13.0,1.0,1.0,4.0,129.5
52351,0,2.0,Phone,2,23.0,UPI,Male,2.0,4,Fashion,5,Single,2,0,13.0,0.0,1.0,9.0,179.88
52356,0,28.0,Phone,1,7.0,CC,Male,2.0,1,Grocery,1,Married,3,0,13.0,0.0,2.0,0.0,247.32
52365,0,9.0,Phone,3,22.0,E wallet,Female,3.0,4,Laptop & Accessory,5,Married,5,0,13.0,1.0,1.0,2.0,156.47
52382,1,0.0,Computer,1,8.0,Debit Card,Male,3.0,3,Phone,1,Married,7,1,13.0,0.0,2.0,2.0,137.22
52392,0,17.0,Phone,1,26.0,Debit Card,Male,2.0,3,Phone,4,Single,2,0,13.0,1.0,1.0,3.0,134.2
52396,0,15.0,Computer,1,15.0,CC,Female,3.0,3,Phone,1,Single,2,0,13.0,0.0,5.0,8.0,136.73
52398,0,9.0,Computer,1,13.0,COD,Male,3.0,3,Phone,3,Married,2,0,13.0,0.0,1.0,0.0,112.74000000000001
52405,0,8.0,Phone,3,14.0,Debit Card,Male,3.0,3,Phone,3,Married,2,0,13.0,0.0,1.0,0.0,124.03999999999999
52407,0,9.0,Computer,3,19.0,Debit Card,Female,3.0,3,Phone,4,Married,2,0,13.0,0.0,1.0,0.0,120.33000000000001
52418,0,2.0,Computer,1,8.0,Debit Card,Female,3.0,3,Phone,4,Married,1,0,13.0,1.0,1.0,2.0,131.8
52423,1,0.0,Phone,1,14.0,COD,Male,3.0,4,Phone,5,Single,7,0,13.0,1.0,1.0,7.0,123.62
52424,0,17.0,Phone,1,34.0,Debit Card,Male,2.0,3,Grocery,5,Married,4,0,13.0,1.0,14.0,17.0,263.28
52432,0,23.0,Computer,1,28.0,CC,Male,2.0,5,Grocery,1,Single,2,1,13.0,1.0,2.0,9.0,244.11
52436,0,2.0,Phone,1,14.0,UPI,Female,2.0,5,Laptop & Accessory,5,Married,4,0,13.0,1.0,1.0,7.0,197.15
52437,0,6.0,Phone,1,31.0,Debit Card,Male,2.0,4,Laptop & Accessory,4,Single,2,0,13.0,1.0,1.0,2.0,143.2
52451,0,6.0,Phone,3,14.0,Debit Card,Male,2.0,3,Laptop & Accessory,5,Married,3,0,13.0,2.0,2.0,2.0,163.92
52461,0,7.0,Phone,1,13.0,CC,Male,3.0,3,Phone,1,Single,2,0,13.0,0.0,1.0,0.0,129.72
52467,0,9.0,Phone,3,7.0,Debit Card,Female,3.0,3,Laptop & Accessory,3,Single,7,0,13.0,1.0,1.0,0.0,168.15
52474,0,9.0,Computer,1,12.0,Debit Card,Male,3.0,1,Laptop & Accessory,5,Married,4,1,13.0,0.0,1.0,2.0,155.62
52490,0,4.0,Computer,3,8.0,UPI,Male,2.0,3,Laptop & Accessory,5,Single,8,0,13.0,1.0,1.0,3.0,153.32
52492,0,7.0,Computer,1,16.0,Debit Card,Male,2.0,1,Laptop & Accessory,1,Married,2,0,13.0,3.0,7.0,2.0,147.24
52494,0,12.0,Phone,1,16.0,CC,Male,3.0,3,Laptop & Accessory,5,Married,3,0,13.0,3.0,7.0,7.0,153.77
52502,0,13.0,Phone,1,21.0,Debit Card,Female,3.0,4,Fashion,3,Married,2,0,13.0,6.0,14.0,12.0,204.35
52505,0,12.0,Computer,1,10.0,CC,Female,2.0,3,Laptop & Accessory,3,Single,1,0,13.0,3.0,3.0,8.0,150.42
52514,0,0.0,Computer,1,8.0,COD,Female,2.0,3,Phone,1,Single,2,1,13.0,0.0,1.0,3.0,137.6
52516,0,0.0,Computer,1,14.0,CC,Male,2.0,3,Phone,1,Single,3,0,13.0,0.0,1.0,2.0,125.80000000000001
52534,0,2.0,Phone,3,11.0,CC,Male,2.0,4,Laptop & Accessory,4,Married,2,1,13.0,0.0,1.0,9.0,141.87
52536,0,5.0,Phone,1,8.0,CC,Male,2.0,3,Laptop & Accessory,4,Married,1,0,13.0,1.0,1.0,6.0,154.7
52572,0,5.0,Computer,1,16.0,Debit Card,Male,2.0,3,Phone,3,Married,7,0,13.0,0.0,1.0,3.0,134.33
52576,0,0.0,Phone,1,35.0,CC,Male,3.0,3,Phone,5,Married,2,0,13.0,1.0,1.0,2.0,139.07
52582,1,0.0,Phone,3,19.0,E wallet,Male,3.0,4,Laptop & Accessory,5,Married,6,1,13.0,1.0,2.0,2.0,161.34
52584,0,0.0,Phone,1,10.0,CC,Female,2.0,3,Phone,4,Single,2,0,13.0,0.0,1.0,2.0,132.95
52587,0,5.0,Phone,3,25.0,Debit Card,Male,3.0,5,Fashion,3,Married,4,0,13.0,0.0,1.0,2.0,196.1
52595,1,0.0,Phone,3,15.0,E wallet,Female,3.0,5,Phone,4,Single,2,0,13.0,2.0,2.0,2.0,127.6
52603,1,0.0,Phone,3,22.0,E wallet,Male,3.0,3,Fashion,3,Married,3,0,13.0,0.0,1.0,0.0,181.61
52604,0,9.0,Phone,1,10.0,COD,Female,3.0,4,Phone,5,Married,2,0,13.0,0.0,1.0,0.0,121.09
52615,0,16.0,Phone,2,8.0,Debit Card,Male,3.0,3,Phone,1,Single,1,0,13.0,1.0,1.0,8.0,135.39
52617,1,0.0,Phone,3,13.0,E wallet,Male,3.0,3,Phone,4,Single,2,0,13.0,0.0,1.0,0.0,126.78999999999999
52624,0,9.0,Phone,1,16.0,Debit Card,Male,2.0,3,Fashion,5,Married,8,1,13.0,2.0,5.0,7.0,183.21
52626,0,10.0,Phone,2,14.0,UPI,Male,2.0,3,Laptop & Accessory,4,Married,3,0,13.0,3.0,4.0,7.0,140.71
52635,0,11.0,Computer,2,14.0,UPI,Male,3.0,3,Phone,4,Married,6,0,13.0,2.0,3.0,8.0,125.91999999999999
52639,0,16.0,Computer,1,14.0,Debit Card,Male,2.0,3,Phone,3,Single,5,0,13.0,1.0,1.0,2.0,124.38
52641,0,14.0,Phone,3,10.0,E wallet,Female,2.0,3,Fashion,3,Married,1,1,13.0,5.0,13.0,5.0,204.47
52655,0,0.0,Phone,3,16.0,CC,Male,2.0,3,Laptop & Accessory,1,Single,2,0,13.0,1.0,1.0,2.0,146.84
52664,0,2.0,Computer,1,26.0,CC,Male,2.0,3,Phone,1,Married,2,0,13.0,1.0,3.0,10.0,138.12
52665,0,5.0,Computer,3,16.0,E wallet,Male,3.0,3,Laptop & Accessory,1,Single,9,0,13.0,0.0,1.0,0.0,146.48
52671,0,15.0,Phone,1,14.0,Debit Card,Male,2.0,3,Phone,3,Single,5,0,13.0,1.0,1.0,0.0,139.68
52684,1,0.0,Phone,3,15.0,CC,Male,2.0,3,Phone,1,Single,2,0,13.0,0.0,1.0,0.0,110.81
52686,0,9.0,Phone,3,16.0,COD,Female,3.0,4,Laptop & Accessory,3,Married,2,1,13.0,0.0,1.0,7.0,156.73
52688,0,7.0,Phone,3,10.0,Debit Card,Male,3.0,3,Fashion,1,Married,3,1,13.0,0.0,1.0,0.0,197.13
52692,0,18.0,Phone,1,31.0,Debit Card,Female,3.0,4,Laptop & Accessory,1,Married,1,0,13.0,0.0,3.0,8.0,159.06
52695,0,0.0,Phone,1,7.0,Debit Card,Female,3.0,4,Phone,3,Married,2,1,13.0,0.0,1.0,0.0,129.33
52703,0,15.0,Phone,1,12.0,CC,Male,2.0,3,Fashion,5,Married,10,0,13.0,5.0,2.0,7.0,233.48000000000002
52720,0,60.0,Phone,3,27.0,Debit Card,Female,3.0,3,Grocery,1,Married,5,1,13.0,1.0,1.0,0.0,278.75
52728,0,4.0,Computer,1,9.0,CC,Male,3.0,3,Phone,5,Married,2,1,13.0,2.0,2.0,3.0,130.65
52732,0,0.0,Phone,1,7.0,CC,Male,3.0,3,Phone,5,Single,1,0,13.0,7.0,7.0,6.0,128.67
52742,1,16.0,Phone,3,30.0,Debit Card,Male,3.0,3,Fashion,5,Single,7,1,13.0,0.0,2.0,2.0,204.48
52754,0,0.0,Phone,1,14.0,UPI,Male,3.0,3,Phone,1,Single,2,0,13.0,1.0,1.0,4.0,126.47
52758,0,3.0,Phone,1,7.0,CC,Male,3.0,3,Phone,4,Married,2,0,13.0,1.0,1.0,7.0,137.48
52771,0,6.0,Phone,1,21.0,CC,Female,3.0,3,Laptop & Accessory,1,Married,1,1,13.0,6.0,8.0,1.0,148.78
52772,0,5.0,Phone,1,35.0,Debit Card,Female,3.0,4,Phone,4,Single,2,0,13.0,0.0,4.0,1.0,128.37
52775,0,12.0,Phone,1,30.0,Debit Card,Male,2.0,3,Laptop & Accessory,1,Single,8,0,13.0,0.0,1.0,7.0,141.08
52786,0,9.0,Computer,1,10.0,Debit Card,Female,3.0,3,Laptop & Accessory,4,Married,8,0,13.0,0.0,1.0,2.0,151.31
52799,0,9.0,Phone,3,17.0,E wallet,Female,3.0,4,Laptop & Accessory,1,Married,5,0,13.0,1.0,1.0,0.0,166.52
52805,0,2.0,Phone,1,19.0,UPI,Male,2.0,4,Laptop & Accessory,4,Married,5,1,13.0,0.0,1.0,3.0,140.25
52807,1,13.0,Phone,3,34.0,E wallet,Male,2.0,4,Fashion,5,Married,5,1,13.0,2.0,2.0,0.0,208.54000000000002
52825,1,1.0,Phone,1,32.0,Debit Card,Male,3.0,6,Phone,3,Single,3,0,13.0,2.0,2.0,2.0,147.93
52837,1,21.0,Phone,1,30.0,CC,Female,4.0,4,Fashion,2,Divorced,3,0,13.0,12.0,16.0,3.0,228.12
52857,0,15.0,Phone,1,21.0,Debit Card,Male,3.0,4,Phone,3,Married,6,0,13.0,2.0,2.0,9.0,149.51
52858,0,4.0,Phone,3,12.0,Debit Card,Female,3.0,4,Fashion,2,Divorced,4,0,13.0,3.0,8.0,3.0,219.19
52863,0,10.0,Computer,1,10.0,CC,Male,2.0,4,Phone,4,Single,6,0,13.0,5.0,8.0,3.0,145.88
52870,0,12.0,Phone,1,16.0,Debit Card,Female,4.0,4,Phone,2,Single,3,0,13.0,2.0,3.0,2.0,147.88
52886,0,11.0,Phone,1,28.0,Debit Card,Male,4.0,3,Phone,5,Divorced,3,1,13.0,1.0,2.0,8.0,160.64
52909,0,19.0,Computer,3,13.0,CC,Female,3.0,5,Fashion,2,Single,8,0,13.0,13.0,13.0,3.0,213.65
52914,0,12.0,Phone,3,10.0,Debit Card,Male,4.0,4,Fashion,3,Married,2,0,13.0,2.0,6.0,3.0,231.08999999999997
52915,0,5.0,Computer,1,7.0,CC,Male,3.0,6,Laptop & Accessory,3,Divorced,2,0,13.0,2.0,2.0,5.0,168.45
52936,0,5.0,Computer,1,10.0,CC,Male,4.0,4,Fashion,3,Married,11,0,13.0,1.0,3.0,3.0,261.75
52946,0,1.0,Phone,1,7.0,Debit Card,Female,4.0,4,Laptop & Accessory,3,Divorced,2,0,13.0,2.0,2.0,3.0,173.98
52958,0,1.0,Computer,1,12.0,Debit Card,Male,3.0,3,Laptop & Accessory,5,Married,3,0,13.0,2.0,2.0,6.0,165.0
52962,1,11.0,Computer,1,36.0,Debit Card,Male,3.0,4,Fashion,4,Divorced,3,1,13.0,6.0,2.0,10.0,243.49
52976,0,11.0,Phone,1,7.0,Debit Card,Female,3.0,4,Phone,2,Single,3,0,13.0,2.0,6.0,8.0,146.15
52982,0,10.0,Phone,1,10.0,COD,Male,2.0,4,Laptop & Accessory,4,Single,6,0,13.0,7.0,8.0,8.0,169.85
52984,1,1.0,Phone,3,11.0,E wallet,Male,3.0,5,Laptop & Accessory,2,Single,3,1,13.0,8.0,8.0,5.0,183.28
52985,0,11.0,Computer,1,16.0,CC,Male,3.0,4,Phone,2,Divorced,3,1,13.0,1.0,2.0,3.0,148.26
52992,0,1.0,Phone,3,17.0,CC,Female,4.0,5,Phone,3,Single,3,0,13.0,2.0,2.0,1.0,137.0
53000,0,5.0,Phone,1,12.0,COD,Male,3.0,4,Phone,2,Divorced,2,1,13.0,1.0,2.0,4.0,173.21
53001,0,5.0,Phone,2,9.0,UPI,Male,4.0,5,Laptop & Accessory,5,Divorced,5,0,13.0,1.0,2.0,1.0,189.1
53007,0,23.0,Phone,1,7.0,COD,Female,3.0,5,Grocery,3,Single,9,1,13.0,1.0,2.0,8.0,264.64
53009,0,1.0,Phone,1,12.0,Debit Card,Female,3.0,4,Phone,4,Single,3,1,13.0,1.0,2.0,3.0,149.78
53012,0,5.0,Phone,3,14.0,E wallet,Male,4.0,4,Laptop & Accessory,2,Married,6,0,13.0,1.0,2.0,8.0,200.47
53023,0,28.0,Computer,1,27.0,Debit Card,Female,3.0,4,Laptop & Accessory,3,Single,5,0,13.0,2.0,2.0,4.0,173.69
53036,0,1.0,Phone,1,33.0,Debit Card,Male,3.0,4,Phone,2,Married,3,0,13.0,2.0,2.0,3.0,154.04
53045,0,4.0,Computer,3,32.0,COD,Female,3.0,4,Laptop & Accessory,3,Divorced,9,1,13.0,2.0,3.0,3.0,172.36
53059,1,4.0,Phone,3,29.0,E wallet,Male,4.0,5,Laptop & Accessory,3,Divorced,4,1,13.0,2.0,2.0,1.0,188.8
53071,0,1.0,Phone,3,17.0,E wallet,Female,4.0,4,Laptop & Accessory,3,Married,3,1,13.0,1.0,2.0,4.0,167.6
53077,0,11.0,Phone,1,21.0,Debit Card,Female,4.0,4,Phone,5,Married,3,0,13.0,4.0,13.0,18.0,155.34
53078,0,14.0,Phone,3,9.0,E wallet,Female,3.0,4,Laptop & Accessory,4,Married,9,0,13.0,1.0,2.0,4.0,182.15
53080,0,11.0,Phone,1,17.0,Debit Card,Male,3.0,4,Laptop & Accessory,4,Single,4,1,13.0,1.0,2.0,2.0,166.97
53085,0,5.0,Phone,1,14.0,CC,Female,3.0,4,Laptop & Accessory,5,Divorced,3,0,13.0,4.0,4.0,13.0,168.06
53090,0,5.0,Phone,1,7.0,Debit Card,Male,4.0,5,Phone,5,Divorced,3,0,13.0,1.0,4.0,3.0,147.18
53095,0,2.0,Phone,1,24.0,CC,Male,4.0,4,Laptop & Accessory,5,Married,3,0,13.0,1.0,2.0,9.0,170.58
53113,1,1.0,Phone,2,9.0,COD,Male,3.0,5,Phone,2,Single,3,0,13.0,2.0,2.0,1.0,150.64
53115,0,31.0,Phone,3,36.0,E wallet,Male,3.0,5,Grocery,2,Married,5,0,13.0,1.0,2.0,1.0,266.18
53123,0,8.0,Phone,1,9.0,Debit Card,Male,4.0,5,Phone,3,Married,5,0,13.0,6.0,6.0,8.0,152.68
53126,1,1.0,Phone,1,22.0,CC,Male,3.0,4,Fashion,3,Divorced,9,1,13.0,1.0,8.0,8.0,261.1
53129,0,9.0,Phone,1,23.0,Debit Card,Male,4.0,4,Fashion,3,Divorced,6,1,13.0,1.0,2.0,1.0,201.32
53130,1,1.0,Computer,1,27.0,Debit Card,Male,4.0,4,Fashion,3,Divorced,5,0,13.0,2.0,2.0,3.0,223.24
53145,0,3.0,Phone,1,26.0,COD,Male,3.0,4,Laptop & Accessory,2,Married,6,0,13.0,1.0,2.0,3.0,167.62
53151,0,1.0,Phone,3,36.0,CC,Male,3.0,4,Laptop & Accessory,3,Married,7,0,13.0,2.0,2.0,1.0,168.06
53153,0,8.0,Phone,3,28.0,Debit Card,Male,4.0,3,Laptop & Accessory,2,Single,3,0,13.0,6.0,6.0,8.0,178.37
53159,0,26.0,Phone,1,13.0,COD,Male,4.0,4,Laptop & Accessory,5,Married,5,1,13.0,3.0,7.0,10.0,180.77
53160,1,1.0,Computer,3,18.0,UPI,Male,3.0,3,Laptop & Accessory,3,Divorced,10,0,13.0,2.0,2.0,3.0,172.07
53163,0,11.0,Phone,1,7.0,Debit Card,Female,4.0,4,Laptop & Accessory,4,Divorced,8,0,13.0,4.0,5.0,4.0,189.47
53176,0,1.0,Phone,1,13.0,CC,Female,4.0,5,Phone,3,Married,2,0,13.0,2.0,2.0,4.0,146.87
53190,0,7.0,Phone,3,15.0,E wallet,Male,3.0,4,Laptop & Accessory,3,Married,2,0,13.0,2.0,2.0,3.0,196.04
53191,0,6.0,Phone,1,16.0,Debit Card,Female,4.0,4,Laptop & Accessory,2,Divorced,3,1,13.0,2.0,2.0,6.0,188.22
53194,0,8.0,Phone,1,7.0,Debit Card,Male,3.0,4,Phone,2,Divorced,3,0,13.0,7.0,9.0,9.0,151.91
53211,0,22.0,Phone,3,9.0,E wallet,Male,3.0,3,Laptop & Accessory,4,Divorced,5,0,13.0,3.0,3.0,3.0,206.2
53218,0,6.0,Phone,3,17.0,E wallet,Male,3.0,4,Laptop & Accessory,2,Single,3,0,13.0,1.0,2.0,9.0,178.96
53223,0,21.0,Phone,3,21.0,E wallet,Male,3.0,4,Laptop & Accessory,5,Single,4,0,13.0,1.0,2.0,8.0,174.6
53235,0,21.0,Computer,3,10.0,CC,Female,3.0,4,Grocery,3,Married,11,1,13.0,1.0,12.0,14.0,262.7
53238,1,6.0,Computer,1,26.0,CC,Male,3.0,3,Phone,3,Married,8,1,13.0,3.0,3.0,3.0,152.59
53257,1,11.0,Computer,3,34.0,Debit Card,Female,4.0,2,Laptop & Accessory,3,Single,6,1,13.0,2.0,2.0,4.0,188.97
53263,0,3.0,Phone,1,34.0,CC,Female,4.0,4,Laptop & Accessory,3,Divorced,6,0,13.0,2.0,2.0,2.0,168.35
53269,0,12.0,Computer,1,9.0,Debit Card,Female,4.0,2,Laptop & Accessory,5,Single,8,1,13.0,5.0,5.0,13.0,184.8
53291,0,6.0,Phone,1,11.0,Debit Card,Female,4.0,5,Laptop & Accessory,3,Divorced,3,0,13.0,2.0,7.0,9.0,186.62
53308,0,18.0,Phone,1,11.0,CC,Male,3.0,4,Laptop & Accessory,4,Single,11,0,13.0,2.0,3.0,4.0,184.33
53314,0,4.0,Computer,1,12.0,Debit Card,Male,4.0,5,Phone,2,Married,11,0,13.0,1.0,2.0,4.0,162.61
53316,0,19.0,Phone,3,16.0,E wallet,Male,4.0,4,Fashion,5,Married,6,1,13.0,2.0,2.0,3.0,232.61
53317,0,6.0,Phone,1,15.0,CC,Female,4.0,2,Laptop & Accessory,3,Divorced,7,0,13.0,2.0,2.0,4.0,176.75
53328,0,6.0,Computer,1,7.0,Debit Card,Male,4.0,4,Phone,2,Married,2,0,13.0,1.0,2.0,3.0,148.14
53329,0,1.0,Phone,3,11.0,E wallet,Male,3.0,5,Laptop & Accessory,5,Divorced,3,0,13.0,2.0,2.0,4.0,167.56
53375,0,14.0,Phone,3,17.0,E wallet,Male,4.0,5,Fashion,4,Married,4,0,13.0,2.0,2.0,3.0,222.05
53376,0,1.0,Computer,3,7.0,CC,Male,3.0,5,Laptop & Accessory,5,Single,3,0,13.0,2.0,2.0,8.0,167.94
53383,0,6.0,Phone,1,10.0,CC,Female,4.0,4,Laptop & Accessory,5,Divorced,3,0,13.0,7.0,7.0,4.0,192.25
53387,0,19.0,Computer,1,11.0,Debit Card,Male,3.0,4,Laptop & Accessory,4,Divorced,3,0,13.0,2.0,2.0,9.0,169.47
53417,0,5.0,Computer,1,7.0,Debit Card,Female,4.0,4,Laptop & Accessory,5,Divorced,3,0,13.0,2.0,2.0,4.0,166.48
53421,0,4.0,Phone,1,15.0,Debit Card,Female,4.0,2,Fashion,5,Divorced,2,1,13.0,1.0,2.0,8.0,239.16000000000003
53424,0,1.0,Phone,1,9.0,CC,Male,3.0,2,Laptop & Accessory,2,Divorced,3,0,13.0,2.0,2.0,4.0,179.72
53438,0,12.0,Phone,3,10.0,Debit Card,Male,3.0,4,Laptop & Accessory,2,Single,10,1,13.0,2.0,2.0,1.0,193.61
53442,0,24.0,Computer,3,7.0,Debit Card,Female,4.0,4,Laptop & Accessory,3,Divorced,2,0,13.0,2.0,2.0,14.0,188.47
53447,0,6.0,Computer,1,36.0,CC,Female,4.0,4,Phone,3,Single,11,0,13.0,6.0,8.0,8.0,165.25
53451,0,27.0,Computer,3,9.0,E wallet,Female,3.0,5,Fashion,4,Divorced,4,0,13.0,1.0,7.0,13.0,200.25
53470,1,15.0,Phone,1,11.0,Debit Card,Male,3.0,4,Phone,3,Divorced,11,1,13.0,2.0,3.0,8.0,149.61
53471,1,1.0,Computer,1,31.0,COD,Male,4.0,5,Fashion,5,Single,3,0,13.0,1.0,2.0,3.0,212.22
53509,0,5.0,Computer,3,27.0,Debit Card,Male,4.0,2,Phone,2,Divorced,2,0,13.0,2.0,3.0,3.0,152.91
53519,1,1.0,Computer,1,15.0,CC,Male,4.0,4,Phone,3,Single,3,0,13.0,1.0,2.0,1.0,144.04
53522,1,1.0,Computer,1,22.0,CC,Male,4.0,4,Phone,3,Divorced,3,0,13.0,3.0,3.0,3.0,151.1
53529,1,6.0,Computer,3,19.0,Debit Card,Male,3.0,4,Grocery,5,Single,2,1,13.0,1.0,14.0,15.0,262.58
53531,0,9.0,Phone,1,7.0,CC,Male,3.0,5,Phone,3,Divorced,8,0,13.0,2.0,2.0,8.0,147.58
53541,0,6.0,Computer,3,9.0,Debit Card,Female,4.0,4,Phone,5,Married,3,0,13.0,1.0,2.0,1.0,153.27
53547,0,1.0,Phone,1,10.0,Debit Card,Male,3.0,5,Phone,3,Single,3,0,13.0,1.0,2.0,3.0,155.33
53557,0,14.0,Computer,3,9.0,CC,Male,4.0,4,Laptop & Accessory,4,Divorced,7,0,13.0,2.0,2.0,1.0,168.27
53559,0,2.0,Phone,1,26.0,CC,Male,4.0,5,Phone,5,Divorced,3,0,13.0,2.0,4.0,4.0,156.96
53563,0,7.0,Computer,3,32.0,CC,Female,3.0,4,Laptop & Accessory,3,Divorced,3,0,13.0,1.0,2.0,2.0,170.39
53575,0,14.0,Phone,3,17.0,COD,Female,3.0,5,Laptop & Accessory,4,Married,9,0,13.0,2.0,2.0,4.0,193.52
53586,0,5.0,Phone,1,18.0,CC,Male,4.0,4,Laptop & Accessory,5,Divorced,3,1,13.0,1.0,2.0,2.0,193.33
53591,0,10.0,Computer,1,10.0,COD,Male,3.0,4,Phone,4,Divorced,3,0,13.0,2.0,2.0,8.0,161.92
53600,0,1.0,Phone,1,32.0,Debit Card,Female,3.0,2,Phone,2,Single,3,1,13.0,2.0,2.0,2.0,154.94
53608,0,8.0,Phone,3,9.0,E wallet,Female,3.0,4,Laptop & Accessory,5,Single,2,1,13.0,2.0,2.0,3.0,170.38
53610,0,31.0,Phone,1,25.0,CC,Male,4.0,4,Fashion,2,Single,8,0,13.0,2.0,6.0,3.0,230.12
53620,0,2.0,Computer,1,9.0,Debit Card,Male,3.0,5,Phone,2,Divorced,3,1,13.0,3.0,3.0,3.0,163.67
53629,0,31.0,Phone,1,30.0,Debit Card,Male,3.0,4,Phone,3,Married,3,0,13.0,3.0,3.0,3.0,148.72
53632,0,4.0,Phone,1,13.0,COD,Female,3.0,5,Laptop & Accessory,2,Divorced,2,0,13.0,6.0,7.0,8.0,171.27
53633,0,10.0,Phone,1,17.0,COD,Female,4.0,4,Fashion,3,Divorced,5,0,13.0,1.0,2.0,8.0,195.94
53634,0,20.0,Phone,2,7.0,Debit Card,Female,3.0,4,Phone,5,Single,8,0,13.0,4.0,6.0,8.0,159.23
53637,1,4.0,Phone,3,32.0,E wallet,Male,3.0,5,Fashion,4,Single,4,1,13.0,1.0,2.0,3.0,215.94
53644,1,8.0,Phone,1,10.0,Debit Card,Male,3.0,4,Phone,5,Divorced,6,0,13.0,2.0,2.0,3.0,148.62
53655,0,8.0,Phone,3,22.0,CC,Female,4.0,4,Laptop & Accessory,5,Single,3,0,13.0,2.0,10.0,7.0,186.25
53664,0,9.0,Phone,1,7.0,CC,Female,3.0,5,Laptop & Accessory,2,Divorced,2,0,13.0,2.0,2.0,1.0,178.63
53667,0,30.0,Phone,1,30.0,Debit Card,Male,4.0,4,Grocery,4,Divorced,6,1,13.0,12.0,2.0,10.0,259.02
53677,0,13.0,Phone,3,28.0,Debit Card,Male,3.0,5,Laptop & Accessory,2,Divorced,5,1,13.0,1.0,2.0,5.0,186.2
53689,0,1.0,Phone,1,9.0,CC,Male,3.0,5,Phone,2,Single,2,0,13.0,1.0,2.0,2.0,164.04
53695,0,1.0,Phone,1,14.0,UPI,Male,4.0,2,Phone,5,Single,2,0,13.0,2.0,2.0,8.0,160.78
53698,1,1.0,Computer,1,21.0,UPI,Female,3.0,4,Fashion,2,Single,2,1,13.0,3.0,8.0,8.0,200.53
53703,1,1.0,Computer,3,7.0,Debit Card,Female,3.0,6,Phone,3,Single,3,0,13.0,2.0,2.0,1.0,138.59
53707,1,1.0,Phone,1,15.0,Debit Card,Female,3.0,5,Phone,4,Single,3,0,13.0,1.0,2.0,1.0,137.61
53711,0,21.0,Phone,1,7.0,COD,Male,4.0,4,Phone,2,Divorced,9,0,13.0,2.0,2.0,3.0,159.2
53712,1,1.0,Phone,3,16.0,Debit Card,Male,4.0,5,Phone,5,Divorced,5,0,13.0,2.0,3.0,3.0,169.0
53716,0,1.0,Phone,3,11.0,CC,Female,3.0,4,Laptop & Accessory,3,Divorced,3,1,13.0,2.0,2.0,4.0,166.62
53717,0,6.0,Phone,3,14.0,E wallet,Male,4.0,4,Laptop & Accessory,2,Divorced,6,0,13.0,2.0,2.0,3.0,217.04
53719,0,15.0,Phone,1,12.0,CC,Male,3.0,2,Phone,3,Divorced,4,1,13.0,2.0,2.0,4.0,146.27
53734,0,27.0,Phone,1,9.0,CC,Male,3.0,2,Grocery,4,Single,6,0,13.0,1.0,9.0,9.0,290.98
53742,0,18.0,Computer,3,7.0,E wallet,Female,4.0,4,Laptop & Accessory,3,Divorced,9,0,13.0,2.0,2.0,1.0,172.68
53771,0,20.0,Phone,3,10.0,Debit Card,Female,3.0,4,Grocery,4,Divorced,10,0,13.0,1.0,6.0,2.0,291.06
53776,1,1.0,Computer,1,10.0,Debit Card,Female,3.0,4,Phone,3,Single,3,0,13.0,7.0,8.0,8.0,165.84
53785,0,14.0,Phone,3,16.0,CC,Male,3.0,4,Laptop & Accessory,5,Married,2,0,13.0,3.0,8.0,2.0,179.73
53786,0,7.0,Phone,1,35.0,Debit Card,Male,4.0,4,Laptop & Accessory,3,Married,3,1,13.0,2.0,6.0,8.0,177.07
53790,0,19.0,Phone,1,7.0,COD,Male,4.0,4,Fashion,4,Married,3,0,13.0,7.0,8.0,8.0,199.41
53792,0,6.0,Phone,1,12.0,Debit Card,Female,4.0,5,Laptop & Accessory,4,Married,5,0,13.0,2.0,3.0,6.0,183.78
53800,0,4.0,Phone,3,36.0,COD,Male,3.0,4,Fashion,4,Married,5,0,13.0,1.0,2.0,3.0,217.5
53801,1,1.0,Phone,1,9.0,Debit Card,Female,4.0,4,Phone,5,Married,3,1,13.0,2.0,2.0,1.0,145.74
53805,0,22.0,Phone,1,22.0,UPI,Female,4.0,4,Phone,5,Married,10,0,13.0,8.0,8.0,7.0,148.67
53811,0,12.0,Phone,3,23.0,Debit Card,Female,3.0,4,Laptop & Accessory,4,Single,4,0,13.0,1.0,2.0,3.0,166.98
53824,0,17.0,Phone,1,34.0,COD,Male,3.0,2,Phone,4,Married,7,0,13.0,2.0,2.0,3.0,173.76
53832,0,4.0,Phone,1,14.0,CC,Male,3.0,5,Phone,4,Married,3,0,13.0,1.0,2.0,2.0,146.41
53836,0,10.0,Phone,1,19.0,Debit Card,Female,4.0,4,Laptop & Accessory,3,Married,11,1,13.0,1.0,2.0,2.0,171.63
53844,1,1.0,Computer,3,10.0,CC,Female,4.0,4,Phone,1,Single,3,1,13.0,1.0,2.0,1.0,140.69
53848,0,9.0,Computer,1,15.0,Debit Card,Female,3.0,4,Laptop & Accessory,3,Married,3,0,13.0,3.0,3.0,10.0,166.48
53864,0,10.0,Phone,1,12.0,Debit Card,Female,3.0,4,Fashion,5,Married,6,0,13.0,2.0,2.0,3.0,205.08
53870,0,8.0,Phone,1,10.0,Debit Card,Female,4.0,4,Laptop & Accessory,4,Married,3,0,13.0,8.0,8.0,10.0,179.33
53896,1,1.0,Phone,1,9.0,Debit Card,Male,4.0,4,Phone,4,Single,3,0,13.0,2.0,2.0,1.0,138.93
53898,0,29.0,Phone,1,29.0,COD,Male,4.0,5,Phone,4,Married,7,0,13.0,2.0,2.0,3.0,160.37
53903,0,8.0,Phone,1,26.0,Debit Card,Female,3.0,5,Phone,1,Married,3,0,13.0,4.0,9.0,8.0,154.29
53909,0,15.0,Phone,3,13.0,E wallet,Male,3.0,4,Fashion,3,Single,3,0,13.0,7.0,9.0,3.0,217.41
53924,0,4.0,Phone,1,23.0,Debit Card,Male,3.0,4,Phone,1,Married,3,0,13.0,1.0,2.0,9.0,153.62
53926,0,20.0,Phone,3,9.0,Debit Card,Male,4.0,4,Fashion,1,Married,6,1,13.0,1.0,2.0,3.0,228.68
53941,0,3.0,Computer,1,7.0,Debit Card,Male,4.0,2,Laptop & Accessory,3,Single,10,1,13.0,1.0,2.0,3.0,187.94
53945,0,23.0,Phone,3,18.0,E wallet,Female,4.0,4,Laptop & Accessory,1,Single,5,0,13.0,1.0,2.0,5.0,170.07
53961,0,8.0,Phone,3,10.0,Debit Card,Female,3.0,6,Laptop & Accessory,1,Single,7,0,13.0,2.0,3.0,3.0,185.29
53970,1,8.0,Computer,1,7.0,CC,Male,3.0,4,Phone,4,Married,3,1,13.0,2.0,3.0,4.0,148.42
53985,0,15.0,Phone,1,12.0,Debit Card,Male,3.0,2,Laptop & Accessory,4,Single,5,0,13.0,2.0,2.0,3.0,193.7
53994,0,21.0,Phone,1,11.0,Debit Card,Female,4.0,5,Fashion,4,Married,10,1,13.0,3.0,15.0,3.0,228.33
53995,0,14.0,Phone,1,19.0,Debit Card,Female,3.0,4,Laptop & Accessory,5,Married,4,0,13.0,8.0,8.0,8.0,169.48
54012,0,21.0,Phone,1,16.0,Debit Card,Female,4.0,4,Phone,3,Single,6,0,13.0,2.0,3.0,1.0,146.05
54017,1,1.0,Phone,3,9.0,E wallet,Male,3.0,5,Laptop & Accessory,4,Single,9,1,13.0,3.0,3.0,3.0,224.07
54018,0,20.0,Phone,3,10.0,COD,Female,3.0,2,Grocery,5,Married,4,0,13.0,2.0,2.0,9.0,257.25
54050,0,8.0,Phone,3,10.0,CC,Female,4.0,5,Laptop & Accessory,1,Married,5,1,13.0,1.0,2.0,2.0,206.03
54051,0,5.0,Phone,1,11.0,CC,Female,4.0,2,Phone,3,Married,10,0,13.0,3.0,3.0,3.0,164.78
54053,0,19.0,Computer,1,7.0,CC,Male,3.0,4,Laptop & Accessory,3,Single,6,0,13.0,2.0,2.0,4.0,178.99
54055,0,2.0,Computer,3,7.0,Debit Card,Male,3.0,5,Laptop & Accessory,1,Married,3,1,13.0,1.0,2.0,8.0,193.34
54069,0,16.0,Phone,3,19.0,E wallet,Male,4.0,4,Laptop & Accessory,1,Married,5,1,13.0,1.0,2.0,1.0,175.87
54070,1,1.0,Computer,2,29.0,UPI,Female,3.0,5,Phone,4,Married,3,0,13.0,2.0,2.0,1.0,153.63
54078,0,3.0,Phone,1,7.0,Debit Card,Male,3.0,4,Laptop & Accessory,5,Married,2,0,13.0,2.0,2.0,3.0,178.73
54081,1,1.0,Phone,1,24.0,COD,Male,3.0,5,Phone,1,Married,7,0,13.0,1.0,2.0,4.0,148.67
54094,0,13.0,Phone,3,22.0,E wallet,Male,4.0,4,Grocery,5,Single,2,0,13.0,5.0,2.0,11.0,258.41
54095,0,16.0,Computer,1,30.0,Debit Card,Male,3.0,5,Laptop & Accessory,3,Single,3,0,13.0,3.0,4.0,8.0,168.32
54098,0,1.0,Phone,1,7.0,Debit Card,Male,3.0,5,Laptop & Accessory,3,Single,3,0,13.0,2.0,2.0,3.0,171.17
54106,0,7.0,Computer,1,7.0,CC,Male,3.0,5,Phone,3,Married,3,0,13.0,1.0,2.0,1.0,145.08
54114,0,1.0,Phone,1,7.0,Debit Card,Male,4.0,4,Phone,3,Single,2,0,13.0,1.0,2.0,3.0,158.75
54121,0,12.0,Phone,1,17.0,CC,Female,3.0,6,Fashion,3,Married,5,0,13.0,2.0,2.0,12.0,257.06
54126,0,18.0,Phone,1,7.0,CC,Male,3.0,4,Phone,1,Single,8,1,13.0,1.0,2.0,3.0,149.36
54143,1,14.0,Computer,3,7.0,Debit Card,Male,4.0,4,Laptop & Accessory,3,Married,9,0,13.0,2.0,2.0,2.0,192.28
54149,0,9.0,Phone,1,7.0,Debit Card,Female,4.0,6,Phone,1,Married,3,0,13.0,1.0,2.0,2.0,154.77
54160,0,8.0,Phone,1,15.0,CC,Male,3.0,2,Laptop & Accessory,3,Married,4,0,13.0,1.0,2.0,3.0,169.04
54165,0,1.0,Phone,1,9.0,CC,Male,3.0,4,Phone,4,Married,11,0,13.0,2.0,3.0,3.0,159.68
54172,0,3.0,Phone,1,22.0,Debit Card,Female,3.0,5,Laptop & Accessory,3,Single,2,1,13.0,2.0,2.0,9.0,166.93
54177,0,6.0,Phone,1,12.0,Debit Card,Male,4.0,2,Phone,4,Married,2,1,13.0,2.0,2.0,6.0,157.98
54196,0,17.0,Phone,1,9.0,CC,Female,4.0,2,Phone,3,Married,3,0,13.0,2.0,2.0,5.0,151.45
54201,0,9.0,Phone,1,11.0,UPI,Male,4.0,4,Phone,1,Married,3,0,13.0,2.0,2.0,1.0,144.51
54203,1,1.0,Phone,1,32.0,Debit Card,Male,3.0,6,Phone,3,Single,3,0,13.0,1.0,2.0,2.0,147.93
54216,0,7.0,Computer,1,30.0,Debit Card,Female,4.0,4,Fashion,1,Single,3,1,13.0,4.0,2.0,13.0,259.58
54235,0,10.0,Phone,1,13.0,Debit Card,Female,3.0,2,Phone,1,Married,5,0,13.0,1.0,2.0,1.0,155.38
54241,0,4.0,Phone,1,7.0,Debit Card,Male,3.0,5,Laptop & Accessory,1,Married,3,1,13.0,2.0,4.0,1.0,176.26
54244,0,12.0,Computer,1,13.0,CC,Female,4.0,6,Laptop & Accessory,1,Married,9,1,13.0,1.0,2.0,10.0,178.29
54253,0,4.0,Phone,3,11.0,CC,Female,4.0,5,Laptop & Accessory,4,Married,3,1,13.0,3.0,3.0,8.0,177.09
54256,0,28.0,Phone,1,9.0,COD,Female,3.0,4,Fashion,3,Married,11,0,13.0,1.0,2.0,4.0,260.49
54260,0,18.0,Computer,1,30.0,CC,Male,4.0,4,Laptop & Accessory,4,Married,6,0,13.0,1.0,2.0,3.0,145.42
54274,0,1.0,Phone,1,25.0,Debit Card,Male,3.0,4,Phone,3,Married,2,0,13.0,1.0,2.0,3.0,152.74
54276,0,11.0,Phone,3,10.0,Debit Card,Male,3.0,4,Fashion,1,Single,4,0,13.0,1.0,2.0,4.0,199.28
54277,0,8.0,Phone,1,12.0,CC,Female,3.0,5,Fashion,5,Single,4,0,13.0,3.0,2.0,9.0,241.31
54287,1,21.0,Phone,1,30.0,CC,Female,4.0,4,Fashion,1,Married,3,0,13.0,8.0,16.0,3.0,228.12
54291,0,17.0,Computer,1,35.0,CC,Female,4.0,2,Phone,3,Single,6,0,13.0,1.0,2.0,3.0,172.39
54327,0,15.0,Phone,1,21.0,Debit Card,Male,3.0,4,Phone,3,Married,6,0,13.0,2.0,2.0,9.0,149.51
54328,0,4.0,Phone,3,12.0,Debit Card,Female,3.0,4,Fashion,1,Married,4,0,13.0,2.0,8.0,3.0,219.19
54333,0,10.0,Computer,1,10.0,CC,Male,2.0,4,Phone,4,Single,6,0,13.0,3.0,8.0,3.0,145.88
54340,0,12.0,Phone,1,16.0,Debit Card,Female,4.0,4,Phone,1,Single,3,0,13.0,2.0,3.0,2.0,147.88
54356,0,11.0,Phone,1,28.0,Debit Card,Male,4.0,2,Phone,5,Married,3,1,13.0,2.0,2.0,8.0,160.64
54379,0,19.0,Computer,3,13.0,CC,Female,3.0,5,Fashion,1,Single,8,0,13.0,6.0,13.0,3.0,213.65
54384,0,12.0,Phone,3,10.0,Debit Card,Male,4.0,4,Fashion,3,Married,2,0,13.0,2.0,6.0,3.0,231.08999999999997
54385,0,5.0,Computer,1,7.0,CC,Male,3.0,6,Laptop & Accessory,3,Married,2,0,13.0,1.0,2.0,5.0,168.45
54406,0,5.0,Computer,1,10.0,CC,Male,4.0,4,Fashion,3,Married,11,0,13.0,1.0,3.0,3.0,261.75
54416,0,1.0,Phone,1,7.0,Debit Card,Female,4.0,4,Laptop & Accessory,3,Married,2,0,13.0,2.0,2.0,3.0,173.98
54428,0,1.0,Computer,1,12.0,Debit Card,Male,3.0,2,Laptop & Accessory,5,Married,3,0,13.0,2.0,2.0,6.0,165.0
54432,1,11.0,Computer,1,36.0,Debit Card,Male,3.0,4,Fashion,4,Married,3,1,13.0,5.0,2.0,10.0,243.49
54446,0,11.0,Phone,1,7.0,Debit Card,Female,3.0,4,Phone,1,Single,3,0,13.0,2.0,6.0,8.0,146.15
54452,0,10.0,Phone,1,10.0,COD,Male,2.0,4,Laptop & Accessory,4,Single,6,0,13.0,3.0,8.0,8.0,169.85
54454,1,1.0,Phone,3,11.0,E wallet,Male,3.0,5,Laptop & Accessory,1,Single,3,1,13.0,5.0,8.0,5.0,183.28
54455,0,11.0,Computer,1,16.0,CC,Male,3.0,4,Phone,1,Married,3,1,13.0,1.0,2.0,3.0,148.26
54462,0,1.0,Phone,3,17.0,CC,Female,4.0,5,Phone,3,Single,3,0,13.0,1.0,2.0,1.0,137.0
54470,0,5.0,Phone,1,12.0,COD,Male,3.0,4,Phone,1,Married,2,1,13.0,2.0,2.0,4.0,173.21
54471,0,5.0,Phone,2,9.0,UPI,Male,4.0,5,Laptop & Accessory,5,Married,5,0,13.0,1.0,2.0,1.0,189.1
54477,0,23.0,Phone,1,7.0,COD,Female,3.0,5,Grocery,3,Single,9,1,13.0,1.0,2.0,8.0,264.64
54479,0,1.0,Phone,1,12.0,Debit Card,Female,3.0,4,Phone,4,Single,3,1,13.0,1.0,2.0,3.0,149.78
54482,0,5.0,Phone,3,14.0,E wallet,Male,4.0,4,Laptop & Accessory,1,Married,6,0,13.0,1.0,2.0,8.0,200.47
54493,0,28.0,Computer,1,27.0,Debit Card,Female,3.0,4,Laptop & Accessory,3,Single,5,0,13.0,1.0,2.0,4.0,173.69
54506,0,1.0,Phone,1,33.0,Debit Card,Male,3.0,4,Phone,1,Married,3,0,13.0,1.0,2.0,3.0,154.04
54515,0,4.0,Computer,3,32.0,COD,Female,3.0,4,Laptop & Accessory,3,Married,9,1,13.0,3.0,3.0,3.0,172.36
54529,1,4.0,Phone,3,29.0,E wallet,Male,4.0,5,Laptop & Accessory,3,Married,4,1,13.0,2.0,2.0,1.0,188.8
54541,0,1.0,Phone,3,17.0,E wallet,Female,4.0,4,Laptop & Accessory,3,Married,3,1,13.0,1.0,2.0,4.0,167.6
54547,0,11.0,Phone,1,21.0,Debit Card,Female,4.0,4,Phone,5,Married,3,0,13.0,11.0,13.0,18.0,155.34
54548,0,14.0,Phone,3,9.0,E wallet,Female,3.0,4,Laptop & Accessory,4,Married,9,0,13.0,1.0,2.0,4.0,182.15
54550,0,11.0,Phone,1,17.0,Debit Card,Male,3.0,4,Laptop & Accessory,4,Single,4,1,13.0,1.0,2.0,2.0,166.97
54555,0,5.0,Phone,1,14.0,CC,Female,3.0,4,Laptop & Accessory,5,Married,3,0,13.0,4.0,4.0,13.0,168.06
54560,0,5.0,Phone,1,7.0,Debit Card,Male,4.0,5,Phone,5,Married,3,0,13.0,4.0,4.0,3.0,147.18
54565,0,2.0,Phone,1,24.0,CC,Male,4.0,4,Laptop & Accessory,5,Married,3,0,13.0,1.0,2.0,9.0,170.58
54583,1,1.0,Phone,2,9.0,COD,Male,3.0,5,Phone,1,Single,3,0,13.0,1.0,2.0,1.0,150.64
54585,0,31.0,Phone,3,36.0,E wallet,Male,3.0,5,Grocery,1,Married,5,0,13.0,1.0,2.0,1.0,266.18
54593,0,8.0,Phone,1,9.0,Debit Card,Male,4.0,5,Phone,3,Married,5,0,13.0,4.0,6.0,8.0,152.68
54596,1,1.0,Phone,1,22.0,CC,Male,3.0,4,Fashion,3,Married,9,1,13.0,1.0,8.0,8.0,261.1
54599,0,9.0,Phone,1,23.0,Debit Card,Male,4.0,4,Fashion,3,Married,6,1,13.0,1.0,2.0,1.0,201.32
54600,1,1.0,Computer,1,27.0,Debit Card,Male,4.0,4,Fashion,3,Married,5,0,13.0,2.0,2.0,3.0,223.24
54615,0,3.0,Phone,1,26.0,COD,Male,3.0,4,Laptop & Accessory,1,Married,6,0,13.0,2.0,2.0,3.0,167.62
54621,0,1.0,Phone,3,36.0,CC,Male,3.0,4,Laptop & Accessory,3,Married,7,0,13.0,1.0,2.0,1.0,168.06
54623,0,8.0,Phone,3,28.0,Debit Card,Male,4.0,2,Laptop & Accessory,1,Single,3,0,13.0,1.0,6.0,8.0,178.37
54629,0,26.0,Phone,1,13.0,COD,Male,4.0,4,Laptop & Accessory,5,Married,5,1,13.0,3.0,7.0,10.0,180.77
54630,1,1.0,Computer,3,18.0,UPI,Male,3.0,2,Laptop & Accessory,3,Married,10,0,13.0,2.0,2.0,3.0,172.07
54633,0,11.0,Phone,1,7.0,Debit Card,Female,4.0,4,Laptop & Accessory,4,Married,8,0,13.0,5.0,5.0,4.0,189.47
54646,0,1.0,Phone,1,13.0,CC,Female,4.0,5,Phone,3,Married,2,0,13.0,1.0,2.0,4.0,146.87
54660,0,7.0,Phone,3,15.0,E wallet,Male,3.0,4,Laptop & Accessory,3,Married,2,0,13.0,1.0,2.0,3.0,196.04
54661,0,6.0,Phone,1,16.0,Debit Card,Female,4.0,4,Laptop & Accessory,1,Married,3,1,13.0,2.0,2.0,6.0,188.22
54664,0,8.0,Phone,1,7.0,Debit Card,Male,3.0,4,Phone,1,Married,3,0,13.0,2.0,9.0,9.0,151.91
54681,0,22.0,Phone,3,9.0,E wallet,Male,3.0,2,Laptop & Accessory,4,Married,5,0,13.0,1.0,3.0,3.0,206.2
54688,0,6.0,Phone,3,17.0,E wallet,Male,3.0,4,Laptop & Accessory,1,Single,3,0,13.0,2.0,2.0,9.0,178.96
54693,0,21.0,Phone,3,21.0,E wallet,Male,3.0,4,Laptop & Accessory,5,Single,4,0,13.0,2.0,2.0,8.0,174.6
54705,0,21.0,Computer,3,10.0,CC,Female,3.0,4,Grocery,3,Married,11,1,13.0,1.0,12.0,14.0,262.7
54708,1,6.0,Computer,1,26.0,CC,Male,3.0,2,Phone,3,Married,8,1,13.0,1.0,3.0,3.0,152.59
54727,1,11.0,Computer,3,34.0,Debit Card,Female,4.0,2,Laptop & Accessory,3,Single,6,1,13.0,1.0,2.0,4.0,188.97
54733,0,3.0,Phone,1,34.0,CC,Female,4.0,4,Laptop & Accessory,3,Married,6,0,13.0,1.0,2.0,2.0,168.35
54739,0,12.0,Computer,1,9.0,Debit Card,Female,4.0,2,Laptop & Accessory,5,Single,8,1,13.0,1.0,5.0,13.0,184.8
54761,0,6.0,Phone,1,11.0,Debit Card,Female,4.0,5,Laptop & Accessory,3,Married,3,0,13.0,6.0,7.0,9.0,186.62
54778,0,18.0,Phone,1,11.0,CC,Male,3.0,4,Laptop & Accessory,4,Single,11,0,13.0,2.0,3.0,4.0,184.33
54784,0,4.0,Computer,1,12.0,Debit Card,Male,4.0,5,Phone,1,Married,11,0,13.0,1.0,2.0,4.0,162.61
54786,0,19.0,Phone,3,16.0,E wallet,Male,4.0,4,Fashion,5,Married,6,1,13.0,1.0,2.0,3.0,232.61
54787,0,6.0,Phone,1,15.0,CC,Female,4.0,2,Laptop & Accessory,3,Married,7,0,13.0,2.0,2.0,4.0,176.75
54798,0,6.0,Computer,1,7.0,Debit Card,Male,4.0,4,Phone,1,Married,2,0,13.0,2.0,2.0,3.0,148.14
54799,0,1.0,Phone,3,11.0,E wallet,Male,3.0,5,Laptop & Accessory,5,Married,3,0,13.0,2.0,2.0,4.0,167.56
54845,0,14.0,Phone,3,17.0,E wallet,Male,4.0,5,Fashion,4,Married,4,0,13.0,1.0,2.0,3.0,222.05
54846,0,1.0,Computer,3,7.0,CC,Male,3.0,5,Laptop & Accessory,5,Single,3,0,13.0,1.0,2.0,8.0,167.94
54853,0,6.0,Phone,1,10.0,CC,Female,4.0,4,Laptop & Accessory,5,Married,3,0,13.0,2.0,7.0,4.0,192.25
54857,0,19.0,Computer,1,11.0,Debit Card,Male,3.0,4,Laptop & Accessory,4,Married,3,0,13.0,2.0,2.0,9.0,169.47
54887,0,5.0,Computer,1,7.0,Debit Card,Female,4.0,4,Laptop & Accessory,5,Married,3,0,13.0,2.0,2.0,4.0,166.48
54891,0,4.0,Phone,1,15.0,Debit Card,Female,4.0,2,Fashion,5,Married,2,1,13.0,1.0,2.0,8.0,239.16000000000003
54894,0,1.0,Phone,1,9.0,CC,Male,3.0,2,Laptop & Accessory,1,Married,3,0,13.0,2.0,2.0,4.0,179.72
54908,0,12.0,Phone,3,10.0,Debit Card,Male,3.0,4,Laptop & Accessory,1,Single,10,1,13.0,2.0,2.0,1.0,193.61
54912,0,24.0,Computer,3,7.0,Debit Card,Female,4.0,4,Laptop & Accessory,3,Married,2,0,13.0,1.0,2.0,14.0,188.47
54917,0,6.0,Computer,1,36.0,CC,Female,4.0,4,Phone,3,Single,11,0,13.0,7.0,8.0,8.0,165.25
54921,0,27.0,Computer,3,9.0,E wallet,Female,3.0,5,Fashion,4,Married,4,0,13.0,6.0,7.0,13.0,200.25
54940,1,15.0,Phone,1,11.0,Debit Card,Male,3.0,4,Phone,3,Married,11,1,13.0,1.0,3.0,8.0,149.61
54941,1,1.0,Computer,1,31.0,COD,Male,4.0,5,Fashion,5,Single,3,0,13.0,2.0,2.0,3.0,212.22
54979,0,5.0,Computer,3,27.0,Debit Card,Male,4.0,2,Phone,1,Married,2,0,13.0,3.0,3.0,3.0,152.91
54989,1,1.0,Computer,1,15.0,CC,Male,4.0,4,Phone,3,Single,3,0,13.0,2.0,2.0,1.0,144.04
54992,1,1.0,Computer,1,22.0,CC,Male,4.0,4,Phone,3,Married,3,0,13.0,2.0,3.0,3.0,151.1
54999,1,6.0,Computer,3,19.0,Debit Card,Male,3.0,4,Grocery,5,Single,2,1,13.0,1.0,14.0,15.0,262.58
55001,0,9.0,Phone,1,7.0,CC,Male,3.0,5,Phone,3,Married,8,0,13.0,2.0,2.0,8.0,147.58
55011,0,6.0,Computer,3,9.0,Debit Card,Female,4.0,4,Phone,5,Married,3,0,13.0,2.0,2.0,1.0,153.27
55017,0,1.0,Phone,1,6.0,Debit Card,Male,3.0,5,Phone,3,Single,3,0,13.0,1.0,2.0,3.0,155.33
55027,0,14.0,Computer,3,9.0,CC,Male,4.0,4,Laptop & Accessory,4,Married,7,0,13.0,2.0,2.0,1.0,168.27
55029,0,2.0,Phone,1,26.0,CC,Male,4.0,5,Phone,5,Married,3,0,13.0,2.0,4.0,4.0,156.96
55033,0,7.0,Computer,3,32.0,CC,Female,3.0,4,Laptop & Accessory,3,Married,3,0,13.0,1.0,2.0,2.0,170.39
55045,0,14.0,Phone,3,17.0,COD,Female,3.0,5,Laptop & Accessory,4,Married,9,0,13.0,2.0,2.0,4.0,193.52
55056,0,5.0,Phone,1,18.0,CC,Male,4.0,4,Laptop & Accessory,5,Married,3,1,13.0,2.0,2.0,2.0,193.33
55061,0,10.0,Computer,1,10.0,COD,Male,3.0,4,Phone,4,Married,3,0,13.0,1.0,2.0,8.0,161.92
55070,0,1.0,Phone,1,32.0,Debit Card,Female,3.0,2,Phone,1,Single,3,1,13.0,1.0,2.0,2.0,154.94
55078,0,8.0,Phone,3,9.0,E wallet,Female,3.0,4,Laptop & Accessory,5,Single,2,1,13.0,2.0,2.0,3.0,170.38
55080,0,31.0,Phone,1,25.0,CC,Male,4.0,4,Fashion,1,Single,8,0,13.0,4.0,6.0,3.0,230.12
55090,0,2.0,Computer,1,9.0,Debit Card,Male,3.0,5,Phone,1,Married,3,1,13.0,1.0,3.0,3.0,163.67
55099,0,31.0,Phone,1,30.0,Debit Card,Male,3.0,4,Phone,3,Married,3,0,13.0,2.0,3.0,3.0,148.72
55102,0,4.0,Phone,1,13.0,COD,Female,3.0,5,Laptop & Accessory,1,Married,2,0,13.0,6.0,7.0,8.0,171.27
55103,0,10.0,Phone,1,17.0,COD,Female,4.0,4,Fashion,3,Married,5,0,13.0,2.0,2.0,8.0,195.94
55104,0,20.0,Phone,2,8.0,Debit Card,Female,3.0,4,Phone,5,Single,8,0,13.0,3.0,6.0,8.0,159.23
55107,1,4.0,Phone,3,32.0,E wallet,Male,3.0,5,Fashion,4,Single,4,1,13.0,2.0,2.0,3.0,215.94
55114,1,8.0,Phone,1,10.0,Debit Card,Male,3.0,4,Phone,5,Married,6,0,13.0,2.0,2.0,3.0,148.62
55125,0,8.0,Phone,3,22.0,CC,Female,4.0,4,Laptop & Accessory,5,Single,3,0,13.0,5.0,10.0,7.0,186.25
55134,0,9.0,Phone,1,8.0,CC,Female,3.0,5,Laptop & Accessory,1,Married,2,0,13.0,1.0,2.0,1.0,178.63
55137,0,30.0,Phone,1,30.0,Debit Card,Male,4.0,4,Grocery,4,Married,6,1,13.0,14.0,2.0,10.0,259.02
55147,0,13.0,Phone,3,28.0,Debit Card,Male,3.0,5,Laptop & Accessory,1,Married,5,1,13.0,1.0,2.0,5.0,186.2
55159,0,1.0,Phone,1,9.0,CC,Male,3.0,5,Phone,1,Single,2,0,13.0,2.0,2.0,2.0,164.04
55165,0,1.0,Phone,1,14.0,UPI,Male,4.0,2,Phone,5,Single,2,0,13.0,1.0,2.0,8.0,160.78
55168,1,1.0,Computer,1,21.0,UPI,Female,3.0,4,Fashion,1,Single,2,1,13.0,5.0,8.0,8.0,200.53
55173,1,1.0,Computer,3,8.0,Debit Card,Female,3.0,6,Phone,3,Single,3,0,13.0,1.0,2.0,1.0,138.59
55177,1,1.0,Phone,1,15.0,Debit Card,Female,3.0,5,Phone,4,Single,3,0,13.0,1.0,2.0,1.0,137.61
55181,0,21.0,Phone,1,8.0,COD,Male,4.0,4,Phone,1,Married,9,0,13.0,2.0,2.0,3.0,159.2
55182,1,1.0,Phone,3,16.0,Debit Card,Male,4.0,5,Phone,5,Married,5,0,13.0,3.0,3.0,3.0,169.0
55186,0,1.0,Phone,3,11.0,CC,Female,3.0,4,Laptop & Accessory,3,Married,3,1,13.0,2.0,2.0,4.0,166.62
55187,0,6.0,Phone,3,14.0,E wallet,Male,4.0,4,Laptop & Accessory,1,Married,6,0,13.0,1.0,2.0,3.0,217.04
55189,0,15.0,Phone,1,12.0,CC,Male,3.0,2,Phone,3,Married,4,1,13.0,1.0,2.0,4.0,146.27
55204,0,27.0,Phone,1,9.0,CC,Male,3.0,2,Grocery,4,Single,6,0,13.0,1.0,9.0,9.0,290.98
55212,0,18.0,Computer,3,8.0,E wallet,Female,4.0,4,Laptop & Accessory,3,Married,9,0,13.0,1.0,2.0,1.0,172.68
55241,0,20.0,Phone,3,10.0,Debit Card,Female,3.0,4,Grocery,4,Married,10,0,13.0,1.0,6.0,2.0,291.06
55246,1,1.0,Computer,1,10.0,Debit Card,Female,3.0,4,Phone,3,Single,3,0,13.0,3.0,8.0,8.0,165.84
55255,0,14.0,Phone,3,16.0,CC,Male,3.0,4,Laptop & Accessory,5,Married,2,0,13.0,8.0,8.0,2.0,179.73
55256,0,7.0,Phone,1,35.0,Debit Card,Male,4.0,4,Laptop & Accessory,3,Married,3,1,13.0,5.0,6.0,8.0,177.07
55260,0,19.0,Phone,1,8.0,COD,Male,4.0,4,Fashion,4,Married,3,0,13.0,4.0,8.0,8.0,199.41
55262,0,6.0,Phone,1,12.0,Debit Card,Female,4.0,5,Laptop & Accessory,4,Married,5,0,13.0,2.0,3.0,6.0,183.78
55270,0,8.0,Phone,3,36.0,COD,Male,3.0,4,Fashion,4,Married,5,0,13.0,2.0,2.0,3.0,217.5
55271,1,1.0,Phone,1,9.0,Debit Card,Female,4.0,4,Phone,5,Married,3,1,13.0,2.0,2.0,1.0,145.74
55275,0,22.0,Phone,1,22.0,UPI,Female,4.0,4,Phone,5,Married,10,0,13.0,7.0,8.0,7.0,148.67
55281,0,12.0,Phone,3,23.0,Debit Card,Female,3.0,4,Laptop & Accessory,4,Single,4,0,13.0,2.0,2.0,3.0,166.98
55294,0,17.0,Phone,1,34.0,COD,Male,3.0,2,Phone,4,Married,7,0,13.0,2.0,2.0,3.0,173.76
55302,0,4.0,Phone,1,14.0,CC,Male,3.0,5,Phone,4,Married,3,0,13.0,2.0,2.0,2.0,146.41
55306,0,10.0,Phone,1,19.0,Debit Card,Female,4.0,4,Laptop & Accessory,3,Married,11,1,13.0,1.0,2.0,2.0,171.63
55314,1,1.0,Computer,3,10.0,CC,Female,4.0,4,Phone,1,Single,3,1,13.0,2.0,2.0,1.0,140.69
55318,0,9.0,Computer,1,15.0,Debit Card,Female,3.0,4,Laptop & Accessory,3,Married,3,0,13.0,1.0,3.0,10.0,166.48
55334,0,10.0,Phone,1,12.0,Debit Card,Female,3.0,4,Fashion,5,Married,6,0,13.0,2.0,2.0,3.0,205.08
55340,0,8.0,Phone,1,10.0,Debit Card,Female,4.0,4,Laptop & Accessory,4,Married,3,0,13.0,2.0,8.0,10.0,179.33
55366,1,1.0,Phone,1,9.0,Debit Card,Male,4.0,4,Phone,4,Single,3,0,13.0,1.0,2.0,1.0,138.93
55368,0,29.0,Phone,1,29.0,COD,Male,4.0,5,Phone,4,Married,7,0,13.0,2.0,2.0,3.0,160.37
55373,0,8.0,Phone,1,26.0,Debit Card,Female,3.0,5,Phone,1,Married,3,0,13.0,2.0,9.0,8.0,154.29
55379,0,15.0,Phone,3,13.0,E wallet,Male,3.0,4,Fashion,3,Single,3,0,13.0,4.0,9.0,3.0,217.41
55394,0,4.0,Phone,1,23.0,Debit Card,Male,3.0,4,Phone,1,Married,3,0,13.0,1.0,2.0,9.0,153.62
55396,0,20.0,Phone,3,9.0,Debit Card,Male,4.0,4,Fashion,1,Married,6,1,13.0,1.0,2.0,3.0,228.68
55411,0,3.0,Computer,1,8.0,Debit Card,Male,4.0,2,Laptop & Accessory,3,Single,10,1,13.0,2.0,2.0,3.0,187.94
55415,0,23.0,Phone,3,18.0,E wallet,Female,4.0,4,Laptop & Accessory,1,Single,5,0,13.0,1.0,2.0,5.0,170.07
55431,0,8.0,Phone,3,10.0,Debit Card,Female,3.0,6,Laptop & Accessory,1,Single,7,0,13.0,3.0,3.0,3.0,185.29
55440,1,8.0,Computer,1,8.0,CC,Male,4.0,4,Phone,4,Married,3,1,13.0,3.0,3.0,4.0,148.42
55455,0,15.0,Phone,1,12.0,Debit Card,Male,3.0,2,Laptop & Accessory,4,Single,5,0,13.0,1.0,2.0,3.0,193.7
55464,0,21.0,Phone,1,11.0,Debit Card,Female,4.0,5,Fashion,4,Married,10,1,13.0,6.0,15.0,3.0,228.33
55465,0,14.0,Phone,1,19.0,Debit Card,Female,3.0,4,Laptop & Accessory,5,Married,4,0,13.0,2.0,8.0,8.0,169.48
55482,0,21.0,Phone,1,16.0,Debit Card,Female,4.0,4,Phone,3,Single,6,0,13.0,1.0,3.0,1.0,146.05
55487,1,1.0,Phone,3,9.0,E wallet,Male,3.0,5,Laptop & Accessory,4,Single,9,1,13.0,2.0,3.0,3.0,224.07
55488,0,20.0,Phone,3,10.0,COD,Female,3.0,2,Grocery,5,Married,4,0,13.0,3.0,2.0,9.0,257.25
55520,0,8.0,Phone,3,10.0,CC,Female,4.0,5,Laptop & Accessory,1,Married,5,1,13.0,1.0,2.0,2.0,206.03
55521,0,5.0,Phone,1,11.0,CC,Female,4.0,2,Phone,3,Married,10,0,13.0,2.0,3.0,3.0,164.78
55523,0,19.0,Computer,1,8.0,CC,Male,3.0,4,Laptop & Accessory,3,Single,6,0,13.0,1.0,2.0,4.0,178.99
55525,0,2.0,Computer,3,8.0,Debit Card,Male,3.0,5,Laptop & Accessory,1,Married,3,1,13.0,2.0,2.0,8.0,193.34
55539,0,16.0,Phone,3,19.0,E wallet,Male,4.0,4,Laptop & Accessory,1,Married,5,1,13.0,2.0,2.0,1.0,175.87
55540,1,1.0,Computer,2,29.0,UPI,Female,3.0,5,Phone,4,Married,3,0,13.0,2.0,2.0,1.0,153.63
55548,0,3.0,Phone,1,8.0,Debit Card,Male,3.0,4,Laptop & Accessory,5,Married,2,0,13.0,1.0,2.0,3.0,178.73
55551,1,1.0,Phone,1,24.0,COD,Male,3.0,5,Phone,1,Married,7,0,13.0,2.0,2.0,4.0,148.67
55564,0,13.0,Phone,3,22.0,E wallet,Male,4.0,4,Grocery,5,Single,2,0,13.0,5.0,2.0,11.0,258.41
55565,0,16.0,Computer,1,30.0,Debit Card,Male,3.0,5,Laptop & Accessory,3,Single,3,0,13.0,4.0,4.0,8.0,168.32
55568,0,1.0,Phone,1,8.0,Debit Card,Male,3.0,5,Laptop & Accessory,3,Single,3,0,13.0,2.0,2.0,3.0,171.17
55576,0,7.0,Computer,1,8.0,CC,Male,3.0,5,Phone,3,Married,3,0,13.0,1.0,2.0,1.0,145.08
55584,0,1.0,Phone,1,8.0,Debit Card,Male,4.0,4,Phone,3,Single,2,0,13.0,2.0,2.0,3.0,158.75
55591,0,12.0,Phone,1,17.0,CC,Female,4.0,6,Fashion,3,Married,5,0,13.0,1.0,2.0,12.0,257.06
55596,0,18.0,Phone,1,8.0,CC,Male,3.0,4,Phone,1,Single,8,1,13.0,2.0,2.0,3.0,149.36
55613,1,14.0,Computer,3,8.0,Debit Card,Male,4.0,4,Laptop & Accessory,3,Married,9,0,13.0,2.0,2.0,2.0,192.28
55619,0,9.0,Phone,1,8.0,Debit Card,Female,4.0,6,Phone,1,Married,3,0,13.0,2.0,2.0,2.0,154.77
55630,0,8.0,Phone,1,15.0,CC,Male,3.0,2,Laptop & Accessory,3,Married,4,0,13.0,2.0,2.0,3.0,169.04
50010,1,9.0,Phone,1,31.0,Debit Card,Male,2.0,5,Phone,3,Single,2,0,12.0,1.0,1.0,1.0,122.93
50022,1,20.0,Phone,1,29.0,CC,Female,3.0,3,Fashion,2,Divorced,2,0,12.0,11.0,15.0,6.0,203.12
50042,0,14.0,Phone,1,14.0,Debit Card,Male,2.0,3,Phone,3,Married,5,0,12.0,1.0,1.0,8.0,124.50999999999999
50043,0,3.0,Phone,3,11.0,Debit Card,Female,2.0,3,Fashion,2,Divorced,3,0,12.0,2.0,7.0,4.0,194.19
50048,0,9.0,Computer,1,9.0,CC,Male,1.0,3,Phone,4,Single,5,0,12.0,4.0,7.0,2.0,120.88
50055,0,9.0,Phone,1,15.0,Debit Card,Female,3.0,3,Phone,2,Single,2,0,12.0,1.0,2.0,1.0,122.88
50071,0,10.0,Phone,1,27.0,Debit Card,Male,3.0,2,Phone,5,Divorced,2,1,12.0,0.0,1.0,7.0,135.64
50094,0,18.0,Computer,3,12.0,CC,Female,2.0,4,Fashion,2,Single,7,0,12.0,12.0,12.0,8.0,188.65
50099,0,11.0,Phone,3,9.0,Debit Card,Male,3.0,3,Fashion,3,Married,1,0,12.0,1.0,5.0,13.0,206.08999999999997
50100,0,4.0,Computer,1,6.0,CC,Male,2.0,5,Laptop & Accessory,3,Divorced,1,0,12.0,1.0,1.0,4.0,143.45
50121,0,4.0,Computer,1,9.0,CC,Male,3.0,3,Fashion,3,Married,10,0,12.0,1.0,2.0,2.0,236.75
50131,0,0.0,Phone,1,6.0,Debit Card,Female,3.0,3,Laptop & Accessory,3,Divorced,1,0,12.0,1.0,1.0,2.0,148.98
50139,0,19.0,Phone,3,8.0,COD,Female,3.0,5,Grocery,4,Divorced,4,1,12.0,1.0,7.0,7.0,268.72
50143,0,0.0,Computer,1,11.0,Debit Card,Male,2.0,2,Laptop & Accessory,5,Married,2,0,12.0,1.0,1.0,5.0,140.0
50147,1,10.0,Computer,1,35.0,Debit Card,Male,2.0,3,Fashion,4,Divorced,2,1,12.0,5.0,9.0,3.0,218.49
50161,0,9.0,Phone,1,6.0,Debit Card,Female,2.0,3,Phone,2,Single,2,0,12.0,1.0,5.0,7.0,121.15
50167,0,9.0,Phone,1,9.0,COD,Male,1.0,3,Laptop & Accessory,4,Single,5,0,12.0,6.0,7.0,7.0,144.85
50169,1,0.0,Phone,3,10.0,E wallet,Male,2.0,4,Laptop & Accessory,2,Single,2,1,12.0,7.0,7.0,4.0,158.28
50170,0,10.0,Computer,1,14.0,CC,Male,2.0,3,Phone,2,Divorced,2,1,12.0,0.0,1.0,2.0,123.25999999999999
50177,0,0.0,Phone,3,16.0,CC,Female,3.0,4,Phone,3,Single,2,0,12.0,1.0,1.0,0.0,112.0
50185,0,4.0,Phone,1,11.0,COD,Male,2.0,3,Phone,2,Divorced,1,1,12.0,0.0,1.0,3.0,148.21
50186,0,4.0,Phone,2,8.0,UPI,Male,3.0,4,Laptop & Accessory,5,Divorced,4,0,12.0,0.0,1.0,0.0,164.1
50192,0,22.0,Phone,1,6.0,COD,Female,2.0,4,Grocery,3,Single,8,1,12.0,1.0,2.0,7.0,239.64
50194,0,0.0,Phone,1,14.0,Debit Card,Female,2.0,3,Phone,4,Single,2,1,12.0,0.0,1.0,2.0,124.78
50197,0,4.0,Phone,3,13.0,E wallet,Male,3.0,3,Laptop & Accessory,2,Married,5,0,12.0,0.0,1.0,7.0,175.47
50208,0,27.0,Computer,1,26.0,Debit Card,Female,2.0,3,Laptop & Accessory,3,Single,4,0,12.0,1.0,1.0,3.0,148.69
50221,0,0.0,Phone,1,32.0,Debit Card,Male,3.0,3,Phone,2,Married,2,0,12.0,1.0,1.0,2.0,129.04
50230,0,3.0,Computer,3,31.0,COD,Female,2.0,3,Laptop & Accessory,3,Divorced,8,1,12.0,1.0,2.0,2.0,147.36
50244,1,3.0,Phone,3,28.0,E wallet,Male,3.0,4,Laptop & Accessory,3,Divorced,3,1,12.0,1.0,1.0,0.0,163.8
50256,0,0.0,Phone,3,16.0,E wallet,Female,3.0,3,Laptop & Accessory,3,Married,2,1,12.0,0.0,1.0,3.0,142.6
50262,0,10.0,Phone,1,20.0,Debit Card,Female,3.0,3,Phone,5,Married,2,0,12.0,3.0,12.0,17.0,130.34
50263,0,13.0,Phone,3,8.0,E wallet,Female,2.0,3,Laptop & Accessory,4,Married,8,0,12.0,0.0,1.0,3.0,157.15
50265,0,10.0,Phone,1,16.0,Debit Card,Male,2.0,3,Laptop & Accessory,4,Single,3,1,12.0,0.0,1.0,1.0,141.97
50270,0,4.0,Phone,1,13.0,CC,Female,2.0,3,Laptop & Accessory,5,Divorced,2,0,12.0,3.0,3.0,12.0,143.06
50275,0,9.0,Phone,1,6.0,Debit Card,Male,3.0,4,Phone,5,Divorced,2,0,12.0,0.0,3.0,2.0,122.18
50280,0,1.0,Phone,1,23.0,CC,Male,3.0,3,Laptop & Accessory,5,Married,2,0,12.0,0.0,1.0,8.0,145.58
50298,1,0.0,Phone,2,14.0,COD,Male,2.0,4,Phone,2,Single,2,0,12.0,1.0,1.0,0.0,125.63999999999999
50300,0,30.0,Phone,3,35.0,E wallet,Male,2.0,4,Grocery,2,Married,4,0,12.0,0.0,2.0,0.0,241.18
50308,0,7.0,Phone,1,8.0,Debit Card,Male,3.0,4,Phone,3,Married,4,0,12.0,5.0,5.0,7.0,127.68
50311,1,0.0,Phone,1,21.0,CC,Male,2.0,3,Fashion,3,Divorced,8,1,12.0,0.0,2.0,7.0,236.10000000000002
50314,0,8.0,Phone,1,22.0,Debit Card,Male,3.0,3,Fashion,3,Divorced,5,1,12.0,0.0,1.0,0.0,176.32
50315,1,0.0,Computer,1,26.0,Debit Card,Male,3.0,3,Fashion,3,Divorced,4,0,12.0,1.0,1.0,0.0,198.24
50330,0,2.0,Phone,1,25.0,COD,Male,2.0,3,Laptop & Accessory,2,Married,5,0,12.0,0.0,1.0,2.0,142.62
50336,0,0.0,Phone,3,35.0,CC,Male,2.0,3,Laptop & Accessory,3,Married,6,0,12.0,1.0,1.0,0.0,143.06
50338,0,7.0,Phone,3,27.0,Debit Card,Male,3.0,2,Laptop & Accessory,2,Single,2,0,12.0,5.0,5.0,7.0,153.37
50344,0,25.0,Phone,1,12.0,COD,Male,3.0,3,Laptop & Accessory,5,Married,4,1,12.0,2.0,6.0,9.0,155.77
50345,1,0.0,Computer,3,17.0,UPI,Male,2.0,2,Laptop & Accessory,3,Divorced,9,0,12.0,1.0,1.0,2.0,147.07
50348,0,10.0,Phone,1,6.0,Debit Card,Female,3.0,3,Laptop & Accessory,4,Divorced,7,0,12.0,3.0,4.0,3.0,164.47
50361,0,9.0,Phone,1,12.0,CC,Female,3.0,4,Phone,3,Married,1,0,12.0,1.0,1.0,3.0,121.87
50375,0,6.0,Phone,3,14.0,E wallet,Male,2.0,3,Laptop & Accessory,3,Married,1,0,12.0,1.0,1.0,2.0,171.04
50376,0,5.0,Phone,1,15.0,Debit Card,Female,3.0,3,Laptop & Accessory,2,Divorced,2,1,12.0,1.0,1.0,5.0,163.22
50379,0,7.0,Phone,1,6.0,Debit Card,Male,3.0,3,Phone,2,Divorced,2,0,12.0,6.0,8.0,8.0,126.91
50396,0,21.0,Phone,3,8.0,E wallet,Male,2.0,2,Laptop & Accessory,4,Divorced,4,0,12.0,2.0,2.0,2.0,181.2
50403,0,5.0,Phone,3,16.0,E wallet,Male,2.0,3,Laptop & Accessory,2,Single,2,0,12.0,0.0,1.0,8.0,153.96
50408,0,20.0,Phone,3,20.0,E wallet,Male,2.0,3,Laptop & Accessory,5,Single,3,0,12.0,0.0,1.0,7.0,149.6
50414,0,14.0,Phone,2,6.0,UPI,Male,2.0,4,Others,3,Divorced,2,0,12.0,1.0,2.0,10.0,291.89
50420,0,20.0,Computer,3,9.0,CC,Female,2.0,3,Grocery,3,Married,10,1,12.0,7.0,2.0,13.0,237.7
50423,1,5.0,Computer,1,25.0,CC,Male,3.0,2,Phone,3,Married,7,1,12.0,2.0,2.0,2.0,127.59
50442,1,10.0,Computer,3,33.0,Debit Card,Female,3.0,1,Laptop & Accessory,3,Single,5,1,12.0,1.0,1.0,3.0,163.97
50448,0,2.0,Phone,1,33.0,CC,Female,3.0,3,Laptop & Accessory,3,Divorced,5,0,12.0,1.0,1.0,1.0,143.35
50454,0,11.0,Computer,1,8.0,Debit Card,Female,3.0,1,Laptop & Accessory,5,Single,7,1,12.0,4.0,4.0,12.0,159.8
50476,0,5.0,Phone,1,10.0,Debit Card,Female,3.0,4,Laptop & Accessory,3,Divorced,2,0,12.0,1.0,6.0,8.0,161.62
50493,0,17.0,Phone,1,10.0,CC,Male,2.0,3,Laptop & Accessory,4,Single,10,0,12.0,1.0,2.0,3.0,159.33
50499,0,3.0,Computer,1,11.0,Debit Card,Male,3.0,4,Phone,2,Married,10,0,12.0,0.0,1.0,3.0,137.61
50501,0,18.0,Phone,3,15.0,E wallet,Male,3.0,3,Fashion,5,Married,5,1,12.0,1.0,1.0,2.0,207.61
50502,0,5.0,Phone,1,14.0,CC,Female,3.0,1,Laptop & Accessory,3,Divorced,6,0,12.0,1.0,1.0,3.0,151.75
50513,0,5.0,Computer,1,6.0,Debit Card,Male,3.0,3,Phone,2,Married,1,0,12.0,0.0,1.0,2.0,123.13999999999999
50514,0,0.0,Phone,3,10.0,E wallet,Male,2.0,4,Laptop & Accessory,5,Divorced,2,0,12.0,1.0,1.0,3.0,142.56
50560,0,13.0,Phone,3,16.0,E wallet,Male,3.0,4,Fashion,4,Married,3,0,12.0,1.0,1.0,0.0,197.05
50561,0,0.0,Computer,3,6.0,CC,Male,2.0,4,Laptop & Accessory,5,Single,2,0,12.0,1.0,1.0,7.0,142.94
50568,0,5.0,Phone,1,9.0,CC,Female,3.0,3,Laptop & Accessory,5,Divorced,2,0,12.0,6.0,6.0,3.0,167.25
50572,0,18.0,Computer,1,10.0,Debit Card,Male,2.0,3,Laptop & Accessory,4,Divorced,2,0,12.0,1.0,1.0,8.0,144.47
50602,0,4.0,Computer,1,6.0,Debit Card,Female,3.0,3,Laptop & Accessory,5,Divorced,2,0,12.0,1.0,1.0,3.0,141.48
50606,0,3.0,Phone,1,14.0,Debit Card,Female,3.0,1,Fashion,5,Divorced,1,1,12.0,0.0,1.0,3.0,214.16000000000003
50609,0,0.0,Phone,1,8.0,CC,Male,2.0,1,Laptop & Accessory,2,Divorced,2,0,12.0,1.0,1.0,3.0,154.72
50623,0,11.0,Phone,3,9.0,Debit Card,Male,2.0,3,Laptop & Accessory,2,Single,9,1,12.0,1.0,1.0,0.0,168.61
50627,0,23.0,Computer,3,6.0,Debit Card,Female,3.0,3,Laptop & Accessory,3,Divorced,1,0,12.0,1.0,1.0,13.0,163.47
50632,0,5.0,Computer,1,35.0,CC,Female,3.0,3,Phone,3,Single,10,0,12.0,5.0,7.0,7.0,140.25
50636,0,26.0,Computer,3,8.0,E wallet,Female,2.0,4,Fashion,4,Divorced,3,0,12.0,0.0,6.0,12.0,175.25
50655,1,14.0,Phone,1,14.0,Debit Card,Male,2.0,3,Phone,3,Divorced,10,1,12.0,1.0,2.0,7.0,124.61000000000001
50656,1,0.0,Computer,1,30.0,COD,Male,3.0,4,Fashion,5,Single,2,0,12.0,0.0,1.0,9.0,187.22
50686,0,19.0,Phone,3,9.0,E wallet,Male,2.0,3,Grocery,3,Divorced,4,0,12.0,1.0,4.0,9.0,274.65
50694,0,4.0,Computer,3,26.0,Debit Card,Male,3.0,1,Phone,2,Divorced,1,0,12.0,1.0,2.0,2.0,127.91
50704,1,9.0,Computer,1,14.0,CC,Male,3.0,3,Phone,3,Single,2,0,12.0,0.0,1.0,0.0,119.03999999999999
50707,1,0.0,Computer,1,14.0,CC,Male,3.0,3,Phone,3,Divorced,2,0,12.0,2.0,2.0,2.0,126.1
50714,1,5.0,Computer,3,18.0,Debit Card,Male,2.0,3,Grocery,5,Single,1,1,12.0,7.0,2.0,14.0,237.57999999999998
50716,0,9.0,Phone,1,6.0,CC,Male,2.0,4,Phone,3,Divorced,7,0,12.0,1.0,1.0,7.0,122.58000000000001
50726,0,5.0,Computer,3,8.0,Debit Card,Female,3.0,3,Phone,5,Married,2,0,12.0,0.0,1.0,0.0,128.27
50732,0,0.0,Phone,1,9.0,Debit Card,Male,3.0,4,Phone,3,Single,2,0,12.0,0.0,1.0,2.0,130.33
50742,0,13.0,Computer,3,8.0,CC,Male,3.0,3,Laptop & Accessory,4,Divorced,6,0,12.0,1.0,1.0,0.0,143.27
50744,0,1.0,Phone,1,25.0,CC,Male,3.0,4,Phone,5,Divorced,2,0,12.0,1.0,3.0,3.0,131.96
50748,0,6.0,Computer,3,31.0,CC,Female,2.0,3,Laptop & Accessory,3,Divorced,2,0,12.0,0.0,1.0,1.0,145.39
50760,0,13.0,Phone,3,16.0,COD,Female,2.0,4,Laptop & Accessory,4,Married,8,0,12.0,1.0,1.0,3.0,168.52
50771,0,4.0,Phone,1,17.0,CC,Male,3.0,3,Laptop & Accessory,5,Divorced,2,1,12.0,0.0,1.0,1.0,168.33
50776,0,9.0,Computer,1,9.0,COD,Male,2.0,3,Phone,4,Divorced,2,0,12.0,1.0,1.0,7.0,136.92
50780,0,21.0,Phone,1,6.0,Debit Card,Male,3.0,4,Others,2,Single,7,0,12.0,1.0,1.0,0.0,282.65
50785,0,0.0,Phone,1,31.0,Debit Card,Female,3.0,1,Phone,2,Single,2,1,12.0,1.0,1.0,1.0,129.94
50793,0,7.0,Phone,3,8.0,E wallet,Female,2.0,3,Laptop & Accessory,5,Single,1,1,12.0,1.0,1.0,2.0,145.38
50795,0,30.0,Phone,1,24.0,CC,Male,3.0,3,Fashion,2,Single,7,0,12.0,1.0,5.0,4.0,205.12
50805,0,1.0,Computer,1,8.0,Debit Card,Male,2.0,4,Phone,2,Divorced,2,1,12.0,2.0,2.0,2.0,138.67
50814,0,30.0,Phone,1,14.0,Debit Card,Male,2.0,3,Phone,3,Married,2,0,12.0,2.0,2.0,2.0,123.72
50817,0,3.0,Phone,1,12.0,COD,Female,2.0,4,Laptop & Accessory,2,Divorced,1,0,12.0,5.0,6.0,7.0,146.27
50818,0,9.0,Phone,1,16.0,COD,Female,3.0,3,Fashion,3,Divorced,4,0,12.0,0.0,1.0,7.0,170.94
50819,0,19.0,Phone,2,6.0,Debit Card,Female,2.0,3,Phone,5,Single,7,0,12.0,3.0,5.0,7.0,134.23
50822,1,3.0,Phone,3,31.0,E wallet,Male,2.0,4,Fashion,4,Single,3,1,12.0,0.0,1.0,0.0,190.94
50829,1,7.0,Phone,1,14.0,Debit Card,Male,2.0,3,Phone,5,Divorced,5,0,12.0,1.0,1.0,2.0,123.62
50840,0,7.0,Phone,3,21.0,CC,Female,3.0,3,Laptop & Accessory,5,Single,2,0,12.0,1.0,9.0,6.0,161.25
50849,0,8.0,Phone,1,6.0,CC,Female,2.0,4,Laptop & Accessory,2,Divorced,1,0,12.0,1.0,1.0,0.0,153.63
50852,0,29.0,Phone,1,29.0,Debit Card,Male,3.0,3,Grocery,4,Divorced,5,1,12.0,11.0,2.0,9.0,234.01999999999998
50862,0,12.0,Phone,3,27.0,Debit Card,Male,2.0,4,Laptop & Accessory,2,Divorced,4,1,12.0,0.0,1.0,4.0,161.2
50874,0,0.0,Phone,1,8.0,CC,Male,2.0,4,Phone,2,Single,1,0,12.0,0.0,1.0,1.0,139.04
50880,0,0.0,Phone,1,13.0,UPI,Male,3.0,1,Phone,5,Single,1,0,12.0,1.0,1.0,7.0,135.78
50883,1,0.0,Computer,1,20.0,UPI,Female,2.0,3,Fashion,2,Single,1,1,12.0,2.0,7.0,7.0,175.53
50888,1,9.0,Computer,3,6.0,Debit Card,Female,2.0,5,Phone,3,Single,2,0,12.0,1.0,1.0,0.0,113.59
50892,1,9.0,Phone,1,14.0,Debit Card,Female,2.0,4,Phone,4,Single,2,0,12.0,0.0,1.0,0.0,112.61000000000001
50896,0,20.0,Phone,1,6.0,COD,Male,3.0,3,Phone,2,Divorced,8,0,12.0,1.0,1.0,2.0,134.2
50897,1,0.0,Phone,3,15.0,Debit Card,Male,3.0,4,Phone,5,Divorced,4,0,12.0,1.0,2.0,2.0,144.0
50901,0,0.0,Phone,3,10.0,CC,Female,2.0,3,Laptop & Accessory,3,Divorced,2,1,12.0,1.0,1.0,3.0,141.62
50902,0,5.0,Phone,3,13.0,E wallet,Male,3.0,3,Laptop & Accessory,2,Divorced,5,0,12.0,1.0,1.0,3.0,192.04
50904,0,9.0,Phone,1,11.0,CC,Male,2.0,1,Phone,3,Divorced,3,1,12.0,1.0,1.0,3.0,121.27000000000001
50919,0,26.0,Phone,1,8.0,CC,Male,2.0,1,Grocery,4,Single,5,0,12.0,1.0,8.0,8.0,265.98
50927,0,17.0,Computer,3,6.0,E wallet,Female,3.0,3,Laptop & Accessory,3,Divorced,8,0,12.0,1.0,1.0,0.0,147.68
50956,0,19.0,Phone,3,9.0,Debit Card,Female,2.0,3,Grocery,4,Divorced,9,0,12.0,1.0,5.0,1.0,266.06
50961,1,0.0,Computer,1,9.0,Debit Card,Female,2.0,3,Phone,3,Single,2,0,12.0,6.0,7.0,7.0,140.84
50970,0,13.0,Phone,3,15.0,CC,Male,2.0,3,Laptop & Accessory,5,Married,1,0,12.0,2.0,7.0,1.0,154.73
50971,0,6.0,Phone,1,34.0,Debit Card,Male,3.0,3,Laptop & Accessory,3,Married,2,1,12.0,1.0,5.0,7.0,152.07
50975,0,18.0,Phone,1,6.0,COD,Male,3.0,3,Fashion,4,Married,2,0,12.0,6.0,7.0,7.0,174.41
50977,0,5.0,Phone,1,11.0,Debit Card,Female,3.0,4,Laptop & Accessory,4,Married,4,0,12.0,1.0,2.0,5.0,158.78
50985,0,3.0,Phone,3,35.0,COD,Male,2.0,3,Fashion,4,Married,4,0,12.0,0.0,1.0,3.0,192.5
50986,1,9.0,Phone,1,8.0,Debit Card,Female,3.0,3,Phone,5,Married,2,1,12.0,1.0,1.0,0.0,120.74000000000001
50990,0,21.0,Phone,1,14.0,UPI,Female,3.0,3,Phone,5,Married,9,0,12.0,7.0,7.0,6.0,123.66999999999999
50996,0,11.0,Phone,3,22.0,Debit Card,Female,2.0,3,Laptop & Accessory,4,Single,3,0,12.0,0.0,1.0,2.0,141.98
51009,0,16.0,Phone,1,33.0,COD,Male,2.0,1,Phone,4,Married,6,0,12.0,1.0,1.0,2.0,148.76
51017,0,9.0,Phone,1,13.0,CC,Male,2.0,4,Phone,4,Married,2,0,12.0,0.0,1.0,1.0,121.41
51021,0,9.0,Phone,1,18.0,Debit Card,Female,3.0,3,Laptop & Accessory,3,Married,10,1,12.0,0.0,1.0,1.0,146.63
51029,1,9.0,Computer,3,9.0,CC,Female,3.0,3,Phone,1,Single,2,1,12.0,0.0,1.0,0.0,115.69
51033,0,8.0,Computer,1,14.0,Debit Card,Female,2.0,3,Laptop & Accessory,3,Married,2,0,12.0,2.0,2.0,9.0,141.48
51049,0,9.0,Phone,1,11.0,Debit Card,Female,2.0,3,Fashion,5,Married,5,0,12.0,1.0,1.0,2.0,180.08
51055,0,7.0,Phone,1,9.0,Debit Card,Female,3.0,3,Laptop & Accessory,4,Married,2,0,12.0,7.0,7.0,9.0,154.33
51081,1,9.0,Phone,1,8.0,Debit Card,Male,3.0,3,Phone,4,Single,2,0,12.0,1.0,1.0,0.0,113.93
51083,0,28.0,Phone,1,28.0,COD,Male,3.0,4,Phone,4,Married,6,0,12.0,1.0,1.0,2.0,135.37
51088,0,7.0,Phone,1,25.0,Debit Card,Female,3.0,4,Phone,1,Married,2,0,12.0,3.0,8.0,7.0,129.29
51094,0,14.0,Phone,3,12.0,E wallet,Male,2.0,3,Fashion,3,Single,2,0,12.0,6.0,8.0,7.0,192.41
51109,0,3.0,Phone,1,22.0,Debit Card,Male,3.0,3,Phone,1,Married,2,0,12.0,0.0,1.0,8.0,128.62
51111,0,19.0,Phone,3,8.0,Debit Card,Male,3.0,3,Fashion,1,Married,5,1,12.0,0.0,1.0,3.0,203.68
51126,0,2.0,Computer,1,6.0,Debit Card,Male,3.0,1,Laptop & Accessory,3,Single,9,1,12.0,0.0,1.0,2.0,162.94
51130,0,22.0,Phone,3,17.0,E wallet,Female,3.0,3,Laptop & Accessory,1,Single,4,0,12.0,0.0,1.0,4.0,145.07
51140,0,28.0,Phone,1,8.0,CC,Male,2.0,4,Others,5,Married,9,0,12.0,1.0,1.0,0.0,290.38
51146,0,7.0,Phone,3,9.0,Debit Card,Female,2.0,5,Laptop & Accessory,1,Single,6,0,12.0,1.0,2.0,2.0,160.29
51155,1,7.0,Computer,1,14.0,CC,Male,2.0,3,Phone,4,Married,2,1,12.0,1.0,2.0,3.0,123.41999999999999
51170,0,14.0,Phone,1,11.0,Debit Card,Male,2.0,1,Laptop & Accessory,4,Single,4,0,12.0,1.0,1.0,2.0,168.7
51179,0,20.0,Phone,1,10.0,Debit Card,Female,3.0,4,Fashion,4,Married,9,1,12.0,2.0,14.0,10.0,203.33
51180,0,13.0,Phone,1,18.0,Debit Card,Female,2.0,3,Laptop & Accessory,5,Married,3,0,12.0,7.0,7.0,7.0,144.48
51197,0,9.0,Phone,1,15.0,Debit Card,Female,3.0,3,Phone,3,Single,5,0,12.0,1.0,2.0,0.0,121.05000000000001
51202,1,0.0,Phone,3,8.0,E wallet,Male,2.0,4,Laptop & Accessory,4,Single,8,1,12.0,2.0,2.0,2.0,199.07
51203,0,19.0,Phone,3,9.0,COD,Female,2.0,1,Grocery,5,Married,3,0,12.0,1.0,2.0,8.0,232.25
51235,0,7.0,Phone,3,9.0,CC,Female,3.0,4,Laptop & Accessory,1,Married,4,1,12.0,0.0,1.0,1.0,181.03
51236,0,4.0,Phone,1,10.0,CC,Female,3.0,1,Phone,3,Married,9,0,12.0,2.0,2.0,2.0,139.78
51238,0,18.0,Computer,1,6.0,CC,Male,2.0,3,Laptop & Accessory,3,Single,5,0,12.0,1.0,1.0,3.0,153.99
51240,0,1.0,Computer,3,6.0,Debit Card,Male,2.0,4,Laptop & Accessory,1,Married,2,1,12.0,0.0,1.0,7.0,168.34
51254,0,15.0,Phone,3,18.0,E wallet,Male,3.0,3,Laptop & Accessory,1,Married,4,1,12.0,0.0,1.0,0.0,150.87
51255,1,0.0,Computer,2,28.0,UPI,Female,3.0,4,Phone,4,Married,2,0,12.0,1.0,1.0,0.0,128.63
51263,0,2.0,Phone,1,6.0,Debit Card,Male,2.0,3,Laptop & Accessory,5,Married,1,0,12.0,1.0,1.0,2.0,153.73
51266,1,0.0,Phone,1,14.0,COD,Male,2.0,4,Phone,1,Married,6,0,12.0,0.0,1.0,3.0,123.66999999999999
51279,0,12.0,Phone,3,21.0,E wallet,Male,3.0,3,Grocery,5,Single,1,0,12.0,4.0,2.0,10.0,233.41000000000003
51280,0,15.0,Computer,1,29.0,Debit Card,Male,2.0,4,Laptop & Accessory,3,Single,2,0,12.0,2.0,3.0,7.0,143.32
51283,0,0.0,Phone,1,6.0,Debit Card,Male,2.0,4,Laptop & Accessory,3,Single,2,0,12.0,1.0,1.0,2.0,146.17
51291,0,9.0,Computer,1,6.0,CC,Male,2.0,4,Phone,3,Married,2,0,12.0,0.0,1.0,0.0,120.08000000000001
51299,0,0.0,Phone,1,6.0,Debit Card,Male,3.0,3,Phone,3,Single,1,0,12.0,0.0,1.0,2.0,133.75
51306,0,11.0,Phone,1,16.0,CC,Female,2.0,5,Fashion,3,Married,4,0,12.0,1.0,2.0,11.0,232.06
51311,0,17.0,Phone,1,14.0,CC,Male,2.0,3,Phone,1,Single,7,1,12.0,0.0,1.0,2.0,124.36000000000001
51328,1,13.0,Computer,3,6.0,Debit Card,Male,3.0,3,Laptop & Accessory,3,Married,8,0,12.0,1.0,1.0,1.0,167.28
51334,0,8.0,Phone,1,6.0,Debit Card,Female,3.0,5,Phone,1,Married,2,0,12.0,0.0,1.0,1.0,129.77
51345,0,7.0,Phone,1,14.0,CC,Male,2.0,1,Laptop & Accessory,3,Married,3,0,12.0,0.0,1.0,2.0,144.04
51350,0,0.0,Phone,1,8.0,CC,Male,2.0,3,Phone,4,Married,10,0,12.0,1.0,2.0,2.0,134.68
51357,0,2.0,Phone,1,21.0,Debit Card,Female,2.0,4,Laptop & Accessory,3,Single,1,1,12.0,1.0,1.0,8.0,141.93
51362,0,5.0,Phone,1,11.0,Debit Card,Male,3.0,1,Phone,4,Married,1,1,12.0,1.0,1.0,5.0,132.98
51375,0,19.0,Phone,3,8.0,E wallet,Female,2.0,3,Others,5,Single,4,0,12.0,1.0,2.0,1.0,289.47
51381,0,16.0,Phone,1,14.0,CC,Female,3.0,1,Phone,3,Married,2,0,12.0,1.0,1.0,4.0,126.44999999999999
51386,0,9.0,Phone,1,10.0,UPI,Male,3.0,3,Phone,1,Married,2,0,12.0,1.0,1.0,0.0,119.50999999999999
51388,1,9.0,Phone,1,31.0,Debit Card,Male,2.0,5,Phone,3,Single,2,0,12.0,0.0,1.0,1.0,122.93
51401,0,6.0,Computer,1,29.0,Debit Card,Female,3.0,3,Fashion,1,Single,2,1,12.0,3.0,2.0,12.0,234.57999999999998
51408,0,23.0,Phone,1,13.0,CC,Female,2.0,4,Others,3,Married,6,1,12.0,1.0,13.0,8.0,287.4
51420,0,9.0,Phone,1,12.0,Debit Card,Female,3.0,1,Phone,1,Married,4,0,12.0,0.0,1.0,0.0,130.38
51426,0,3.0,Phone,1,6.0,Debit Card,Male,2.0,4,Laptop & Accessory,1,Married,2,1,12.0,1.0,3.0,0.0,151.26
51429,0,11.0,Computer,1,12.0,CC,Female,3.0,5,Laptop & Accessory,1,Married,8,1,12.0,0.0,1.0,9.0,153.29
51438,0,3.0,Phone,3,10.0,CC,Female,3.0,4,Laptop & Accessory,4,Married,2,1,12.0,2.0,2.0,7.0,152.09
51441,0,27.0,Phone,1,8.0,COD,Female,2.0,3,Fashion,3,Married,10,0,12.0,0.0,2.0,3.0,235.49
51445,0,9.0,Computer,1,29.0,CC,Male,3.0,3,Laptop & Accessory,4,Married,5,0,12.0,0.0,1.0,2.0,120.41999999999999
51458,0,27.0,Computer,2,32.0,UPI,Female,1.0,1,Grocery,1,Single,3,1,12.0,1.0,4.0,4.0,273.28
51459,0,0.0,Phone,1,24.0,Debit Card,Male,3.0,3,Phone,3,Married,1,0,12.0,0.0,1.0,2.0,127.74000000000001
51461,0,10.0,Phone,3,9.0,Debit Card,Male,2.0,3,Fashion,1,Single,3,0,12.0,0.0,1.0,3.0,174.28
51462,0,7.0,Phone,1,11.0,CC,Female,2.0,4,Fashion,5,Single,3,0,12.0,2.0,5.0,3.0,216.31
51465,0,16.0,Computer,3,32.0,Debit Card,Male,3.0,3,Grocery,1,Married,2,1,12.0,1.0,4.0,12.0,269.59
51472,1,20.0,Phone,1,29.0,CC,Female,3.0,3,Fashion,1,Married,2,0,12.0,7.0,15.0,6.0,203.12
51476,0,16.0,Computer,1,34.0,CC,Female,3.0,1,Phone,3,Single,5,0,12.0,0.0,1.0,2.0,147.39
51512,0,14.0,Phone,1,14.0,Debit Card,Male,2.0,3,Phone,3,Married,5,0,12.0,1.0,1.0,8.0,124.50999999999999
51513,0,3.0,Phone,3,11.0,Debit Card,Female,2.0,3,Fashion,1,Married,3,0,12.0,1.0,7.0,4.0,194.19
51518,0,9.0,Computer,1,9.0,CC,Male,1.0,3,Phone,4,Single,5,0,12.0,2.0,7.0,2.0,120.88
51525,0,9.0,Phone,1,15.0,Debit Card,Female,3.0,3,Phone,1,Single,2,0,12.0,1.0,2.0,1.0,122.88
51541,0,10.0,Phone,1,27.0,Debit Card,Male,3.0,1,Phone,5,Married,2,1,12.0,1.0,1.0,7.0,135.64
51564,0,18.0,Computer,3,12.0,CC,Female,2.0,4,Fashion,1,Single,7,0,12.0,5.0,12.0,8.0,188.65
51569,0,11.0,Phone,3,9.0,Debit Card,Male,3.0,3,Fashion,3,Married,1,0,12.0,1.0,5.0,13.0,206.08999999999997
51570,0,4.0,Computer,1,6.0,CC,Male,2.0,5,Laptop & Accessory,3,Married,1,0,12.0,0.0,1.0,4.0,143.45
51591,0,4.0,Computer,1,9.0,CC,Male,3.0,3,Fashion,3,Married,10,0,12.0,2.0,2.0,2.0,236.75
51601,0,0.0,Phone,1,6.0,Debit Card,Female,3.0,3,Laptop & Accessory,3,Married,1,0,12.0,1.0,1.0,2.0,148.98
51609,0,19.0,Phone,3,8.0,COD,Female,3.0,5,Grocery,4,Married,4,1,12.0,1.0,7.0,7.0,268.72
51613,0,0.0,Computer,1,11.0,Debit Card,Male,2.0,1,Laptop & Accessory,5,Married,2,0,12.0,1.0,1.0,5.0,140.0
51617,1,10.0,Computer,1,35.0,Debit Card,Male,2.0,3,Fashion,4,Married,2,1,12.0,4.0,9.0,3.0,218.49
51631,0,9.0,Phone,1,6.0,Debit Card,Female,2.0,3,Phone,1,Single,2,0,12.0,1.0,5.0,7.0,121.15
51637,0,9.0,Phone,1,9.0,COD,Male,1.0,3,Laptop & Accessory,4,Single,5,0,12.0,2.0,7.0,7.0,144.85
51639,1,0.0,Phone,3,10.0,E wallet,Male,2.0,4,Laptop & Accessory,1,Single,2,1,12.0,4.0,7.0,4.0,158.28
51640,0,10.0,Computer,1,14.0,CC,Male,2.0,3,Phone,1,Married,2,1,12.0,0.0,1.0,2.0,123.25999999999999
51647,0,9.0,Phone,3,16.0,CC,Female,3.0,4,Phone,3,Single,2,0,12.0,0.0,1.0,0.0,112.0
51655,0,4.0,Phone,1,11.0,COD,Male,2.0,3,Phone,1,Married,1,1,12.0,1.0,1.0,3.0,148.21
51656,0,4.0,Phone,2,8.0,UPI,Male,3.0,4,Laptop & Accessory,5,Married,4,0,12.0,0.0,1.0,0.0,164.1
51662,0,22.0,Phone,1,6.0,COD,Female,2.0,4,Grocery,3,Single,8,1,12.0,0.0,2.0,7.0,239.64
51664,0,0.0,Phone,1,14.0,Debit Card,Female,2.0,3,Phone,4,Single,2,1,12.0,0.0,1.0,2.0,124.78
51667,0,4.0,Phone,3,13.0,E wallet,Male,3.0,3,Laptop & Accessory,1,Married,5,0,12.0,0.0,1.0,7.0,175.47
51678,0,27.0,Computer,1,26.0,Debit Card,Female,2.0,3,Laptop & Accessory,3,Single,4,0,12.0,0.0,1.0,3.0,148.69
51691,0,0.0,Phone,1,32.0,Debit Card,Male,3.0,3,Phone,1,Married,2,0,12.0,0.0,1.0,2.0,129.04
51700,0,3.0,Computer,3,31.0,COD,Female,2.0,3,Laptop & Accessory,3,Married,8,1,12.0,2.0,2.0,2.0,147.36
51714,1,3.0,Phone,3,28.0,E wallet,Male,3.0,4,Laptop & Accessory,3,Married,3,1,12.0,1.0,1.0,0.0,163.8
51726,0,0.0,Phone,3,16.0,E wallet,Female,3.0,3,Laptop & Accessory,3,Married,2,1,12.0,0.0,1.0,3.0,142.6
51732,0,10.0,Phone,1,20.0,Debit Card,Female,3.0,3,Phone,5,Married,2,0,12.0,10.0,12.0,17.0,130.34
51733,0,13.0,Phone,3,8.0,E wallet,Female,2.0,3,Laptop & Accessory,4,Married,8,0,12.0,0.0,1.0,3.0,157.15
51735,0,10.0,Phone,1,16.0,Debit Card,Male,2.0,3,Laptop & Accessory,4,Single,3,1,12.0,0.0,1.0,1.0,141.97
51740,0,4.0,Phone,1,13.0,CC,Female,2.0,3,Laptop & Accessory,5,Married,2,0,12.0,3.0,3.0,12.0,143.06
51745,0,9.0,Phone,1,6.0,Debit Card,Male,3.0,4,Phone,5,Married,2,0,12.0,3.0,3.0,2.0,122.18
51750,0,1.0,Phone,1,23.0,CC,Male,3.0,3,Laptop & Accessory,5,Married,2,0,12.0,0.0,1.0,8.0,145.58
51768,1,0.0,Phone,2,14.0,COD,Male,2.0,4,Phone,1,Single,2,0,12.0,0.0,1.0,0.0,125.63999999999999
51770,0,30.0,Phone,3,35.0,E wallet,Male,2.0,4,Grocery,1,Married,4,0,12.0,1.0,2.0,0.0,241.18
51778,0,7.0,Phone,1,8.0,Debit Card,Male,3.0,4,Phone,3,Married,4,0,12.0,3.0,5.0,7.0,127.68
51781,1,0.0,Phone,1,21.0,CC,Male,2.0,3,Fashion,3,Married,8,1,12.0,3.0,2.0,7.0,236.10000000000002
51784,0,8.0,Phone,1,22.0,Debit Card,Male,3.0,3,Fashion,3,Married,5,1,12.0,0.0,1.0,0.0,176.32
51785,1,0.0,Computer,1,26.0,Debit Card,Male,3.0,3,Fashion,3,Married,4,0,12.0,1.0,1.0,0.0,198.24
51800,0,2.0,Phone,1,25.0,COD,Male,2.0,3,Laptop & Accessory,1,Married,5,0,12.0,1.0,1.0,2.0,142.62
51806,0,0.0,Phone,3,35.0,CC,Male,2.0,3,Laptop & Accessory,3,Married,6,0,12.0,0.0,1.0,0.0,143.06
51808,0,7.0,Phone,3,27.0,Debit Card,Male,3.0,1,Laptop & Accessory,1,Single,2,0,12.0,0.0,5.0,7.0,153.37
51814,0,25.0,Phone,1,12.0,COD,Male,3.0,3,Laptop & Accessory,5,Married,4,1,12.0,2.0,6.0,9.0,155.77
51815,1,0.0,Computer,3,17.0,UPI,Male,2.0,1,Laptop & Accessory,3,Married,9,0,12.0,1.0,1.0,2.0,147.07
51818,0,10.0,Phone,1,6.0,Debit Card,Female,3.0,3,Laptop & Accessory,4,Married,7,0,12.0,4.0,4.0,3.0,164.47
51831,0,9.0,Phone,1,12.0,CC,Female,3.0,4,Phone,3,Married,1,0,12.0,0.0,1.0,3.0,121.87
51845,0,6.0,Phone,3,14.0,E wallet,Male,2.0,3,Laptop & Accessory,3,Married,1,0,12.0,0.0,1.0,2.0,171.04
51846,0,5.0,Phone,1,15.0,Debit Card,Female,3.0,3,Laptop & Accessory,1,Married,2,1,12.0,1.0,1.0,5.0,163.22
51849,0,7.0,Phone,1,6.0,Debit Card,Male,3.0,3,Phone,1,Married,2,0,12.0,1.0,8.0,8.0,126.91
51866,0,21.0,Phone,3,8.0,E wallet,Male,2.0,1,Laptop & Accessory,4,Married,4,0,12.0,0.0,2.0,2.0,181.2
51873,0,5.0,Phone,3,16.0,E wallet,Male,2.0,3,Laptop & Accessory,1,Single,2,0,12.0,1.0,1.0,8.0,153.96
51878,0,20.0,Phone,3,20.0,E wallet,Male,2.0,3,Laptop & Accessory,5,Single,3,0,12.0,1.0,1.0,7.0,149.6
51884,0,14.0,Phone,2,6.0,UPI,Male,2.0,4,Others,3,Married,2,0,12.0,1.0,2.0,10.0,291.89
51890,0,20.0,Computer,3,9.0,CC,Female,2.0,3,Grocery,3,Married,10,1,12.0,1.0,2.0,13.0,237.7
51893,1,5.0,Computer,1,25.0,CC,Male,3.0,1,Phone,3,Married,7,1,12.0,0.0,2.0,2.0,127.59
51912,1,10.0,Computer,3,33.0,Debit Card,Female,3.0,1,Laptop & Accessory,3,Single,5,1,12.0,0.0,1.0,3.0,163.97
51918,0,2.0,Phone,1,33.0,CC,Female,3.0,3,Laptop & Accessory,3,Married,5,0,12.0,0.0,1.0,1.0,143.35
51924,0,11.0,Computer,1,8.0,Debit Card,Female,3.0,1,Laptop & Accessory,5,Single,7,1,12.0,0.0,4.0,12.0,159.8
51946,0,5.0,Phone,1,10.0,Debit Card,Female,3.0,4,Laptop & Accessory,3,Married,2,0,12.0,5.0,6.0,8.0,161.62
51963,0,17.0,Phone,1,10.0,CC,Male,2.0,3,Laptop & Accessory,4,Single,10,0,12.0,1.0,2.0,3.0,159.33
51969,0,3.0,Computer,1,11.0,Debit Card,Male,3.0,4,Phone,1,Married,10,0,12.0,0.0,1.0,3.0,137.61
51971,0,18.0,Phone,3,15.0,E wallet,Male,3.0,3,Fashion,5,Married,5,1,12.0,0.0,1.0,2.0,207.61
51972,0,5.0,Phone,1,14.0,CC,Female,3.0,1,Laptop & Accessory,3,Married,6,0,12.0,1.0,1.0,3.0,151.75
51983,0,5.0,Computer,1,6.0,Debit Card,Male,3.0,3,Phone,1,Married,1,0,12.0,1.0,1.0,2.0,123.13999999999999
51984,0,0.0,Phone,3,10.0,E wallet,Male,2.0,4,Laptop & Accessory,5,Married,2,0,12.0,1.0,1.0,3.0,142.56
52030,0,13.0,Phone,3,16.0,E wallet,Male,3.0,4,Fashion,4,Married,3,0,12.0,0.0,1.0,0.0,197.05
52031,0,0.0,Computer,3,6.0,CC,Male,2.0,4,Laptop & Accessory,5,Single,2,0,12.0,0.0,1.0,7.0,142.94
52038,0,5.0,Phone,1,9.0,CC,Female,3.0,3,Laptop & Accessory,5,Married,2,0,12.0,1.0,6.0,3.0,167.25
52042,0,18.0,Computer,1,10.0,Debit Card,Male,2.0,3,Laptop & Accessory,4,Married,2,0,12.0,1.0,1.0,8.0,144.47
52072,0,4.0,Computer,1,6.0,Debit Card,Female,3.0,3,Laptop & Accessory,5,Married,2,0,12.0,1.0,1.0,3.0,141.48
52076,0,3.0,Phone,1,14.0,Debit Card,Female,3.0,1,Fashion,5,Married,1,1,12.0,0.0,1.0,3.0,214.16000000000003
52079,0,0.0,Phone,1,8.0,CC,Male,2.0,1,Laptop & Accessory,1,Married,2,0,12.0,1.0,1.0,3.0,154.72
52093,0,11.0,Phone,3,9.0,Debit Card,Male,2.0,3,Laptop & Accessory,1,Single,9,1,12.0,1.0,1.0,0.0,168.61
52097,0,23.0,Computer,3,6.0,Debit Card,Female,3.0,3,Laptop & Accessory,3,Married,1,0,12.0,0.0,1.0,13.0,163.47
52102,0,5.0,Computer,1,35.0,CC,Female,3.0,3,Phone,3,Single,10,0,12.0,6.0,7.0,7.0,140.25
52106,0,26.0,Computer,3,8.0,E wallet,Female,2.0,4,Fashion,4,Married,3,0,12.0,5.0,6.0,12.0,175.25
52125,1,14.0,Phone,1,14.0,Debit Card,Male,2.0,3,Phone,3,Married,10,1,12.0,0.0,2.0,7.0,124.61000000000001
52126,1,0.0,Computer,1,30.0,COD,Male,3.0,4,Fashion,5,Single,2,0,12.0,1.0,1.0,9.0,187.22
52156,0,19.0,Phone,3,9.0,E wallet,Male,2.0,3,Grocery,3,Married,4,0,12.0,1.0,4.0,9.0,274.65
52164,0,4.0,Computer,3,26.0,Debit Card,Male,3.0,1,Phone,1,Married,1,0,12.0,2.0,2.0,2.0,127.91
52174,1,9.0,Computer,1,14.0,CC,Male,3.0,3,Phone,3,Single,2,0,12.0,1.0,1.0,0.0,119.03999999999999
52177,1,0.0,Computer,1,14.0,CC,Male,3.0,3,Phone,3,Married,2,0,12.0,1.0,2.0,2.0,126.1
52184,1,5.0,Computer,3,18.0,Debit Card,Male,2.0,3,Grocery,5,Single,1,1,12.0,2.0,2.0,14.0,237.57999999999998
52186,0,9.0,Phone,1,6.0,CC,Male,2.0,4,Phone,3,Married,7,0,12.0,1.0,1.0,7.0,122.58000000000001
52196,0,5.0,Computer,3,8.0,Debit Card,Female,3.0,3,Phone,5,Married,2,0,12.0,1.0,1.0,0.0,128.27
52202,0,0.0,Phone,1,5.0,Debit Card,Male,3.0,4,Phone,3,Single,2,0,12.0,0.0,1.0,2.0,130.33
52212,0,13.0,Computer,3,8.0,CC,Male,3.0,3,Laptop & Accessory,4,Married,6,0,12.0,1.0,1.0,0.0,143.27
52214,0,1.0,Phone,1,25.0,CC,Male,3.0,4,Phone,5,Married,2,0,12.0,1.0,3.0,3.0,131.96
52218,0,6.0,Computer,3,31.0,CC,Female,2.0,3,Laptop & Accessory,3,Married,2,0,12.0,0.0,1.0,1.0,145.39
52230,0,13.0,Phone,3,16.0,COD,Female,2.0,4,Laptop & Accessory,4,Married,8,0,12.0,1.0,1.0,3.0,168.52
52241,0,4.0,Phone,1,17.0,CC,Male,3.0,3,Laptop & Accessory,5,Married,2,1,12.0,1.0,1.0,1.0,168.33
52246,0,9.0,Computer,1,9.0,COD,Male,2.0,3,Phone,4,Married,2,0,12.0,0.0,1.0,7.0,136.92
52250,0,21.0,Phone,1,7.0,Debit Card,Male,3.0,4,Others,1,Single,7,0,12.0,1.0,1.0,0.0,282.65
52255,0,0.0,Phone,1,31.0,Debit Card,Female,3.0,1,Phone,1,Single,2,1,12.0,0.0,1.0,1.0,129.94
52263,0,7.0,Phone,3,8.0,E wallet,Female,2.0,3,Laptop & Accessory,5,Single,1,1,12.0,1.0,1.0,2.0,145.38
52265,0,30.0,Phone,1,24.0,CC,Male,3.0,3,Fashion,1,Single,7,0,12.0,3.0,5.0,4.0,205.12
52275,0,1.0,Computer,1,8.0,Debit Card,Male,2.0,4,Phone,1,Married,2,1,12.0,0.0,2.0,2.0,138.67
52284,0,30.0,Phone,1,14.0,Debit Card,Male,2.0,3,Phone,3,Married,2,0,12.0,1.0,2.0,2.0,123.72
52287,0,3.0,Phone,1,12.0,COD,Female,2.0,4,Laptop & Accessory,1,Married,1,0,12.0,5.0,6.0,7.0,146.27
52288,0,9.0,Phone,1,16.0,COD,Female,3.0,3,Fashion,3,Married,4,0,12.0,1.0,1.0,7.0,170.94
52289,0,19.0,Phone,2,7.0,Debit Card,Female,2.0,3,Phone,5,Single,7,0,12.0,2.0,5.0,7.0,134.23
52292,1,3.0,Phone,3,31.0,E wallet,Male,2.0,4,Fashion,4,Single,3,1,12.0,1.0,1.0,0.0,190.94
52299,1,7.0,Phone,1,14.0,Debit Card,Male,2.0,3,Phone,5,Married,5,0,12.0,1.0,1.0,2.0,123.62
52310,0,7.0,Phone,3,21.0,CC,Female,3.0,3,Laptop & Accessory,5,Single,2,0,12.0,4.0,9.0,6.0,161.25
52319,0,8.0,Phone,1,7.0,CC,Female,2.0,4,Laptop & Accessory,1,Married,1,0,12.0,0.0,1.0,0.0,153.63
52322,0,29.0,Phone,1,29.0,Debit Card,Male,3.0,3,Grocery,4,Married,5,1,12.0,13.0,2.0,9.0,234.01999999999998
52332,0,12.0,Phone,3,27.0,Debit Card,Male,2.0,4,Laptop & Accessory,1,Married,4,1,12.0,0.0,1.0,4.0,161.2
52344,0,0.0,Phone,1,8.0,CC,Male,2.0,4,Phone,1,Single,1,0,12.0,1.0,1.0,1.0,139.04
52350,0,0.0,Phone,1,13.0,UPI,Male,3.0,1,Phone,5,Single,1,0,12.0,0.0,1.0,7.0,135.78
52353,1,0.0,Computer,1,20.0,UPI,Female,2.0,3,Fashion,1,Single,1,1,12.0,4.0,7.0,7.0,175.53
52358,1,9.0,Computer,3,7.0,Debit Card,Female,2.0,5,Phone,3,Single,2,0,12.0,0.0,1.0,0.0,113.59
52362,1,9.0,Phone,1,14.0,Debit Card,Female,2.0,4,Phone,4,Single,2,0,12.0,0.0,1.0,0.0,112.61000000000001
52366,0,20.0,Phone,1,7.0,COD,Male,3.0,3,Phone,1,Married,8,0,12.0,1.0,1.0,2.0,134.2
52367,1,0.0,Phone,3,15.0,Debit Card,Male,3.0,4,Phone,5,Married,4,0,12.0,2.0,2.0,2.0,144.0
52371,0,0.0,Phone,3,10.0,CC,Female,2.0,3,Laptop & Accessory,3,Married,2,1,12.0,1.0,1.0,3.0,141.62
52372,0,5.0,Phone,3,13.0,E wallet,Male,3.0,3,Laptop & Accessory,1,Married,5,0,12.0,0.0,1.0,3.0,192.04
52374,0,9.0,Phone,1,11.0,CC,Male,2.0,1,Phone,3,Married,3,1,12.0,0.0,1.0,3.0,121.27000000000001
52389,0,26.0,Phone,1,8.0,CC,Male,2.0,1,Grocery,4,Single,5,0,12.0,1.0,8.0,8.0,265.98
52397,0,17.0,Computer,3,7.0,E wallet,Female,3.0,3,Laptop & Accessory,3,Married,8,0,12.0,0.0,1.0,0.0,147.68
52426,0,19.0,Phone,3,9.0,Debit Card,Female,2.0,3,Grocery,4,Married,9,0,12.0,1.0,5.0,1.0,266.06
52431,1,0.0,Computer,1,9.0,Debit Card,Female,2.0,3,Phone,3,Single,2,0,12.0,2.0,7.0,7.0,140.84
52440,0,13.0,Phone,3,15.0,CC,Male,2.0,3,Laptop & Accessory,5,Married,1,0,12.0,7.0,7.0,1.0,154.73
52441,0,6.0,Phone,1,34.0,Debit Card,Male,3.0,3,Laptop & Accessory,3,Married,2,1,12.0,4.0,5.0,7.0,152.07
52445,0,18.0,Phone,1,7.0,COD,Male,3.0,3,Fashion,4,Married,2,0,12.0,3.0,7.0,7.0,174.41
52447,0,5.0,Phone,1,11.0,Debit Card,Female,3.0,4,Laptop & Accessory,4,Married,4,0,12.0,1.0,2.0,5.0,158.78
52455,0,7.0,Phone,3,35.0,COD,Male,2.0,3,Fashion,4,Married,4,0,12.0,1.0,1.0,3.0,192.5
52456,1,9.0,Phone,1,8.0,Debit Card,Female,3.0,3,Phone,5,Married,2,1,12.0,1.0,1.0,0.0,120.74000000000001
52460,0,21.0,Phone,1,14.0,UPI,Female,3.0,3,Phone,5,Married,9,0,12.0,6.0,7.0,6.0,123.66999999999999
52466,0,11.0,Phone,3,22.0,Debit Card,Female,2.0,3,Laptop & Accessory,4,Single,3,0,12.0,1.0,1.0,2.0,141.98
52479,0,16.0,Phone,1,33.0,COD,Male,2.0,1,Phone,4,Married,6,0,12.0,1.0,1.0,2.0,148.76
52487,0,9.0,Phone,1,13.0,CC,Male,2.0,4,Phone,4,Married,2,0,12.0,1.0,1.0,1.0,121.41
52491,0,9.0,Phone,1,18.0,Debit Card,Female,3.0,3,Laptop & Accessory,3,Married,10,1,12.0,0.0,1.0,1.0,146.63
52499,1,9.0,Computer,3,9.0,CC,Female,3.0,3,Phone,1,Single,2,1,12.0,1.0,1.0,0.0,115.69
52503,0,8.0,Computer,1,14.0,Debit Card,Female,2.0,3,Laptop & Accessory,3,Married,2,0,12.0,0.0,2.0,9.0,141.48
52519,0,9.0,Phone,1,11.0,Debit Card,Female,2.0,3,Fashion,5,Married,5,0,12.0,1.0,1.0,2.0,180.08
52525,0,7.0,Phone,1,9.0,Debit Card,Female,3.0,3,Laptop & Accessory,4,Married,2,0,12.0,1.0,7.0,9.0,154.33
52551,1,9.0,Phone,1,8.0,Debit Card,Male,3.0,3,Phone,4,Single,2,0,12.0,0.0,1.0,0.0,113.93
52553,0,28.0,Phone,1,28.0,COD,Male,3.0,4,Phone,4,Married,6,0,12.0,1.0,1.0,2.0,135.37
52558,0,7.0,Phone,1,25.0,Debit Card,Female,3.0,4,Phone,1,Married,2,0,12.0,1.0,8.0,7.0,129.29
52564,0,14.0,Phone,3,12.0,E wallet,Male,2.0,3,Fashion,3,Single,2,0,12.0,3.0,8.0,7.0,192.41
52579,0,3.0,Phone,1,22.0,Debit Card,Male,3.0,3,Phone,1,Married,2,0,12.0,0.0,1.0,8.0,128.62
52581,0,19.0,Phone,3,8.0,Debit Card,Male,3.0,3,Fashion,1,Married,5,1,12.0,0.0,1.0,3.0,203.68
52596,0,2.0,Computer,1,7.0,Debit Card,Male,3.0,1,Laptop & Accessory,3,Single,9,1,12.0,1.0,1.0,2.0,162.94
52600,0,22.0,Phone,3,17.0,E wallet,Female,3.0,3,Laptop & Accessory,1,Single,4,0,12.0,0.0,1.0,4.0,145.07
52610,0,28.0,Phone,1,8.0,CC,Male,2.0,4,Others,5,Married,9,0,12.0,1.0,1.0,0.0,290.38
52616,0,7.0,Phone,3,9.0,Debit Card,Female,2.0,5,Laptop & Accessory,1,Single,6,0,12.0,2.0,2.0,2.0,160.29
52625,1,7.0,Computer,1,14.0,CC,Male,3.0,3,Phone,4,Married,2,1,12.0,2.0,2.0,3.0,123.41999999999999
52640,0,14.0,Phone,1,11.0,Debit Card,Male,2.0,1,Laptop & Accessory,4,Single,4,0,12.0,0.0,1.0,2.0,168.7
52649,0,20.0,Phone,1,10.0,Debit Card,Female,3.0,4,Fashion,4,Married,9,1,12.0,5.0,14.0,10.0,203.33
52650,0,13.0,Phone,1,18.0,Debit Card,Female,2.0,3,Laptop & Accessory,5,Married,3,0,12.0,1.0,7.0,7.0,144.48
52667,0,9.0,Phone,1,15.0,Debit Card,Female,3.0,3,Phone,3,Single,5,0,12.0,0.0,2.0,0.0,121.05000000000001
52672,1,0.0,Phone,3,8.0,E wallet,Male,2.0,4,Laptop & Accessory,4,Single,8,1,12.0,1.0,2.0,2.0,199.07
52673,0,19.0,Phone,3,9.0,COD,Female,2.0,1,Grocery,5,Married,3,0,12.0,2.0,2.0,8.0,232.25
52705,0,7.0,Phone,3,9.0,CC,Female,3.0,4,Laptop & Accessory,1,Married,4,1,12.0,0.0,1.0,1.0,181.03
52706,0,4.0,Phone,1,10.0,CC,Female,3.0,1,Phone,3,Married,9,0,12.0,1.0,2.0,2.0,139.78
52708,0,18.0,Computer,1,7.0,CC,Male,2.0,3,Laptop & Accessory,3,Single,5,0,12.0,0.0,1.0,3.0,153.99
52710,0,1.0,Computer,3,7.0,Debit Card,Male,2.0,4,Laptop & Accessory,1,Married,2,1,12.0,1.0,1.0,7.0,168.34
52724,0,15.0,Phone,3,18.0,E wallet,Male,3.0,3,Laptop & Accessory,1,Married,4,1,12.0,1.0,1.0,0.0,150.87
52725,1,0.0,Computer,2,28.0,UPI,Female,3.0,4,Phone,4,Married,2,0,12.0,1.0,1.0,0.0,128.63
52733,0,2.0,Phone,1,7.0,Debit Card,Male,2.0,3,Laptop & Accessory,5,Married,1,0,12.0,0.0,1.0,2.0,153.73
52736,1,0.0,Phone,1,14.0,COD,Male,2.0,4,Phone,1,Married,6,0,12.0,1.0,1.0,3.0,123.66999999999999
52749,0,12.0,Phone,3,21.0,E wallet,Male,3.0,3,Grocery,5,Single,1,0,12.0,4.0,2.0,10.0,233.41000000000003
52750,0,15.0,Computer,1,29.0,Debit Card,Male,2.0,4,Laptop & Accessory,3,Single,2,0,12.0,3.0,3.0,7.0,143.32
52753,0,0.0,Phone,1,7.0,Debit Card,Male,2.0,4,Laptop & Accessory,3,Single,2,0,12.0,1.0,1.0,2.0,146.17
52761,0,9.0,Computer,1,7.0,CC,Male,2.0,4,Phone,3,Married,2,0,12.0,0.0,1.0,0.0,120.08000000000001
52769,0,0.0,Phone,1,7.0,Debit Card,Male,3.0,3,Phone,3,Single,1,0,12.0,1.0,1.0,2.0,133.75
52776,0,11.0,Phone,1,16.0,CC,Female,3.0,5,Fashion,3,Married,4,0,12.0,0.0,2.0,11.0,232.06
52781,0,17.0,Phone,1,14.0,CC,Male,2.0,3,Phone,1,Single,7,1,12.0,1.0,1.0,2.0,124.36000000000001
52798,1,13.0,Computer,3,7.0,Debit Card,Male,3.0,3,Laptop & Accessory,3,Married,8,0,12.0,1.0,1.0,1.0,167.28
52804,0,8.0,Phone,1,7.0,Debit Card,Female,3.0,5,Phone,1,Married,2,0,12.0,1.0,1.0,1.0,129.77
52815,0,7.0,Phone,1,14.0,CC,Male,2.0,1,Laptop & Accessory,3,Married,3,0,12.0,1.0,1.0,2.0,144.04
52816,1,5.0,Phone,3,7.0,Debit Card,Female,4.0,4,Laptop & Accessory,2,Single,10,1,12.0,2.0,2.0,6.0,184.93
52820,1,1.0,Phone,1,13.0,CC,Male,3.0,4,Phone,5,Single,4,0,12.0,2.0,2.0,4.0,154.6
52833,1,1.0,Phone,3,12.0,E wallet,Male,3.0,5,Laptop & Accessory,3,Single,3,1,12.0,2.0,2.0,4.0,182.44
52839,1,1.0,Phone,3,27.0,Debit Card,Female,4.0,6,Laptop & Accessory,3,Divorced,5,1,12.0,2.0,3.0,3.0,170.59
52849,0,14.0,Phone,3,11.0,E wallet,Male,4.0,5,Fashion,2,Divorced,9,0,12.0,3.0,2.0,12.0,233.55
52853,0,2.0,Phone,1,28.0,CC,Male,3.0,4,Phone,2,Divorced,3,0,12.0,1.0,2.0,3.0,152.13
52864,0,4.0,Computer,1,16.0,CC,Male,4.0,4,Laptop & Accessory,5,Married,3,0,12.0,1.0,7.0,11.0,155.72
52865,0,19.0,Phone,3,11.0,Debit Card,Female,2.0,4,Laptop & Accessory,5,Married,6,1,12.0,1.0,2.0,4.0,175.06
52875,0,27.0,Phone,1,20.0,CC,Female,3.0,3,Laptop & Accessory,5,Married,3,0,12.0,2.0,2.0,4.0,169.5
52887,0,9.0,Computer,1,9.0,CC,Female,3.0,4,Laptop & Accessory,4,Single,7,0,12.0,2.0,2.0,3.0,169.25
52901,1,1.0,Phone,3,11.0,CC,Male,3.0,6,Fashion,2,Divorced,3,0,12.0,8.0,10.0,3.0,229.0
52905,1,1.0,Phone,1,10.0,COD,Female,3.0,4,Phone,5,Single,7,1,12.0,2.0,2.0,5.0,151.57
52929,0,6.0,Phone,3,11.0,Debit Card,Female,3.0,4,Phone,4,Divorced,4,0,12.0,2.0,2.0,3.0,164.31
52941,1,1.0,Computer,1,17.0,CC,Male,4.0,4,Fashion,3,Married,8,0,12.0,2.0,2.0,3.0,225.48
52947,0,16.0,Phone,1,9.0,CC,Female,3.0,5,Phone,5,Married,2,1,12.0,5.0,8.0,9.0,150.93
52949,0,25.0,Phone,1,7.0,Debit Card,Male,4.0,4,Phone,2,Divorced,3,0,12.0,2.0,2.0,1.0,152.23
52950,1,1.0,Computer,1,36.0,CC,Male,4.0,5,Phone,4,Single,2,0,12.0,2.0,2.0,5.0,159.79
52955,1,1.0,Phone,1,9.0,Debit Card,Male,4.0,4,Phone,3,Single,4,0,12.0,2.0,2.0,1.0,159.85
52960,0,10.0,Phone,1,13.0,Debit Card,Male,3.0,4,Phone,2,Divorced,2,0,12.0,5.0,11.0,12.0,157.1
52983,0,5.0,Computer,3,12.0,E wallet,Female,3.0,4,Phone,4,Married,3,0,12.0,1.0,3.0,3.0,152.89
52994,0,5.0,Phone,3,14.0,COD,Male,4.0,3,Laptop & Accessory,2,Divorced,6,0,12.0,4.0,8.0,8.0,194.29
53004,0,7.0,Computer,1,12.0,Debit Card,Female,4.0,4,Fashion,4,Divorced,8,0,12.0,3.0,2.0,9.0,243.77999999999997
53010,0,6.0,Phone,3,15.0,COD,Female,4.0,5,Laptop & Accessory,4,Divorced,3,1,12.0,7.0,12.0,10.0,177.28
53011,0,1.0,Phone,3,9.0,Debit Card,Male,4.0,4,Laptop & Accessory,3,Single,3,1,12.0,2.0,2.0,5.0,169.78
53021,0,17.0,Computer,1,17.0,Debit Card,Female,3.0,5,Laptop & Accessory,3,Married,3,0,12.0,1.0,2.0,1.0,177.57
53027,1,1.0,Phone,1,15.0,UPI,Male,4.0,6,Phone,5,Divorced,3,1,12.0,2.0,2.0,8.0,146.19
53041,0,16.0,Phone,2,9.0,COD,Male,3.0,4,Phone,3,Married,2,1,12.0,2.0,2.0,1.0,151.96
53048,1,1.0,Computer,3,7.0,COD,Female,3.0,5,Phone,4,Single,3,1,12.0,2.0,2.0,3.0,146.74
53050,0,10.0,Computer,3,10.0,CC,Male,3.0,5,Fashion,2,Divorced,6,0,12.0,1.0,2.0,3.0,221.99
53051,0,31.0,Phone,1,7.0,CC,Male,3.0,4,Laptop & Accessory,3,Divorced,4,0,12.0,2.0,2.0,3.0,192.55
53064,0,1.0,Phone,1,7.0,CC,Male,3.0,4,Phone,4,Married,3,0,12.0,1.0,2.0,5.0,163.16
53067,0,25.0,Phone,3,21.0,Debit Card,Female,3.0,4,Laptop & Accessory,2,Divorced,6,0,12.0,1.0,2.0,8.0,174.36
53081,0,17.0,Phone,1,19.0,Debit Card,Male,3.0,5,Grocery,4,Married,3,0,12.0,1.0,4.0,10.0,268.36
53088,0,1.0,Phone,3,11.0,Debit Card,Female,3.0,5,Laptop & Accessory,2,Single,3,1,12.0,1.0,2.0,4.0,169.87
53092,0,30.0,Computer,3,13.0,Debit Card,Female,3.0,3,Grocery,5,Divorced,11,0,12.0,3.0,2.0,8.0,257.12
53093,0,4.0,Phone,3,19.0,COD,Female,3.0,4,Laptop & Accessory,3,Single,2,0,12.0,4.0,5.0,5.0,190.77
53100,0,16.0,Computer,1,36.0,Debit Card,Female,4.0,4,Laptop & Accessory,3,Married,4,0,12.0,2.0,2.0,3.0,170.56
53104,0,16.0,Computer,1,35.0,COD,Female,3.0,5,Laptop & Accessory,2,Divorced,2,0,12.0,1.0,2.0,5.0,170.23
53114,0,4.0,Computer,3,29.0,UPI,Female,4.0,4,Fashion,5,Divorced,2,0,12.0,3.0,8.0,9.0,209.12
53122,0,28.0,Phone,1,15.0,Debit Card,Female,3.0,4,Laptop & Accessory,3,Single,9,0,12.0,2.0,2.0,1.0,162.8
53138,0,9.0,Phone,3,7.0,E wallet,Male,3.0,4,Laptop & Accessory,3,Divorced,11,0,12.0,4.0,7.0,10.0,172.17
53140,0,13.0,Computer,1,15.0,Debit Card,Female,3.0,4,Phone,3,Divorced,3,0,12.0,1.0,2.0,8.0,162.55
53144,1,1.0,Computer,2,24.0,Debit Card,Female,3.0,4,Phone,3,Married,2,1,12.0,1.0,2.0,1.0,152.41
53156,0,20.0,Computer,1,25.0,CC,Female,3.0,4,Fashion,3,Divorced,7,0,12.0,2.0,2.0,3.0,230.27
53165,0,1.0,Phone,1,30.0,CC,Male,3.0,3,Phone,2,Divorced,3,1,12.0,1.0,2.0,5.0,152.25
53169,0,1.0,Phone,3,20.0,CC,Male,3.0,4,Phone,3,Divorced,3,0,12.0,2.0,2.0,7.0,145.96
53177,0,11.0,Phone,3,9.0,E wallet,Male,4.0,4,Laptop & Accessory,3,Divorced,6,1,12.0,1.0,2.0,3.0,221.02
53183,0,22.0,Phone,1,7.0,Debit Card,Female,3.0,5,Grocery,5,Divorced,9,0,12.0,1.0,2.0,3.0,279.02
53184,0,18.0,Phone,2,7.0,Debit Card,Female,3.0,5,Laptop & Accessory,3,Single,6,0,12.0,2.0,2.0,3.0,184.85
53186,1,1.0,Phone,3,9.0,E wallet,Male,3.0,4,Phone,5,Married,2,0,12.0,1.0,2.0,3.0,155.41
53187,0,1.0,Phone,3,29.0,COD,Male,3.0,4,Phone,3,Single,3,0,12.0,2.0,2.0,3.0,159.47
53202,0,10.0,Phone,1,16.0,CC,Male,3.0,5,Laptop & Accessory,4,Married,4,1,12.0,2.0,2.0,3.0,213.47
53204,1,1.0,Phone,1,17.0,CC,Male,3.0,4,Phone,3,Single,3,1,12.0,1.0,2.0,2.0,135.09
53205,1,1.0,Computer,1,10.0,Debit Card,Male,4.0,4,Phone,5,Single,3,1,12.0,10.0,10.0,8.0,158.48
53214,0,24.0,Phone,1,35.0,CC,Male,4.0,3,Phone,3,Divorced,3,1,12.0,4.0,4.0,9.0,157.21
53217,0,13.0,Phone,1,9.0,COD,Female,4.0,5,Laptop & Accessory,3,Single,3,0,12.0,3.0,12.0,11.0,170.53
53221,0,1.0,Phone,1,7.0,Debit Card,Female,4.0,4,Fashion,5,Divorced,3,0,12.0,2.0,2.0,8.0,199.12
53237,0,3.0,Phone,3,17.0,Debit Card,Male,3.0,4,Phone,3,Single,3,0,12.0,1.0,2.0,1.0,151.42
53240,0,8.0,Phone,1,15.0,CC,Female,4.0,4,Laptop & Accessory,3,Single,5,0,12.0,2.0,5.0,4.0,186.42
53243,0,30.0,Phone,1,16.0,CC,Male,3.0,4,Grocery,2,Divorced,9,0,12.0,1.0,2.0,2.0,236.02999999999997
53248,0,9.0,Computer,1,9.0,Debit Card,Female,4.0,4,Laptop & Accessory,5,Married,4,0,12.0,1.0,2.0,1.0,175.93
53266,0,28.0,Phone,1,26.0,CC,Female,4.0,4,Laptop & Accessory,5,Married,11,1,12.0,1.0,2.0,5.0,179.85
53270,0,8.0,Phone,1,9.0,CC,Female,3.0,5,Phone,5,Single,3,0,12.0,2.0,2.0,4.0,168.81
53277,0,1.0,Computer,1,16.0,Debit Card,Male,3.0,5,Phone,4,Married,3,0,12.0,2.0,2.0,1.0,151.94
53280,1,1.0,Phone,1,7.0,Debit Card,Female,3.0,5,Phone,5,Divorced,3,1,12.0,1.0,2.0,1.0,148.19
53281,0,7.0,Phone,1,14.0,CC,Male,3.0,4,Fashion,3,Divorced,2,0,12.0,1.0,2.0,8.0,241.91000000000003
53306,0,1.0,Computer,1,10.0,CC,Male,3.0,4,Phone,2,Divorced,3,0,12.0,2.0,2.0,1.0,142.06
53311,0,9.0,Phone,1,34.0,CC,Female,3.0,5,Phone,5,Single,3,0,12.0,2.0,2.0,2.0,150.59
53313,0,6.0,Phone,3,20.0,Debit Card,Male,4.0,4,Laptop & Accessory,2,Married,4,0,12.0,1.0,2.0,4.0,169.03
53345,0,13.0,Phone,2,9.0,Debit Card,Female,3.0,5,Laptop & Accessory,2,Divorced,10,0,12.0,1.0,2.0,5.0,177.04
53346,0,7.0,Phone,2,10.0,UPI,Male,3.0,4,Phone,4,Married,5,1,12.0,1.0,2.0,4.0,147.77
53364,0,7.0,Phone,1,7.0,UPI,Male,4.0,5,Phone,5,Single,5,1,12.0,1.0,2.0,3.0,152.99
53368,0,23.0,Phone,1,15.0,UPI,Female,3.0,4,Fashion,4,Divorced,6,0,12.0,1.0,2.0,8.0,199.03
53381,0,5.0,Phone,1,19.0,CC,Female,3.0,4,Laptop & Accessory,2,Divorced,2,1,12.0,1.0,9.0,6.0,183.55
53384,1,1.0,Phone,3,10.0,Debit Card,Male,3.0,5,Fashion,2,Divorced,3,1,12.0,4.0,4.0,3.0,228.25
53386,1,1.0,Phone,3,7.0,Debit Card,Male,3.0,5,Fashion,3,Divorced,7,0,12.0,2.0,12.0,3.0,231.08999999999997
53393,0,4.0,Phone,3,15.0,UPI,Male,4.0,4,Fashion,3,Married,7,0,12.0,5.0,8.0,8.0,197.64
53411,1,1.0,Phone,1,29.0,Debit Card,Female,3.0,4,Phone,3,Divorced,6,1,12.0,1.0,2.0,2.0,146.32
53419,0,28.0,Phone,1,24.0,COD,Female,3.0,4,Fashion,3,Divorced,10,0,12.0,2.0,2.0,9.0,232.39
53420,0,9.0,Phone,1,32.0,CC,Female,3.0,4,Fashion,3,Married,3,1,12.0,3.0,11.0,3.0,228.88
53448,0,8.0,Phone,3,7.0,E wallet,Male,4.0,2,Laptop & Accessory,2,Married,2,0,12.0,2.0,2.0,3.0,222.25
53462,0,28.0,Phone,3,9.0,Debit Card,Female,3.0,5,Fashion,3,Divorced,8,0,12.0,7.0,2.0,1.0,231.86
53464,0,10.0,Phone,1,19.0,CC,Female,3.0,5,Fashion,2,Single,2,0,12.0,6.0,8.0,3.0,213.58
53503,0,17.0,Computer,1,34.0,Debit Card,Female,3.0,4,Fashion,5,Divorced,10,0,12.0,1.0,2.0,2.0,233.2
53504,1,3.0,Computer,1,9.0,Debit Card,Male,3.0,4,Grocery,2,Married,9,0,12.0,8.0,2.0,6.0,246.69
53506,0,1.0,Phone,1,7.0,COD,Female,4.0,5,Phone,4,Single,3,1,12.0,1.0,3.0,3.0,145.7
53511,0,9.0,Computer,3,18.0,E wallet,Male,3.0,4,Laptop & Accessory,2,Married,3,0,12.0,1.0,2.0,3.0,174.68
53513,0,8.0,Computer,1,9.0,Debit Card,Male,4.0,4,Laptop & Accessory,3,Single,4,0,12.0,2.0,2.0,3.0,165.33
53521,0,15.0,Phone,1,19.0,Debit Card,Male,3.0,4,Phone,2,Divorced,5,1,12.0,2.0,2.0,1.0,172.66
53533,1,1.0,Phone,1,19.0,Debit Card,Female,4.0,4,Phone,2,Divorced,3,1,12.0,2.0,2.0,1.0,150.15
53548,1,8.0,Phone,1,17.0,Debit Card,Male,4.0,4,Phone,3,Single,3,1,12.0,2.0,2.0,3.0,154.36
53551,1,1.0,Computer,1,10.0,Debit Card,Male,3.0,5,Phone,2,Divorced,2,1,12.0,1.0,2.0,1.0,153.53
53568,0,20.0,Phone,1,9.0,COD,Male,3.0,4,Laptop & Accessory,2,Married,4,0,12.0,2.0,2.0,5.0,198.79
53579,0,9.0,Computer,3,15.0,E wallet,Female,4.0,5,Fashion,2,Divorced,6,1,12.0,3.0,5.0,3.0,228.77
53592,0,22.0,Phone,1,9.0,COD,Male,4.0,2,Phone,4,Single,7,0,12.0,1.0,2.0,1.0,150.59
53593,0,1.0,Phone,1,11.0,Debit Card,Male,4.0,4,Phone,3,Married,3,0,12.0,2.0,2.0,4.0,150.17
53594,0,3.0,Phone,1,14.0,Debit Card,Male,3.0,4,Laptop & Accessory,2,Married,3,1,12.0,1.0,2.0,1.0,191.23
53612,0,2.0,Computer,1,7.0,CC,Male,3.0,4,Phone,3,Single,2,1,12.0,1.0,2.0,3.0,146.54
53614,0,8.0,Computer,2,18.0,Debit Card,Male,3.0,5,Laptop & Accessory,4,Divorced,6,0,12.0,1.0,2.0,9.0,169.9
53618,0,10.0,Phone,1,9.0,Debit Card,Female,3.0,4,Laptop & Accessory,4,Single,11,1,12.0,5.0,6.0,13.0,179.1
53619,1,8.0,Phone,1,22.0,CC,Female,4.0,4,Fashion,2,Divorced,3,0,12.0,1.0,2.0,6.0,204.78
53624,0,2.0,Phone,1,7.0,COD,Male,3.0,4,Phone,5,Single,4,0,12.0,1.0,2.0,3.0,145.8
53635,0,2.0,Computer,1,7.0,Debit Card,Female,3.0,6,Laptop & Accessory,2,Divorced,2,0,12.0,8.0,8.0,6.0,191.74
53640,0,13.0,Phone,1,25.0,Debit Card,Male,3.0,4,Laptop & Accessory,3,Single,2,0,12.0,1.0,2.0,8.0,170.34
53643,1,1.0,Computer,3,7.0,Debit Card,Female,3.0,4,Phone,4,Single,3,1,12.0,2.0,3.0,3.0,148.02
53649,0,8.0,Phone,1,16.0,Debit Card,Male,3.0,4,Fashion,2,Married,2,0,12.0,2.0,2.0,3.0,210.0
53652,0,9.0,Computer,1,11.0,Debit Card,Male,3.0,4,Laptop & Accessory,3,Single,3,1,12.0,2.0,2.0,2.0,167.49
53653,0,25.0,Phone,2,12.0,Debit Card,Male,3.0,4,Grocery,4,Married,3,1,12.0,1.0,2.0,11.0,265.26
53656,0,1.0,Phone,1,26.0,CC,Male,4.0,4,Phone,2,Divorced,5,0,12.0,2.0,2.0,3.0,161.69
53660,0,22.0,Phone,1,11.0,Debit Card,Male,3.0,4,Fashion,2,Single,3,0,12.0,2.0,2.0,9.0,203.98
53673,0,12.0,Computer,1,14.0,Debit Card,Male,3.0,2,Phone,3,Married,3,0,12.0,1.0,2.0,4.0,151.1
53674,0,8.0,Phone,1,9.0,COD,Female,4.0,4,Laptop & Accessory,2,Single,3,0,12.0,2.0,5.0,12.0,191.87
53675,0,2.0,Phone,3,33.0,Debit Card,Male,3.0,5,Laptop & Accessory,5,Divorced,3,0,12.0,2.0,2.0,5.0,172.24
53678,0,25.0,Computer,3,9.0,E wallet,Male,3.0,4,Fashion,4,Divorced,4,0,12.0,1.0,4.0,3.0,230.96
53684,0,1.0,Phone,3,25.0,Debit Card,Male,4.0,2,Laptop & Accessory,3,Divorced,4,0,12.0,1.0,2.0,3.0,187.32
53685,0,26.0,Computer,1,35.0,CC,Female,3.0,2,Grocery,3,Divorced,4,1,12.0,1.0,2.0,3.0,257.47
53687,0,1.0,Phone,3,17.0,E wallet,Female,4.0,5,Laptop & Accessory,2,Divorced,3,1,12.0,3.0,5.0,5.0,182.69
53693,0,9.0,Computer,1,25.0,Debit Card,Male,3.0,4,Fashion,2,Single,4,0,12.0,1.0,3.0,3.0,218.62
53694,0,1.0,Phone,1,7.0,COD,Male,3.0,4,Phone,2,Divorced,6,0,12.0,2.0,2.0,3.0,157.29
53705,0,5.0,Phone,1,15.0,Debit Card,Female,4.0,4,Grocery,4,Single,5,0,12.0,1.0,2.0,1.0,289.22
53720,0,14.0,Computer,1,16.0,UPI,Male,3.0,4,Laptop & Accessory,3,Married,5,0,12.0,2.0,2.0,8.0,164.75
53722,1,10.0,Phone,3,16.0,E wallet,Male,3.0,4,Fashion,1,Married,6,0,12.0,1.0,5.0,3.0,225.96
53724,1,1.0,Computer,1,7.0,Debit Card,Female,4.0,2,Fashion,4,Single,3,0,12.0,4.0,5.0,8.0,199.46
53729,0,22.0,Phone,3,14.0,E wallet,Male,4.0,4,Laptop & Accessory,5,Married,6,0,12.0,2.0,3.0,3.0,179.86
53731,0,14.0,Computer,1,15.0,CC,Male,3.0,5,Fashion,4,Married,4,0,12.0,1.0,5.0,9.0,262.57
53748,1,1.0,Computer,3,20.0,COD,Female,3.0,4,Laptop & Accessory,4,Single,7,0,12.0,1.0,2.0,1.0,182.65
53751,1,1.0,Computer,1,16.0,CC,Male,3.0,4,Phone,5,Single,4,1,12.0,1.0,2.0,1.0,156.72
53757,0,7.0,Phone,1,11.0,CC,Female,3.0,5,Phone,4,Divorced,10,0,12.0,1.0,2.0,3.0,163.38
53759,1,1.0,Computer,1,9.0,CC,Male,3.0,5,Phone,5,Single,9,0,12.0,1.0,2.0,1.0,150.61
53797,1,1.0,Phone,3,7.0,Debit Card,Male,4.0,5,Laptop & Accessory,5,Married,3,0,12.0,4.0,7.0,3.0,222.14
53798,0,12.0,Computer,2,17.0,UPI,Male,4.0,4,Laptop & Accessory,3,Married,5,0,12.0,1.0,2.0,3.0,185.77
53803,1,2.0,Phone,1,9.0,CC,Male,3.0,4,Laptop & Accessory,4,Married,6,0,12.0,1.0,2.0,5.0,173.55
53810,0,12.0,Phone,3,21.0,Debit Card,Male,4.0,4,Laptop & Accessory,4,Married,2,0,12.0,6.0,8.0,3.0,224.24
53815,0,13.0,Phone,3,13.0,CC,Male,3.0,2,Fashion,3,Married,4,0,12.0,5.0,8.0,7.0,207.37
53840,0,1.0,Phone,1,26.0,UPI,Male,4.0,5,Phone,5,Married,3,0,12.0,1.0,2.0,8.0,165.66
53841,0,9.0,Phone,1,25.0,Debit Card,Male,3.0,2,Laptop & Accessory,5,Married,3,0,12.0,1.0,2.0,11.0,177.08
53854,0,11.0,Phone,1,17.0,CC,Female,4.0,4,Phone,4,Married,3,0,12.0,2.0,8.0,8.0,164.36
53856,0,18.0,Computer,2,7.0,UPI,Male,3.0,4,Laptop & Accessory,1,Married,6,1,12.0,2.0,2.0,3.0,182.43
53863,0,3.0,Phone,3,17.0,CC,Male,3.0,5,Laptop & Accessory,3,Single,11,0,12.0,2.0,2.0,5.0,183.69
53871,0,10.0,Phone,1,14.0,Debit Card,Male,4.0,4,Phone,4,Single,4,0,12.0,1.0,2.0,4.0,145.13
53882,0,5.0,Phone,3,12.0,Debit Card,Female,4.0,4,Laptop & Accessory,1,Married,3,0,12.0,1.0,2.0,3.0,179.76
53888,0,1.0,Phone,3,16.0,Debit Card,Male,3.0,4,Phone,5,Single,3,0,12.0,1.0,2.0,3.0,152.28
53892,1,1.0,Phone,1,15.0,CC,Male,4.0,5,Phone,3,Single,3,1,12.0,2.0,2.0,3.0,164.89
53895,1,12.0,Computer,3,14.0,CC,Female,4.0,4,Phone,3,Married,4,1,12.0,5.0,8.0,8.0,151.55
53913,1,1.0,Phone,2,29.0,UPI,Male,3.0,6,Phone,3,Married,3,0,12.0,1.0,2.0,1.0,140.55
53914,1,11.0,Computer,3,16.0,Debit Card,Male,3.0,6,Grocery,3,Married,9,0,12.0,2.0,2.0,11.0,254.36
53925,0,21.0,Computer,3,9.0,E wallet,Male,3.0,4,Laptop & Accessory,4,Married,9,0,12.0,1.0,2.0,1.0,174.78
53937,1,1.0,Computer,2,15.0,UPI,Female,4.0,5,Phone,1,Married,8,0,12.0,2.0,2.0,3.0,146.8
53939,0,1.0,Phone,1,15.0,CC,Female,4.0,4,Phone,1,Single,3,0,12.0,2.0,2.0,5.0,159.45
53942,0,4.0,Phone,3,22.0,E wallet,Male,4.0,5,Fashion,5,Married,4,0,12.0,1.0,2.0,8.0,196.4
53963,0,12.0,Phone,1,13.0,UPI,Female,3.0,5,Phone,3,Married,3,0,12.0,1.0,2.0,5.0,162.02
53966,0,25.0,Phone,1,10.0,COD,Female,3.0,4,Fashion,3,Married,4,0,12.0,3.0,2.0,3.0,256.16
53974,0,2.0,Phone,1,7.0,Debit Card,Male,3.0,4,Phone,1,Married,3,0,12.0,1.0,2.0,4.0,145.44
53988,1,1.0,Phone,2,27.0,CC,Female,4.0,4,Phone,4,Married,2,1,12.0,1.0,2.0,5.0,146.48
54020,0,3.0,Phone,2,13.0,CC,Male,3.0,5,Phone,4,Married,3,0,12.0,2.0,2.0,1.0,153.04
54032,0,5.0,Phone,1,27.0,Debit Card,Male,3.0,4,Laptop & Accessory,3,Married,3,0,12.0,1.0,2.0,3.0,166.97
54036,0,9.0,Phone,1,23.0,UPI,Female,3.0,5,Laptop & Accessory,4,Married,2,1,12.0,2.0,2.0,3.0,172.88
54049,0,5.0,Phone,3,17.0,CC,Female,3.0,4,Laptop & Accessory,1,Married,4,1,12.0,1.0,2.0,5.0,190.83
54058,0,1.0,Phone,1,9.0,COD,Male,3.0,4,Phone,4,Married,3,0,12.0,2.0,2.0,3.0,147.26
54060,1,1.0,Phone,3,20.0,E wallet,Female,3.0,4,Laptop & Accessory,3,Single,5,1,12.0,3.0,3.0,3.0,223.54
54083,0,9.0,Phone,3,14.0,Debit Card,Female,3.0,4,Laptop & Accessory,1,Married,3,1,12.0,2.0,2.0,10.0,177.04
54086,1,1.0,Computer,3,33.0,E wallet,Male,4.0,4,Laptop & Accessory,1,Married,3,1,12.0,1.0,2.0,9.0,181.17
54088,0,28.0,Phone,1,16.0,Debit Card,Female,4.0,4,Laptop & Accessory,3,Married,5,0,12.0,1.0,3.0,4.0,153.97
54091,0,12.0,Computer,2,7.0,UPI,Male,3.0,4,Phone,4,Married,2,1,12.0,2.0,2.0,3.0,154.91
54093,0,5.0,Phone,1,9.0,CC,Female,3.0,6,Phone,1,Married,3,1,12.0,2.0,2.0,1.0,136.29
54100,0,14.0,Computer,1,18.0,COD,Female,4.0,4,Laptop & Accessory,3,Married,3,0,12.0,3.0,10.0,5.0,188.23
54109,0,12.0,Computer,1,13.0,Debit Card,Male,4.0,5,Laptop & Accessory,3,Married,4,0,12.0,3.0,8.0,8.0,178.21
54113,0,9.0,Phone,1,18.0,CC,Male,3.0,4,Phone,3,Married,9,1,12.0,1.0,3.0,3.0,151.6
54127,0,1.0,Phone,3,12.0,CC,Male,3.0,4,Phone,5,Single,3,1,12.0,2.0,2.0,3.0,148.8
54135,1,20.0,Phone,1,14.0,COD,Male,4.0,4,Phone,3,Married,10,0,12.0,7.0,10.0,9.0,148.39
54139,0,15.0,Phone,3,10.0,Debit Card,Male,3.0,5,Laptop & Accessory,4,Married,4,0,12.0,1.0,2.0,3.0,214.38
54142,0,12.0,Phone,3,17.0,Debit Card,Female,4.0,4,Laptop & Accessory,1,Married,3,0,12.0,1.0,2.0,10.0,178.43
54153,0,13.0,Phone,3,31.0,E wallet,Female,3.0,5,Grocery,1,Married,2,0,12.0,2.0,2.0,7.0,245.31
54161,1,5.0,Phone,3,7.0,Debit Card,Female,4.0,4,Laptop & Accessory,1,Single,10,1,12.0,1.0,2.0,6.0,184.93
54164,0,7.0,Computer,1,10.0,Debit Card,Female,3.0,4,Phone,3,Married,3,1,12.0,3.0,4.0,1.0,154.09
54174,0,8.0,Phone,1,26.0,CC,Male,4.0,4,Phone,1,Married,2,0,12.0,1.0,2.0,3.0,151.61
54176,0,3.0,Phone,1,28.0,Debit Card,Female,3.0,2,Fashion,5,Married,3,0,12.0,7.0,9.0,3.0,224.8
54180,0,12.0,Phone,1,9.0,Debit Card,Male,3.0,4,Phone,1,Single,7,1,12.0,1.0,2.0,3.0,164.44
54183,0,8.0,Phone,1,14.0,Debit Card,Female,3.0,4,Fashion,4,Single,2,0,12.0,1.0,2.0,12.0,244.94
54185,1,1.0,Phone,1,13.0,CC,Male,3.0,4,Phone,5,Single,4,0,12.0,1.0,2.0,4.0,154.6
54188,0,16.0,Phone,3,15.0,E wallet,Male,3.0,4,Laptop & Accessory,4,Married,2,0,12.0,3.0,5.0,3.0,193.25
54191,0,7.0,Phone,1,9.0,CC,Male,4.0,4,Phone,1,Single,6,0,12.0,1.0,2.0,1.0,149.96
54222,0,12.0,Computer,1,36.0,Debit Card,Female,3.0,4,Laptop & Accessory,1,Single,3,0,12.0,7.0,10.0,10.0,149.06
54224,0,31.0,Phone,3,32.0,Debit Card,Female,5.0,4,Fashion,5,Single,9,0,12.0,7.0,8.0,10.0,201.37
54231,0,31.0,Computer,3,7.0,Debit Card,Female,3.0,5,Laptop & Accessory,3,Single,9,0,12.0,2.0,2.0,4.0,179.73
54246,0,30.0,Phone,1,14.0,Debit Card,Male,3.0,6,Fashion,1,Single,6,0,12.0,1.0,2.0,3.0,197.6
54268,1,1.0,Phone,3,12.0,E wallet,Male,3.0,5,Laptop & Accessory,3,Single,3,1,12.0,1.0,2.0,4.0,182.44
54269,0,1.0,Phone,1,14.0,CC,Male,4.0,5,Phone,1,Married,3,0,12.0,1.0,3.0,2.0,153.89
54292,0,24.0,Computer,3,19.0,E wallet,Female,4.0,4,Fashion,1,Single,6,0,12.0,2.0,3.0,3.0,217.08
54293,1,1.0,Phone,3,27.0,Debit Card,Female,4.0,6,Laptop & Accessory,3,Married,5,1,12.0,1.0,3.0,3.0,170.59
54311,0,14.0,Computer,1,33.0,CC,Female,3.0,4,Laptop & Accessory,4,Married,3,0,12.0,1.0,3.0,14.0,181.05
54319,0,14.0,Phone,3,11.0,E wallet,Male,4.0,5,Fashion,1,Married,9,0,12.0,2.0,2.0,12.0,233.55
54323,0,2.0,Phone,1,28.0,CC,Male,3.0,4,Phone,1,Married,3,0,12.0,1.0,2.0,3.0,152.13
54334,0,4.0,Computer,1,16.0,CC,Male,4.0,4,Laptop & Accessory,5,Married,3,0,12.0,6.0,7.0,11.0,155.72
54335,0,19.0,Phone,3,11.0,Debit Card,Female,2.0,4,Laptop & Accessory,5,Married,6,1,12.0,1.0,2.0,4.0,175.06
54345,0,27.0,Phone,1,20.0,CC,Female,3.0,2,Laptop & Accessory,5,Married,3,0,12.0,2.0,2.0,4.0,169.5
54357,0,9.0,Computer,1,9.0,CC,Female,3.0,4,Laptop & Accessory,4,Single,7,0,12.0,1.0,2.0,3.0,169.25
54371,1,1.0,Phone,3,11.0,CC,Male,3.0,6,Fashion,1,Married,3,0,12.0,7.0,10.0,3.0,229.0
54375,1,1.0,Phone,1,10.0,COD,Female,3.0,4,Phone,5,Single,7,1,12.0,1.0,2.0,5.0,151.57
54399,0,6.0,Phone,3,11.0,Debit Card,Female,3.0,4,Phone,4,Married,4,0,12.0,2.0,2.0,3.0,164.31
54411,1,1.0,Computer,1,17.0,CC,Male,4.0,4,Fashion,3,Married,8,0,12.0,1.0,2.0,3.0,225.48
54417,0,16.0,Phone,1,9.0,CC,Female,3.0,5,Phone,5,Married,2,1,12.0,8.0,8.0,9.0,150.93
54419,0,25.0,Phone,1,7.0,Debit Card,Male,4.0,4,Phone,1,Married,3,0,12.0,2.0,2.0,1.0,152.23
54420,1,1.0,Computer,1,36.0,CC,Male,4.0,5,Phone,4,Single,2,0,12.0,1.0,2.0,5.0,159.79
54425,1,1.0,Phone,1,9.0,Debit Card,Male,4.0,4,Phone,3,Single,4,0,12.0,1.0,2.0,1.0,159.85
54430,0,10.0,Phone,1,13.0,Debit Card,Male,3.0,4,Phone,1,Married,2,0,12.0,2.0,11.0,12.0,157.1
54453,0,5.0,Computer,3,12.0,E wallet,Female,3.0,4,Phone,4,Married,3,0,12.0,1.0,3.0,3.0,152.89
54464,0,5.0,Phone,3,14.0,COD,Male,4.0,2,Laptop & Accessory,1,Married,6,0,12.0,4.0,8.0,8.0,194.29
54474,0,7.0,Computer,1,12.0,Debit Card,Female,4.0,4,Fashion,4,Married,8,0,12.0,8.0,2.0,9.0,243.77999999999997
54480,0,6.0,Phone,3,15.0,COD,Female,4.0,5,Laptop & Accessory,4,Married,3,1,12.0,12.0,12.0,10.0,177.28
54481,0,1.0,Phone,3,9.0,Debit Card,Male,4.0,4,Laptop & Accessory,3,Single,3,1,12.0,1.0,2.0,5.0,169.78
54491,0,17.0,Computer,1,17.0,Debit Card,Female,3.0,5,Laptop & Accessory,3,Married,3,0,12.0,2.0,2.0,1.0,177.57
54497,1,1.0,Phone,1,15.0,UPI,Male,4.0,6,Phone,5,Married,3,1,12.0,1.0,2.0,8.0,146.19
54511,0,16.0,Phone,2,9.0,COD,Male,3.0,4,Phone,3,Married,2,1,12.0,2.0,2.0,1.0,151.96
54518,1,1.0,Computer,3,7.0,COD,Female,4.0,5,Phone,4,Single,3,1,12.0,2.0,2.0,3.0,146.74
54520,0,10.0,Computer,3,10.0,CC,Male,3.0,5,Fashion,1,Married,6,0,12.0,1.0,2.0,3.0,221.99
54521,0,31.0,Phone,1,7.0,CC,Male,3.0,4,Laptop & Accessory,3,Married,4,0,12.0,1.0,2.0,3.0,192.55
54534,0,1.0,Phone,1,7.0,CC,Male,3.0,4,Phone,4,Married,3,0,12.0,1.0,2.0,5.0,163.16
54537,0,25.0,Phone,3,21.0,Debit Card,Female,3.0,4,Laptop & Accessory,1,Married,6,0,12.0,2.0,2.0,8.0,174.36
54551,0,17.0,Phone,1,19.0,Debit Card,Male,3.0,5,Grocery,4,Married,3,0,12.0,1.0,4.0,10.0,268.36
54558,0,1.0,Phone,3,11.0,Debit Card,Female,4.0,5,Laptop & Accessory,1,Single,3,1,12.0,1.0,2.0,4.0,169.87
54562,0,30.0,Computer,3,13.0,Debit Card,Female,3.0,2,Grocery,5,Married,11,0,12.0,7.0,2.0,8.0,257.12
54563,0,4.0,Phone,3,19.0,COD,Female,3.0,4,Laptop & Accessory,3,Single,2,0,12.0,4.0,5.0,5.0,190.77
54570,0,16.0,Computer,1,36.0,Debit Card,Female,4.0,4,Laptop & Accessory,3,Married,4,0,12.0,2.0,2.0,3.0,170.56
54574,0,16.0,Computer,1,35.0,COD,Female,3.0,5,Laptop & Accessory,1,Married,2,0,12.0,1.0,2.0,5.0,170.23
54584,0,4.0,Computer,3,29.0,UPI,Female,4.0,4,Fashion,5,Married,2,0,12.0,4.0,8.0,9.0,209.12
54592,0,28.0,Phone,1,6.0,Debit Card,Female,3.0,4,Laptop & Accessory,3,Single,9,0,12.0,1.0,2.0,1.0,162.8
54608,0,9.0,Phone,3,7.0,E wallet,Male,3.0,4,Laptop & Accessory,3,Married,11,0,12.0,1.0,7.0,10.0,172.17
54610,0,13.0,Computer,1,15.0,Debit Card,Female,3.0,4,Phone,3,Married,3,0,12.0,2.0,2.0,8.0,162.55
54614,1,1.0,Computer,2,24.0,Debit Card,Female,3.0,4,Phone,3,Married,2,1,12.0,1.0,2.0,1.0,152.41
54626,0,20.0,Computer,1,25.0,CC,Female,3.0,4,Fashion,3,Married,7,0,12.0,1.0,2.0,3.0,230.27
54635,0,1.0,Phone,1,30.0,CC,Male,3.0,2,Phone,1,Married,3,1,12.0,1.0,2.0,5.0,152.25
54639,0,1.0,Phone,3,20.0,CC,Male,3.0,4,Phone,3,Married,3,0,12.0,2.0,2.0,7.0,145.96
54647,0,11.0,Phone,3,9.0,E wallet,Male,4.0,4,Laptop & Accessory,3,Married,6,1,12.0,1.0,2.0,3.0,221.02
54653,0,22.0,Phone,1,7.0,Debit Card,Female,3.0,5,Grocery,5,Married,9,0,12.0,1.0,2.0,3.0,279.02
54654,0,18.0,Phone,2,7.0,Debit Card,Female,3.0,5,Laptop & Accessory,3,Single,6,0,12.0,2.0,2.0,3.0,184.85
54656,1,1.0,Phone,3,9.0,E wallet,Male,3.0,4,Phone,5,Married,2,0,12.0,2.0,2.0,3.0,155.41
54657,0,1.0,Phone,3,29.0,COD,Male,3.0,4,Phone,3,Single,3,0,12.0,1.0,2.0,3.0,159.47
54672,0,10.0,Phone,1,16.0,CC,Male,3.0,5,Laptop & Accessory,4,Married,4,1,12.0,1.0,2.0,3.0,213.47
54674,1,1.0,Phone,1,17.0,CC,Male,3.0,4,Phone,3,Single,3,1,12.0,2.0,2.0,2.0,135.09
54675,1,1.0,Computer,1,10.0,Debit Card,Male,4.0,4,Phone,5,Single,3,1,12.0,6.0,10.0,8.0,158.48
54684,0,24.0,Phone,1,35.0,CC,Male,4.0,2,Phone,3,Married,3,1,12.0,1.0,4.0,9.0,157.21
54687,0,13.0,Phone,1,9.0,COD,Female,4.0,5,Laptop & Accessory,3,Single,3,0,12.0,2.0,12.0,11.0,170.53
54691,0,1.0,Phone,1,7.0,Debit Card,Female,4.0,4,Fashion,5,Married,3,0,12.0,1.0,2.0,8.0,199.12
54707,0,3.0,Phone,3,17.0,Debit Card,Male,4.0,4,Phone,3,Single,3,0,12.0,2.0,2.0,1.0,151.42
54710,0,8.0,Phone,1,15.0,CC,Female,4.0,4,Laptop & Accessory,3,Single,5,0,12.0,1.0,5.0,4.0,186.42
54713,0,30.0,Phone,1,16.0,CC,Male,3.0,4,Grocery,1,Married,9,0,12.0,1.0,2.0,2.0,236.02999999999997
54718,0,9.0,Computer,1,9.0,Debit Card,Female,4.0,4,Laptop & Accessory,5,Married,4,0,12.0,2.0,2.0,1.0,175.93
54736,0,28.0,Phone,1,26.0,CC,Female,4.0,4,Laptop & Accessory,5,Married,11,1,12.0,1.0,2.0,5.0,179.85
54740,0,8.0,Phone,1,9.0,CC,Female,3.0,5,Phone,5,Single,3,0,12.0,2.0,2.0,4.0,168.81
54747,0,1.0,Computer,1,16.0,Debit Card,Male,3.0,5,Phone,4,Married,3,0,12.0,1.0,2.0,1.0,151.94
54750,1,1.0,Phone,1,7.0,Debit Card,Female,3.0,5,Phone,5,Married,3,1,12.0,1.0,2.0,1.0,148.19
54751,0,7.0,Phone,1,14.0,CC,Male,3.0,4,Fashion,3,Married,2,0,12.0,2.0,2.0,8.0,241.91000000000003
54776,0,1.0,Computer,1,10.0,CC,Male,3.0,4,Phone,1,Married,3,0,12.0,1.0,2.0,1.0,142.06
54781,0,9.0,Phone,1,34.0,CC,Female,3.0,5,Phone,5,Single,3,0,12.0,1.0,2.0,2.0,150.59
54783,0,6.0,Phone,3,20.0,Debit Card,Male,4.0,4,Laptop & Accessory,1,Married,4,0,12.0,1.0,2.0,4.0,169.03
54815,0,13.0,Phone,2,9.0,Debit Card,Female,3.0,5,Laptop & Accessory,1,Married,10,0,12.0,2.0,2.0,5.0,177.04
54816,0,7.0,Phone,2,10.0,UPI,Male,3.0,4,Phone,4,Married,5,1,12.0,1.0,2.0,4.0,147.77
54834,0,7.0,Phone,1,7.0,UPI,Male,4.0,5,Phone,5,Single,5,1,12.0,2.0,2.0,3.0,152.99
54838,0,23.0,Phone,1,15.0,UPI,Female,3.0,4,Fashion,4,Married,6,0,12.0,1.0,2.0,8.0,199.03
54851,0,5.0,Phone,1,19.0,CC,Female,3.0,4,Laptop & Accessory,1,Married,2,1,12.0,7.0,9.0,6.0,183.55
54854,1,1.0,Phone,3,10.0,Debit Card,Male,3.0,5,Fashion,1,Married,3,1,12.0,4.0,4.0,3.0,228.25
54856,1,1.0,Phone,3,7.0,Debit Card,Male,3.0,5,Fashion,3,Married,7,0,12.0,6.0,12.0,3.0,231.08999999999997
54863,0,4.0,Phone,3,15.0,UPI,Male,4.0,4,Fashion,3,Married,7,0,12.0,3.0,8.0,8.0,197.64
54881,1,1.0,Phone,1,29.0,Debit Card,Female,3.0,4,Phone,3,Married,6,1,12.0,1.0,2.0,2.0,146.32
54889,0,28.0,Phone,1,24.0,COD,Female,3.0,4,Fashion,3,Married,10,0,12.0,1.0,2.0,9.0,232.39
54890,0,9.0,Phone,1,32.0,CC,Female,3.0,4,Fashion,3,Married,3,1,12.0,1.0,11.0,3.0,228.88
54918,0,8.0,Phone,3,7.0,E wallet,Male,4.0,2,Laptop & Accessory,1,Married,2,0,12.0,1.0,2.0,3.0,222.25
54932,0,28.0,Phone,3,9.0,Debit Card,Female,3.0,5,Fashion,3,Married,8,0,12.0,7.0,2.0,1.0,231.86
54934,0,10.0,Phone,1,19.0,CC,Female,3.0,5,Fashion,1,Single,2,0,12.0,6.0,8.0,3.0,213.58
54973,0,17.0,Computer,1,34.0,Debit Card,Female,3.0,4,Fashion,5,Married,10,0,12.0,2.0,2.0,2.0,233.2
54974,1,3.0,Computer,1,9.0,Debit Card,Male,3.0,4,Grocery,1,Married,9,0,12.0,11.0,2.0,6.0,246.69
54976,0,1.0,Phone,1,7.0,COD,Female,4.0,5,Phone,4,Single,3,1,12.0,2.0,3.0,3.0,145.7
54981,0,9.0,Computer,3,18.0,E wallet,Male,3.0,4,Laptop & Accessory,1,Married,3,0,12.0,2.0,2.0,3.0,174.68
54983,0,8.0,Computer,1,9.0,Debit Card,Male,4.0,4,Laptop & Accessory,3,Single,4,0,12.0,2.0,2.0,3.0,165.33
54991,0,15.0,Phone,1,19.0,Debit Card,Male,3.0,4,Phone,1,Married,5,1,12.0,2.0,2.0,1.0,172.66
55003,1,1.0,Phone,1,19.0,Debit Card,Female,4.0,4,Phone,1,Married,3,1,12.0,2.0,2.0,1.0,150.15
55018,1,8.0,Phone,1,17.0,Debit Card,Male,4.0,4,Phone,3,Single,3,1,12.0,2.0,2.0,3.0,154.36
55021,1,1.0,Computer,1,10.0,Debit Card,Male,3.0,5,Phone,1,Married,2,1,12.0,1.0,2.0,1.0,153.53
55038,0,20.0,Phone,1,9.0,COD,Male,3.0,4,Laptop & Accessory,1,Married,4,0,12.0,1.0,2.0,5.0,198.79
55049,0,9.0,Computer,3,15.0,E wallet,Female,4.0,5,Fashion,1,Married,6,1,12.0,4.0,5.0,3.0,228.77
55062,0,22.0,Phone,1,9.0,COD,Male,4.0,2,Phone,4,Single,7,0,12.0,1.0,2.0,1.0,150.59
55063,0,1.0,Phone,1,11.0,Debit Card,Male,4.0,4,Phone,3,Married,3,0,12.0,2.0,2.0,4.0,150.17
55064,0,3.0,Phone,1,14.0,Debit Card,Male,3.0,4,Laptop & Accessory,1,Married,3,1,12.0,2.0,2.0,1.0,191.23
55082,0,2.0,Computer,1,8.0,CC,Male,3.0,4,Phone,3,Single,2,1,12.0,2.0,2.0,3.0,146.54
55084,0,8.0,Computer,2,18.0,Debit Card,Male,3.0,5,Laptop & Accessory,4,Married,6,0,12.0,1.0,2.0,9.0,169.9
55088,0,10.0,Phone,1,9.0,Debit Card,Female,3.0,4,Laptop & Accessory,4,Single,11,1,12.0,5.0,6.0,13.0,179.1
55089,1,8.0,Phone,1,22.0,CC,Female,4.0,4,Fashion,1,Married,3,0,12.0,1.0,2.0,6.0,204.78
55094,0,2.0,Phone,1,8.0,COD,Male,3.0,4,Phone,5,Single,4,0,12.0,2.0,2.0,3.0,145.8
55105,0,2.0,Computer,1,8.0,Debit Card,Female,3.0,6,Laptop & Accessory,1,Married,2,0,12.0,8.0,8.0,6.0,191.74
55110,0,13.0,Phone,1,25.0,Debit Card,Male,3.0,4,Laptop & Accessory,3,Single,2,0,12.0,2.0,2.0,8.0,170.34
55113,1,1.0,Computer,3,8.0,Debit Card,Female,3.0,4,Phone,4,Single,3,1,12.0,3.0,3.0,3.0,148.02
55119,0,8.0,Phone,1,16.0,Debit Card,Male,3.0,4,Fashion,1,Married,2,0,12.0,1.0,2.0,3.0,210.0
55122,0,9.0,Computer,1,11.0,Debit Card,Male,3.0,4,Laptop & Accessory,3,Single,3,1,12.0,2.0,2.0,2.0,167.49
55123,0,25.0,Phone,2,12.0,Debit Card,Male,3.0,4,Grocery,4,Married,3,1,12.0,1.0,2.0,11.0,265.26
55126,0,1.0,Phone,1,26.0,CC,Male,4.0,4,Phone,1,Married,5,0,12.0,1.0,2.0,3.0,161.69
55130,0,22.0,Phone,1,11.0,Debit Card,Male,3.0,4,Fashion,1,Single,3,0,12.0,2.0,2.0,9.0,203.98
55143,0,12.0,Computer,1,14.0,Debit Card,Male,3.0,2,Phone,3,Married,3,0,12.0,1.0,2.0,4.0,151.1
55144,0,8.0,Phone,1,9.0,COD,Female,4.0,4,Laptop & Accessory,1,Single,3,0,12.0,5.0,5.0,12.0,191.87
55145,0,2.0,Phone,3,33.0,Debit Card,Male,3.0,5,Laptop & Accessory,5,Married,3,0,12.0,2.0,2.0,5.0,172.24
55148,0,25.0,Computer,3,9.0,E wallet,Male,3.0,4,Fashion,4,Married,4,0,12.0,4.0,4.0,3.0,230.96
55154,0,1.0,Phone,3,25.0,Debit Card,Male,4.0,2,Laptop & Accessory,3,Married,4,0,12.0,2.0,2.0,3.0,187.32
55155,0,26.0,Computer,1,35.0,CC,Female,3.0,2,Grocery,3,Married,4,1,12.0,2.0,2.0,3.0,257.47
55157,0,1.0,Phone,3,17.0,E wallet,Female,4.0,5,Laptop & Accessory,1,Married,3,1,12.0,2.0,5.0,5.0,182.69
55163,0,9.0,Computer,1,25.0,Debit Card,Male,3.0,4,Fashion,1,Single,4,0,12.0,3.0,3.0,3.0,218.62
55164,0,1.0,Phone,1,8.0,COD,Male,3.0,4,Phone,1,Married,6,0,12.0,1.0,2.0,3.0,157.29
55175,0,5.0,Phone,1,15.0,Debit Card,Female,4.0,4,Grocery,4,Single,5,0,12.0,1.0,2.0,1.0,289.22
55190,0,14.0,Computer,1,16.0,UPI,Male,3.0,4,Laptop & Accessory,3,Married,5,0,12.0,1.0,2.0,8.0,164.75
55192,1,10.0,Phone,3,16.0,E wallet,Male,3.0,4,Fashion,1,Married,6,0,12.0,5.0,5.0,3.0,225.96
55194,1,1.0,Computer,1,8.0,Debit Card,Female,4.0,2,Fashion,4,Single,3,0,12.0,2.0,5.0,8.0,199.46
55199,0,22.0,Phone,3,14.0,E wallet,Male,4.0,4,Laptop & Accessory,5,Married,6,0,12.0,1.0,3.0,3.0,179.86
55201,0,14.0,Computer,1,15.0,CC,Male,3.0,5,Fashion,4,Married,4,0,12.0,1.0,5.0,9.0,262.57
55218,1,1.0,Computer,3,20.0,COD,Female,3.0,4,Laptop & Accessory,4,Single,7,0,12.0,2.0,2.0,1.0,182.65
55221,1,1.0,Computer,1,16.0,CC,Male,3.0,4,Phone,5,Single,4,1,12.0,1.0,2.0,1.0,156.72
55227,0,7.0,Phone,1,11.0,CC,Female,3.0,5,Phone,4,Married,10,0,12.0,2.0,2.0,3.0,163.38
55229,1,1.0,Computer,1,9.0,CC,Male,3.0,5,Phone,5,Single,9,0,12.0,2.0,2.0,1.0,150.61
55267,1,1.0,Phone,3,8.0,Debit Card,Male,4.0,5,Laptop & Accessory,5,Married,3,0,12.0,2.0,7.0,3.0,222.14
55268,0,12.0,Computer,2,17.0,UPI,Male,4.0,4,Laptop & Accessory,3,Married,5,0,12.0,1.0,2.0,3.0,185.77
55273,1,2.0,Phone,1,9.0,CC,Male,3.0,4,Laptop & Accessory,4,Married,6,0,12.0,2.0,2.0,5.0,173.55
55280,0,12.0,Phone,3,21.0,Debit Card,Male,4.0,4,Laptop & Accessory,4,Married,2,0,12.0,4.0,8.0,3.0,224.24
55285,0,13.0,Phone,3,13.0,CC,Male,3.0,2,Fashion,3,Married,4,0,12.0,4.0,8.0,7.0,207.37
55310,0,1.0,Phone,1,26.0,UPI,Male,4.0,5,Phone,5,Married,3,0,12.0,1.0,2.0,8.0,165.66
55311,0,9.0,Phone,1,25.0,Debit Card,Male,3.0,2,Laptop & Accessory,5,Married,3,0,12.0,2.0,2.0,11.0,177.08
55324,0,11.0,Phone,1,17.0,CC,Female,4.0,4,Phone,4,Married,3,0,12.0,5.0,8.0,8.0,164.36
55326,0,18.0,Computer,2,8.0,UPI,Male,3.0,4,Laptop & Accessory,1,Married,6,1,12.0,2.0,2.0,3.0,182.43
55333,0,3.0,Phone,3,17.0,CC,Male,3.0,5,Laptop & Accessory,3,Single,11,0,12.0,2.0,2.0,5.0,183.69
55341,0,10.0,Phone,1,14.0,Debit Card,Male,4.0,4,Phone,4,Single,4,0,12.0,1.0,2.0,4.0,145.13
55352,0,5.0,Phone,3,12.0,Debit Card,Female,4.0,4,Laptop & Accessory,1,Married,3,0,12.0,1.0,2.0,3.0,179.76
55358,0,1.0,Phone,3,16.0,Debit Card,Male,3.0,4,Phone,5,Single,3,0,12.0,1.0,2.0,3.0,152.28
55362,1,1.0,Phone,1,15.0,CC,Male,4.0,5,Phone,3,Single,3,1,12.0,2.0,2.0,3.0,164.89
55365,1,12.0,Computer,3,14.0,CC,Female,4.0,4,Phone,3,Married,4,1,12.0,2.0,8.0,8.0,151.55
55383,1,1.0,Phone,2,29.0,UPI,Male,3.0,6,Phone,3,Married,3,0,12.0,1.0,2.0,1.0,140.55
55384,1,11.0,Computer,3,16.0,Debit Card,Male,3.0,6,Grocery,3,Married,9,0,12.0,7.0,2.0,11.0,254.36
55395,0,21.0,Computer,3,9.0,E wallet,Male,3.0,4,Laptop & Accessory,4,Married,9,0,12.0,1.0,2.0,1.0,174.78
55407,1,1.0,Computer,2,15.0,UPI,Female,4.0,5,Phone,1,Married,8,0,12.0,2.0,2.0,3.0,146.8
55409,0,1.0,Phone,1,15.0,CC,Female,4.0,4,Phone,1,Single,3,0,12.0,1.0,2.0,5.0,159.45
55412,0,4.0,Phone,3,22.0,E wallet,Male,4.0,5,Fashion,5,Married,4,0,12.0,2.0,2.0,8.0,196.4
55433,0,12.0,Phone,1,13.0,UPI,Female,3.0,5,Phone,3,Married,3,0,12.0,2.0,2.0,5.0,162.02
55436,0,25.0,Phone,1,10.0,COD,Female,3.0,4,Fashion,3,Married,4,0,12.0,3.0,2.0,3.0,256.16
55444,0,2.0,Phone,1,8.0,Debit Card,Male,3.0,4,Phone,1,Married,3,0,12.0,1.0,2.0,4.0,145.44
55458,1,1.0,Phone,2,27.0,CC,Female,4.0,4,Phone,4,Married,2,1,12.0,1.0,2.0,5.0,146.48
55490,0,3.0,Phone,2,13.0,CC,Male,3.0,5,Phone,4,Married,3,0,12.0,2.0,2.0,1.0,153.04
55502,0,5.0,Phone,1,27.0,Debit Card,Male,3.0,4,Laptop & Accessory,3,Married,3,0,12.0,1.0,2.0,3.0,166.97
55506,0,9.0,Phone,1,23.0,UPI,Female,3.0,5,Laptop & Accessory,4,Married,2,1,12.0,1.0,2.0,3.0,172.88
55519,0,5.0,Phone,3,17.0,CC,Female,3.0,4,Laptop & Accessory,1,Married,4,1,12.0,2.0,2.0,5.0,190.83
55528,0,1.0,Phone,1,9.0,COD,Male,3.0,4,Phone,4,Married,3,0,12.0,1.0,2.0,3.0,147.26
55530,1,1.0,Phone,3,20.0,E wallet,Female,3.0,4,Laptop & Accessory,3,Single,5,1,12.0,1.0,3.0,3.0,223.54
55553,0,9.0,Phone,3,14.0,Debit Card,Female,3.0,4,Laptop & Accessory,1,Married,3,1,12.0,2.0,2.0,10.0,177.04
55556,1,1.0,Computer,3,33.0,E wallet,Male,4.0,4,Laptop & Accessory,1,Married,3,1,12.0,1.0,2.0,9.0,181.17
55558,0,28.0,Phone,1,16.0,Debit Card,Female,4.0,4,Laptop & Accessory,3,Married,5,0,12.0,2.0,3.0,4.0,153.97
55561,0,12.0,Computer,2,8.0,UPI,Male,3.0,4,Phone,4,Married,2,1,12.0,1.0,2.0,3.0,154.91
55563,0,5.0,Phone,1,9.0,CC,Female,3.0,6,Phone,1,Married,3,1,12.0,1.0,2.0,1.0,136.29
55570,0,14.0,Computer,1,18.0,COD,Female,4.0,4,Laptop & Accessory,3,Married,3,0,12.0,8.0,10.0,5.0,188.23
55579,0,12.0,Computer,1,13.0,Debit Card,Male,4.0,5,Laptop & Accessory,3,Married,4,0,12.0,3.0,8.0,8.0,178.21
55583,0,9.0,Phone,1,18.0,CC,Male,3.0,4,Phone,3,Married,9,1,12.0,3.0,3.0,3.0,151.6
55597,0,1.0,Phone,3,12.0,CC,Male,3.0,4,Phone,5,Single,3,1,12.0,2.0,2.0,3.0,148.8
55605,1,20.0,Phone,1,14.0,COD,Male,4.0,4,Phone,3,Married,10,0,12.0,7.0,10.0,9.0,148.39
55609,0,15.0,Phone,3,10.0,Debit Card,Male,3.0,5,Laptop & Accessory,4,Married,4,0,12.0,2.0,2.0,3.0,214.38
55612,0,12.0,Phone,3,17.0,Debit Card,Female,4.0,4,Laptop & Accessory,1,Married,3,0,12.0,1.0,2.0,10.0,178.43
55623,0,13.0,Phone,3,31.0,E wallet,Female,3.0,5,Grocery,1,Married,2,0,12.0,4.0,2.0,7.0,245.31
50001,1,4.0,Phone,3,6.0,Debit Card,Female,3.0,3,Laptop & Accessory,2,Single,9,1,11.0,1.0,1.0,5.0,159.93
50005,1,0.0,Phone,1,12.0,CC,Male,3.0,3,Phone,5,Single,3,0,11.0,1.0,1.0,3.0,129.6
50018,1,0.0,Phone,3,11.0,E wallet,Male,2.0,4,Laptop & Accessory,3,Single,2,1,11.0,1.0,1.0,3.0,157.44
50024,1,0.0,Phone,3,26.0,Debit Card,Female,3.0,5,Laptop & Accessory,3,Divorced,4,1,11.0,1.0,2.0,2.0,145.59
50034,0,13.0,Phone,3,10.0,E wallet,Male,3.0,4,Fashion,2,Divorced,8,0,11.0,2.0,2.0,11.0,208.55
50038,0,1.0,Phone,1,27.0,CC,Male,3.0,3,Phone,2,Divorced,2,0,11.0,0.0,1.0,2.0,127.13
50049,0,3.0,Computer,1,15.0,CC,Male,3.0,3,Laptop & Accessory,5,Married,2,0,11.0,0.0,6.0,10.0,130.72
50050,0,18.0,Phone,3,10.0,Debit Card,Female,1.0,3,Laptop & Accessory,5,Married,5,1,11.0,0.0,1.0,3.0,150.06
50060,0,26.0,Phone,1,19.0,CC,Female,2.0,2,Laptop & Accessory,5,Married,2,0,11.0,1.0,1.0,3.0,144.5
50063,0,28.0,Phone,1,20.0,CC,Male,3.0,2,Others,4,Single,9,0,11.0,1.0,2.0,15.0,287.22
50072,0,8.0,Computer,1,8.0,CC,Female,2.0,3,Laptop & Accessory,4,Single,6,0,11.0,1.0,1.0,2.0,144.25
50086,1,0.0,Phone,3,10.0,CC,Male,2.0,5,Fashion,2,Divorced,2,0,11.0,7.0,9.0,8.0,204.0
50090,1,0.0,Phone,1,14.0,COD,Female,2.0,3,Phone,5,Single,6,1,11.0,1.0,1.0,4.0,126.57
50114,0,5.0,Phone,3,10.0,Debit Card,Female,2.0,3,Phone,4,Divorced,3,0,11.0,1.0,1.0,2.0,139.31
50126,1,0.0,Computer,1,16.0,CC,Male,3.0,3,Fashion,3,Married,7,0,11.0,1.0,1.0,0.0,200.48
50132,0,15.0,Phone,1,14.0,CC,Female,2.0,4,Phone,5,Married,1,1,11.0,4.0,7.0,8.0,125.93
50134,0,24.0,Phone,1,6.0,Debit Card,Male,3.0,3,Phone,2,Divorced,2,0,11.0,1.0,1.0,0.0,127.22999999999999
50135,1,0.0,Computer,1,35.0,CC,Male,3.0,4,Phone,4,Single,1,0,11.0,1.0,1.0,4.0,134.79
50140,1,0.0,Phone,1,8.0,Debit Card,Male,3.0,3,Phone,3,Single,3,0,11.0,1.0,1.0,0.0,134.85
50145,0,9.0,Phone,1,12.0,Debit Card,Male,2.0,3,Phone,2,Divorced,1,0,11.0,4.0,10.0,11.0,132.1
50166,0,22.0,Computer,1,16.0,Debit Card,Female,2.0,3,Others,5,Single,10,1,11.0,1.0,1.0,2.0,286.65
50168,0,4.0,Computer,3,11.0,E wallet,Female,3.0,3,Phone,4,Married,2,0,11.0,0.0,2.0,2.0,127.88999999999999
50179,0,4.0,Phone,3,13.0,COD,Male,3.0,2,Laptop & Accessory,2,Divorced,5,0,11.0,3.0,7.0,7.0,169.29
50189,0,6.0,Computer,1,11.0,Debit Card,Female,3.0,3,Fashion,4,Divorced,7,0,11.0,2.0,8.0,3.0,218.77999999999997
50195,0,5.0,Phone,3,14.0,COD,Female,3.0,4,Laptop & Accessory,4,Divorced,2,1,11.0,6.0,11.0,9.0,152.28
50196,0,0.0,Phone,3,8.0,Debit Card,Male,3.0,3,Laptop & Accessory,3,Single,2,1,11.0,1.0,1.0,4.0,144.78
50205,0,20.0,Phone,1,11.0,Debit Card,Male,2.0,3,Others,3,Divorced,5,0,11.0,1.0,1.0,1.0,283.0
50206,0,16.0,Computer,1,16.0,Debit Card,Female,2.0,4,Laptop & Accessory,3,Married,2,0,11.0,0.0,1.0,0.0,152.57
50212,1,9.0,Phone,1,14.0,UPI,Male,3.0,5,Phone,5,Divorced,2,1,11.0,1.0,1.0,7.0,121.19
50226,0,15.0,Phone,2,8.0,COD,Male,3.0,3,Phone,3,Married,1,1,11.0,1.0,1.0,0.0,126.96000000000001
50233,1,9.0,Computer,3,6.0,COD,Female,2.0,4,Phone,4,Single,2,1,11.0,1.0,1.0,2.0,121.74000000000001
50235,0,9.0,Computer,3,9.0,CC,Male,2.0,4,Fashion,2,Divorced,5,0,11.0,0.0,1.0,12.0,196.99
50236,0,30.0,Phone,1,6.0,CC,Male,2.0,3,Laptop & Accessory,3,Divorced,3,0,11.0,1.0,1.0,2.0,167.55
50249,0,0.0,Phone,1,6.0,CC,Male,2.0,3,Phone,4,Married,2,0,11.0,0.0,1.0,4.0,138.16
50252,0,24.0,Phone,3,20.0,Debit Card,Female,2.0,3,Laptop & Accessory,2,Divorced,5,0,11.0,0.0,1.0,7.0,149.36
50266,0,16.0,Phone,1,18.0,Debit Card,Male,2.0,4,Grocery,4,Married,2,0,11.0,0.0,2.0,9.0,243.36
50273,0,0.0,Phone,3,10.0,Debit Card,Female,2.0,4,Laptop & Accessory,2,Single,2,1,11.0,0.0,1.0,3.0,144.87
50277,0,29.0,Computer,3,12.0,Debit Card,Female,2.0,2,Grocery,5,Divorced,10,0,11.0,2.0,2.0,7.0,232.12
50278,0,3.0,Phone,3,18.0,COD,Female,2.0,3,Laptop & Accessory,3,Single,1,0,11.0,3.0,4.0,4.0,165.77
50285,0,15.0,Computer,1,35.0,Debit Card,Female,3.0,3,Laptop & Accessory,3,Married,3,0,11.0,1.0,1.0,2.0,145.56
50289,0,15.0,Computer,1,34.0,COD,Female,2.0,4,Laptop & Accessory,2,Divorced,1,0,11.0,0.0,1.0,4.0,145.23
50299,0,3.0,Computer,3,28.0,UPI,Female,3.0,3,Fashion,5,Divorced,1,0,11.0,2.0,7.0,8.0,184.12
50307,0,27.0,Phone,1,14.0,Debit Card,Female,2.0,3,Laptop & Accessory,3,Single,8,0,11.0,1.0,1.0,0.0,137.8
50323,0,8.0,Phone,3,6.0,E wallet,Male,2.0,3,Laptop & Accessory,3,Divorced,10,0,11.0,3.0,6.0,9.0,147.17
50325,0,12.0,Computer,1,14.0,Debit Card,Female,2.0,3,Phone,3,Divorced,2,0,11.0,0.0,1.0,7.0,137.55
50329,1,0.0,Computer,2,23.0,Debit Card,Female,3.0,3,Phone,3,Married,1,1,11.0,0.0,1.0,0.0,127.41
50341,0,19.0,Computer,1,24.0,CC,Female,2.0,3,Fashion,3,Divorced,6,0,11.0,1.0,1.0,2.0,205.27
50350,0,0.0,Phone,1,29.0,CC,Male,3.0,2,Phone,2,Divorced,2,1,11.0,0.0,1.0,4.0,127.25
50353,0,23.0,Computer,2,9.0,CC,Male,2.0,3,Others,4,Divorced,2,0,11.0,1.0,10.0,7.0,282.0
50354,0,9.0,Phone,3,19.0,CC,Male,2.0,3,Phone,3,Divorced,2,0,11.0,1.0,1.0,6.0,120.96000000000001
50362,0,10.0,Phone,3,8.0,E wallet,Male,3.0,3,Laptop & Accessory,3,Divorced,5,1,11.0,0.0,1.0,0.0,196.02
50368,0,21.0,Phone,1,6.0,Debit Card,Female,2.0,4,Grocery,5,Divorced,8,0,11.0,0.0,2.0,2.0,254.01999999999998
50369,0,17.0,Phone,2,6.0,Debit Card,Female,2.0,4,Laptop & Accessory,3,Single,5,0,11.0,1.0,1.0,2.0,159.85
50371,1,0.0,Phone,3,8.0,E wallet,Male,3.0,3,Phone,5,Married,1,0,11.0,0.0,1.0,2.0,130.41
50372,0,0.0,Phone,3,28.0,COD,Male,2.0,3,Phone,3,Single,2,0,11.0,1.0,1.0,2.0,134.47
50387,0,9.0,Phone,1,15.0,CC,Male,2.0,4,Laptop & Accessory,4,Married,3,1,11.0,1.0,1.0,2.0,188.47
50389,1,0.0,Phone,1,16.0,CC,Male,2.0,3,Phone,3,Single,2,1,11.0,0.0,1.0,1.0,110.09
50390,1,0.0,Computer,1,9.0,Debit Card,Male,3.0,3,Phone,5,Single,2,1,11.0,9.0,9.0,7.0,133.48
50399,0,23.0,Phone,1,34.0,CC,Male,3.0,2,Phone,3,Divorced,2,1,11.0,3.0,3.0,8.0,132.21
50402,0,12.0,Phone,1,8.0,COD,Female,3.0,4,Laptop & Accessory,3,Single,2,0,11.0,2.0,11.0,10.0,145.53
50406,0,0.0,Phone,1,6.0,Debit Card,Female,3.0,3,Fashion,5,Divorced,2,0,11.0,1.0,1.0,7.0,174.12
50422,0,2.0,Phone,3,14.0,Debit Card,Male,2.0,3,Phone,3,Single,2,0,11.0,0.0,1.0,0.0,126.41999999999999
50425,0,7.0,Phone,1,14.0,CC,Female,3.0,3,Laptop & Accessory,3,Single,4,0,11.0,1.0,4.0,3.0,161.42
50428,0,29.0,Phone,1,15.0,CC,Male,2.0,3,Grocery,2,Divorced,8,0,11.0,0.0,1.0,3.0,211.02999999999997
50433,0,8.0,Computer,1,8.0,Debit Card,Female,3.0,3,Laptop & Accessory,5,Married,3,0,11.0,0.0,1.0,0.0,150.93
50437,0,25.0,Phone,3,9.0,E wallet,Male,2.0,4,Grocery,5,Divorced,2,0,11.0,1.0,1.0,16.0,268.56
50451,0,27.0,Phone,1,25.0,CC,Female,3.0,3,Laptop & Accessory,5,Married,10,1,11.0,0.0,1.0,4.0,154.85
50455,0,7.0,Phone,1,8.0,CC,Female,2.0,4,Phone,5,Single,2,0,11.0,1.0,1.0,3.0,143.81
50462,0,0.0,Computer,1,15.0,Debit Card,Male,3.0,4,Phone,4,Married,2,0,11.0,1.0,1.0,0.0,126.94
50465,1,0.0,Phone,1,14.0,Debit Card,Female,2.0,4,Phone,5,Divorced,2,1,11.0,0.0,1.0,0.0,123.19
50466,0,6.0,Phone,1,13.0,CC,Male,2.0,3,Fashion,3,Divorced,1,0,11.0,0.0,3.0,3.0,216.91000000000003
50468,0,20.0,Phone,1,8.0,UPI,Female,2.0,3,Grocery,2,Divorced,2,1,11.0,1.0,3.0,0.0,267.52
50491,0,9.0,Computer,1,9.0,CC,Male,2.0,3,Phone,2,Divorced,2,0,11.0,1.0,1.0,0.0,117.06
50496,0,8.0,Phone,1,14.0,CC,Female,2.0,4,Phone,5,Single,2,0,11.0,1.0,1.0,1.0,125.59
50498,0,5.0,Phone,3,19.0,Debit Card,Male,3.0,3,Laptop & Accessory,2,Married,3,0,11.0,0.0,1.0,3.0,144.03
50529,0,23.0,Computer,1,8.0,Debit Card,Male,3.0,3,Grocery,5,Married,2,0,11.0,1.0,14.0,7.0,279.24
50530,0,12.0,Phone,2,8.0,Debit Card,Female,2.0,4,Laptop & Accessory,2,Divorced,9,0,11.0,0.0,1.0,4.0,152.04
50531,0,9.0,Phone,2,9.0,UPI,Male,2.0,3,Phone,4,Married,4,1,11.0,0.0,1.0,3.0,122.77000000000001
50549,0,6.0,Phone,1,6.0,UPI,Male,3.0,4,Phone,5,Single,4,1,11.0,0.0,1.0,2.0,127.99000000000001
50553,0,22.0,Phone,1,14.0,UPI,Female,2.0,3,Fashion,4,Divorced,5,0,11.0,0.0,1.0,7.0,174.03
50566,0,4.0,Phone,1,18.0,CC,Female,2.0,3,Laptop & Accessory,2,Divorced,1,1,11.0,0.0,8.0,5.0,158.55
50569,1,0.0,Phone,3,9.0,Debit Card,Male,2.0,4,Fashion,2,Divorced,2,1,11.0,3.0,3.0,7.0,203.25
50571,1,0.0,Phone,3,6.0,Debit Card,Male,2.0,4,Fashion,3,Divorced,6,0,11.0,1.0,11.0,7.0,206.08999999999997
50578,0,3.0,Phone,3,14.0,UPI,Male,3.0,3,Fashion,3,Married,6,0,11.0,4.0,7.0,7.0,172.64
50586,0,6.0,Computer,3,23.0,Debit Card,Male,2.0,3,Grocery,3,Single,2,0,11.0,1.0,6.0,0.0,274.44
50596,1,9.0,Phone,1,28.0,Debit Card,Female,2.0,3,Phone,3,Divorced,5,1,11.0,0.0,1.0,1.0,121.32
50604,0,27.0,Phone,1,23.0,COD,Female,2.0,3,Fashion,3,Divorced,9,0,11.0,1.0,1.0,8.0,207.39
50605,0,8.0,Phone,1,31.0,CC,Female,2.0,3,Fashion,3,Married,2,1,11.0,2.0,10.0,1.0,203.88
50633,0,7.0,Phone,3,6.0,E wallet,Male,3.0,1,Laptop & Accessory,2,Married,1,0,11.0,1.0,1.0,9.0,197.25
50647,0,27.0,Phone,3,8.0,Debit Card,Female,2.0,4,Fashion,3,Divorced,7,0,11.0,6.0,7.0,0.0,206.86
50649,0,9.0,Phone,1,18.0,CC,Female,2.0,4,Fashion,2,Single,1,0,11.0,5.0,7.0,8.0,188.58
50688,0,16.0,Computer,1,33.0,Debit Card,Female,2.0,3,Fashion,5,Divorced,9,0,11.0,0.0,1.0,1.0,208.2
50689,1,2.0,Computer,1,8.0,Debit Card,Male,2.0,3,Grocery,2,Married,8,0,11.0,7.0,11.0,3.0,221.69
50691,0,9.0,Phone,1,6.0,COD,Female,3.0,4,Phone,4,Single,2,1,11.0,0.0,2.0,2.0,120.69999999999999
50696,0,8.0,Computer,3,17.0,E wallet,Male,2.0,3,Laptop & Accessory,2,Married,2,0,11.0,0.0,1.0,2.0,149.68
50698,0,7.0,Computer,1,8.0,Debit Card,Male,3.0,3,Laptop & Accessory,3,Single,3,0,11.0,1.0,1.0,2.0,140.33
50706,0,14.0,Phone,1,18.0,Debit Card,Male,2.0,3,Phone,2,Divorced,4,1,11.0,1.0,1.0,0.0,147.66
50718,1,0.0,Phone,1,14.0,Debit Card,Female,3.0,3,Phone,2,Divorced,2,1,11.0,1.0,1.0,0.0,125.15
50733,1,7.0,Phone,1,16.0,Debit Card,Male,3.0,3,Phone,3,Single,2,1,11.0,1.0,1.0,2.0,129.36
50736,1,0.0,Computer,1,9.0,Debit Card,Male,3.0,4,Phone,2,Divorced,1,1,11.0,0.0,1.0,0.0,128.53
50745,0,19.0,Phone,1,21.0,Debit Card,Male,2.0,3,Others,4,Divorced,6,0,11.0,1.0,1.0,3.0,290.81
50753,0,19.0,Phone,1,8.0,COD,Male,2.0,3,Laptop & Accessory,2,Married,3,0,11.0,1.0,1.0,4.0,173.79
50764,0,8.0,Computer,3,14.0,E wallet,Female,3.0,4,Fashion,2,Divorced,5,1,11.0,2.0,4.0,12.0,203.77
50777,0,21.0,Phone,1,14.0,COD,Male,3.0,1,Phone,4,Single,6,0,11.0,0.0,1.0,0.0,125.59
50778,0,0.0,Phone,1,14.0,Debit Card,Male,3.0,3,Phone,3,Married,2,0,11.0,1.0,1.0,3.0,125.16999999999999
50779,0,2.0,Phone,1,13.0,Debit Card,Male,2.0,3,Laptop & Accessory,2,Married,2,1,11.0,0.0,1.0,0.0,166.23
50783,0,17.0,Phone,3,11.0,E wallet,Male,2.0,3,Others,4,Divorced,8,0,11.0,1.0,3.0,10.0,282.13
50797,0,9.0,Computer,1,6.0,CC,Male,2.0,3,Phone,3,Single,1,1,11.0,0.0,1.0,2.0,121.53999999999999
50799,0,7.0,Computer,2,17.0,Debit Card,Male,2.0,4,Laptop & Accessory,4,Divorced,5,0,11.0,0.0,1.0,8.0,144.9
50803,0,9.0,Phone,1,8.0,Debit Card,Female,2.0,3,Laptop & Accessory,4,Single,10,1,11.0,4.0,5.0,12.0,154.1
50804,1,7.0,Phone,1,21.0,CC,Female,3.0,3,Fashion,2,Divorced,2,0,11.0,0.0,1.0,5.0,179.78
50809,0,9.0,Phone,1,6.0,COD,Male,2.0,3,Phone,5,Single,3,0,11.0,0.0,1.0,2.0,120.80000000000001
50820,0,1.0,Computer,1,6.0,Debit Card,Female,2.0,5,Laptop & Accessory,2,Divorced,1,0,11.0,7.0,7.0,5.0,166.74
50821,0,23.0,Phone,1,34.0,Debit Card,Female,2.0,3,Grocery,5,Divorced,5,1,11.0,1.0,1.0,2.0,268.8
50825,0,12.0,Phone,1,24.0,Debit Card,Male,2.0,3,Laptop & Accessory,3,Single,1,0,11.0,0.0,1.0,7.0,145.34
50828,1,9.0,Computer,3,6.0,Debit Card,Female,2.0,3,Phone,4,Single,2,1,11.0,1.0,2.0,2.0,123.02000000000001
50834,0,7.0,Phone,1,15.0,Debit Card,Male,2.0,3,Fashion,2,Married,1,0,11.0,1.0,1.0,6.0,185.0
50837,0,8.0,Computer,1,10.0,Debit Card,Male,2.0,3,Laptop & Accessory,3,Single,2,1,11.0,1.0,1.0,1.0,142.49
50838,0,24.0,Phone,2,11.0,Debit Card,Male,2.0,3,Grocery,4,Married,2,1,11.0,1.0,2.0,10.0,240.26
50841,0,0.0,Phone,1,25.0,CC,Male,3.0,3,Phone,2,Divorced,4,0,11.0,1.0,1.0,2.0,136.69
50845,0,21.0,Phone,1,10.0,Debit Card,Male,2.0,3,Fashion,2,Single,2,0,11.0,1.0,1.0,8.0,178.98
50858,0,11.0,Computer,1,14.0,Debit Card,Male,2.0,1,Phone,3,Married,2,0,11.0,0.0,1.0,3.0,126.1
50859,0,7.0,Phone,1,8.0,COD,Female,3.0,3,Laptop & Accessory,2,Single,2,0,11.0,1.0,4.0,11.0,166.87
50860,0,1.0,Phone,3,32.0,Debit Card,Male,2.0,4,Laptop & Accessory,5,Divorced,2,0,11.0,1.0,1.0,4.0,147.24
50863,0,24.0,Computer,3,8.0,E wallet,Male,2.0,3,Fashion,4,Divorced,3,0,11.0,0.0,3.0,2.0,205.96
50869,0,0.0,Phone,3,24.0,Debit Card,Male,3.0,1,Laptop & Accessory,3,Divorced,3,0,11.0,0.0,1.0,2.0,162.32
50870,0,25.0,Computer,1,34.0,CC,Female,2.0,1,Grocery,3,Divorced,3,1,11.0,0.0,2.0,2.0,232.47000000000003
50872,0,0.0,Phone,3,16.0,E wallet,Female,3.0,4,Laptop & Accessory,2,Divorced,2,1,11.0,2.0,4.0,4.0,157.69
50878,0,8.0,Computer,1,24.0,Debit Card,Male,2.0,3,Fashion,2,Single,3,0,11.0,0.0,2.0,2.0,193.62
50879,0,0.0,Phone,1,6.0,COD,Male,2.0,3,Phone,2,Divorced,5,0,11.0,1.0,1.0,2.0,132.29
50890,0,4.0,Phone,1,14.0,Debit Card,Female,3.0,3,Grocery,4,Single,4,0,11.0,1.0,1.0,0.0,264.22
50905,0,13.0,Computer,1,15.0,UPI,Male,2.0,3,Laptop & Accessory,3,Married,4,0,11.0,1.0,1.0,7.0,139.75
50907,1,9.0,Phone,3,15.0,E wallet,Male,2.0,3,Fashion,1,Married,5,0,11.0,0.0,4.0,3.0,200.96
50909,1,0.0,Computer,1,6.0,Debit Card,Female,3.0,1,Fashion,4,Single,2,0,11.0,3.0,4.0,7.0,174.46
50914,0,21.0,Phone,3,13.0,E wallet,Male,3.0,3,Laptop & Accessory,5,Married,5,0,11.0,1.0,2.0,2.0,154.86
50916,0,13.0,Computer,1,14.0,CC,Male,2.0,4,Fashion,4,Married,3,0,11.0,1.0,2.0,8.0,237.57
50933,1,0.0,Computer,3,19.0,COD,Female,2.0,3,Laptop & Accessory,4,Single,6,0,11.0,0.0,1.0,0.0,157.65
50936,1,0.0,Computer,1,15.0,CC,Male,2.0,3,Phone,5,Single,3,1,11.0,0.0,1.0,0.0,131.72
50942,0,6.0,Phone,1,10.0,CC,Female,2.0,4,Phone,4,Divorced,9,0,11.0,0.0,1.0,2.0,138.38
50944,1,0.0,Computer,1,14.0,CC,Male,2.0,4,Phone,5,Single,8,0,11.0,0.0,1.0,0.0,125.61000000000001
50982,1,0.0,Phone,3,6.0,Debit Card,Male,3.0,4,Laptop & Accessory,5,Married,2,0,11.0,3.0,6.0,7.0,197.14
50983,0,11.0,Computer,2,16.0,UPI,Male,3.0,3,Laptop & Accessory,3,Married,4,0,11.0,0.0,1.0,2.0,160.77
50988,1,1.0,Phone,1,8.0,CC,Male,2.0,3,Laptop & Accessory,4,Married,5,0,11.0,0.0,1.0,4.0,148.55
50995,0,11.0,Phone,3,20.0,Debit Card,Male,3.0,3,Laptop & Accessory,4,Married,1,0,11.0,5.0,7.0,7.0,199.24
51000,0,12.0,Phone,3,12.0,CC,Male,2.0,1,Fashion,3,Married,3,0,11.0,4.0,7.0,6.0,182.37
51025,0,0.0,Phone,1,25.0,UPI,Male,3.0,4,Phone,5,Married,2,0,11.0,0.0,1.0,7.0,140.66
51026,0,8.0,Phone,1,24.0,Debit Card,Male,2.0,1,Laptop & Accessory,5,Married,2,0,11.0,0.0,1.0,10.0,152.08
51039,0,10.0,Phone,1,16.0,CC,Female,3.0,3,Phone,4,Married,2,0,11.0,1.0,7.0,7.0,139.36
51041,0,17.0,Computer,2,6.0,UPI,Male,2.0,3,Laptop & Accessory,1,Married,5,1,11.0,1.0,1.0,2.0,157.43
51048,0,2.0,Phone,3,16.0,CC,Male,2.0,4,Laptop & Accessory,3,Single,10,0,11.0,1.0,1.0,4.0,158.69
51056,0,9.0,Phone,1,13.0,Debit Card,Male,3.0,3,Phone,4,Single,3,0,11.0,0.0,1.0,3.0,120.13
51067,0,4.0,Phone,3,11.0,Debit Card,Female,3.0,3,Laptop & Accessory,1,Married,2,0,11.0,0.0,1.0,2.0,154.76
51073,0,0.0,Phone,3,15.0,Debit Card,Male,3.0,3,Phone,5,Single,2,0,11.0,0.0,1.0,2.0,127.28
51077,1,0.0,Phone,1,14.0,CC,Male,3.0,4,Phone,3,Single,2,1,11.0,1.0,1.0,2.0,139.89
51080,1,11.0,Computer,3,14.0,CC,Female,3.0,3,Phone,3,Married,3,1,11.0,4.0,7.0,7.0,126.55000000000001
51098,1,9.0,Phone,2,28.0,UPI,Male,2.0,5,Phone,3,Married,2,0,11.0,0.0,1.0,0.0,115.55000000000001
51099,1,10.0,Computer,3,15.0,Debit Card,Male,2.0,5,Grocery,3,Married,8,0,11.0,1.0,14.0,3.0,229.36
51101,0,18.0,Phone,1,34.0,COD,Female,2.0,4,Grocery,4,Single,2,0,11.0,1.0,8.0,6.0,267.04
51110,0,20.0,Computer,3,8.0,E wallet,Male,2.0,3,Laptop & Accessory,4,Married,8,0,11.0,0.0,1.0,0.0,149.78
51122,1,9.0,Computer,2,14.0,UPI,Female,3.0,4,Phone,1,Married,7,0,11.0,1.0,1.0,2.0,121.80000000000001
51124,0,0.0,Phone,1,14.0,CC,Female,3.0,3,Phone,1,Single,2,0,11.0,1.0,1.0,4.0,134.45
51127,0,3.0,Phone,3,21.0,E wallet,Male,3.0,4,Fashion,5,Married,3,0,11.0,0.0,1.0,7.0,171.4
51148,0,11.0,Phone,1,12.0,UPI,Female,2.0,4,Phone,3,Married,2,0,11.0,0.0,1.0,4.0,137.02
51151,0,24.0,Phone,1,9.0,COD,Female,2.0,3,Fashion,3,Married,3,0,11.0,2.0,2.0,3.0,231.16000000000003
51159,0,9.0,Phone,1,6.0,Debit Card,Male,2.0,3,Phone,1,Married,2,0,11.0,0.0,1.0,3.0,120.44
51173,1,9.0,Phone,2,26.0,CC,Female,3.0,3,Phone,4,Married,1,1,11.0,0.0,1.0,4.0,121.47999999999999
51205,0,2.0,Phone,2,12.0,CC,Male,3.0,4,Phone,4,Married,2,0,11.0,1.0,1.0,0.0,128.04
51217,0,4.0,Phone,1,26.0,Debit Card,Male,2.0,3,Laptop & Accessory,3,Married,2,0,11.0,0.0,1.0,2.0,141.97
51221,0,8.0,Phone,1,22.0,UPI,Female,2.0,4,Laptop & Accessory,4,Married,1,1,11.0,1.0,1.0,2.0,147.88
51224,0,13.0,Phone,1,6.0,Debit Card,Male,3.0,3,Grocery,5,Married,3,0,11.0,1.0,11.0,16.0,268.23
51227,0,21.0,Computer,1,28.0,CC,Female,2.0,3,Grocery,1,Married,4,0,11.0,1.0,4.0,7.0,271.74
51234,0,4.0,Phone,3,16.0,CC,Female,2.0,3,Laptop & Accessory,1,Married,3,1,11.0,0.0,1.0,4.0,165.83
51243,0,9.0,Phone,1,8.0,COD,Male,2.0,3,Phone,4,Married,2,0,11.0,1.0,1.0,2.0,122.25999999999999
51245,1,0.0,Phone,3,19.0,E wallet,Female,2.0,3,Laptop & Accessory,3,Single,4,1,11.0,2.0,2.0,2.0,198.54
51268,0,8.0,Phone,3,13.0,Debit Card,Female,2.0,3,Laptop & Accessory,1,Married,2,1,11.0,1.0,1.0,9.0,152.04
51271,1,0.0,Computer,3,32.0,E wallet,Male,3.0,3,Laptop & Accessory,1,Married,2,1,11.0,0.0,1.0,8.0,156.17
51273,0,27.0,Phone,1,15.0,Debit Card,Female,3.0,3,Laptop & Accessory,3,Married,4,0,11.0,0.0,2.0,3.0,128.97
51276,0,11.0,Computer,2,6.0,UPI,Male,3.0,3,Phone,4,Married,1,1,11.0,1.0,1.0,2.0,129.91
51278,0,4.0,Phone,1,8.0,CC,Female,2.0,5,Phone,1,Married,2,1,11.0,1.0,1.0,0.0,111.28999999999999
51285,0,13.0,Computer,1,17.0,COD,Female,3.0,3,Laptop & Accessory,3,Married,2,0,11.0,2.0,9.0,4.0,163.23
51294,0,11.0,Computer,1,12.0,Debit Card,Male,3.0,4,Laptop & Accessory,3,Married,3,0,11.0,2.0,7.0,7.0,153.21
51298,0,8.0,Phone,1,17.0,CC,Male,2.0,3,Phone,3,Married,8,1,11.0,0.0,2.0,2.0,126.6
51312,0,0.0,Phone,3,14.0,CC,Male,2.0,3,Phone,5,Single,2,1,11.0,1.0,1.0,2.0,123.80000000000001
51319,0,15.0,Phone,1,8.0,Debit Card,Male,2.0,3,Others,3,Married,6,0,11.0,1.0,4.0,14.0,288.8
51320,1,19.0,Phone,1,14.0,COD,Male,3.0,3,Phone,3,Married,9,0,11.0,6.0,9.0,8.0,123.38999999999999
51324,0,14.0,Phone,3,9.0,Debit Card,Male,2.0,4,Laptop & Accessory,4,Married,3,0,11.0,0.0,1.0,4.0,189.38
51327,0,11.0,Phone,3,16.0,Debit Card,Female,3.0,3,Laptop & Accessory,1,Married,2,0,11.0,0.0,1.0,9.0,153.43
51338,0,12.0,Phone,3,30.0,E wallet,Female,2.0,4,Grocery,1,Married,1,0,11.0,1.0,9.0,3.0,220.31
51346,1,4.0,Phone,3,6.0,Debit Card,Female,3.0,3,Laptop & Accessory,1,Single,9,1,11.0,0.0,1.0,5.0,159.93
51349,0,6.0,Computer,1,9.0,Debit Card,Female,3.0,3,Phone,3,Married,2,1,11.0,2.0,3.0,0.0,129.09
51359,0,7.0,Phone,1,25.0,CC,Male,3.0,3,Phone,1,Married,1,0,11.0,0.0,1.0,2.0,126.61000000000001
51361,0,2.0,Phone,1,27.0,Debit Card,Female,2.0,1,Fashion,5,Married,2,0,11.0,6.0,8.0,8.0,199.8
51365,0,11.0,Phone,1,8.0,Debit Card,Male,2.0,3,Phone,1,Single,6,1,11.0,0.0,1.0,2.0,139.44
51368,0,7.0,Phone,1,13.0,Debit Card,Female,2.0,3,Fashion,4,Single,1,0,11.0,0.0,2.0,3.0,219.94
51370,1,0.0,Phone,1,12.0,CC,Male,3.0,3,Phone,5,Single,3,0,11.0,0.0,1.0,3.0,129.6
51371,0,26.0,Phone,1,11.0,UPI,Female,2.0,3,Others,3,Married,5,0,11.0,1.0,4.0,8.0,290.94
51373,0,15.0,Phone,3,14.0,E wallet,Male,2.0,3,Laptop & Accessory,4,Married,1,0,11.0,2.0,4.0,2.0,168.25
51376,0,6.0,Phone,1,14.0,CC,Male,3.0,3,Phone,1,Single,5,0,11.0,0.0,1.0,0.0,124.96000000000001
51407,0,11.0,Computer,1,14.0,Debit Card,Female,2.0,3,Laptop & Accessory,1,Single,2,0,11.0,6.0,9.0,9.0,124.06
51409,0,30.0,Phone,3,31.0,Debit Card,Female,4.0,3,Fashion,5,Single,8,0,11.0,6.0,7.0,9.0,176.37
51416,0,30.0,Computer,3,6.0,Debit Card,Female,2.0,4,Laptop & Accessory,3,Single,8,0,11.0,1.0,1.0,3.0,154.73
51431,0,29.0,Phone,1,13.0,Debit Card,Male,2.0,5,Fashion,1,Single,5,0,11.0,0.0,1.0,2.0,172.6
51453,1,0.0,Phone,3,11.0,E wallet,Male,2.0,4,Laptop & Accessory,3,Single,2,1,11.0,0.0,1.0,3.0,157.44
51454,0,0.0,Phone,1,13.0,CC,Male,3.0,4,Phone,1,Married,2,0,11.0,0.0,2.0,1.0,128.89
51477,0,23.0,Computer,3,18.0,E wallet,Female,3.0,3,Fashion,1,Single,5,0,11.0,1.0,2.0,1.0,192.08
51478,1,0.0,Phone,3,26.0,Debit Card,Female,3.0,5,Laptop & Accessory,3,Married,4,1,11.0,0.0,2.0,2.0,145.59
51496,0,13.0,Computer,1,32.0,CC,Female,2.0,3,Laptop & Accessory,4,Married,2,0,11.0,0.0,2.0,13.0,156.05
51504,0,13.0,Phone,3,10.0,E wallet,Male,3.0,4,Fashion,1,Married,8,0,11.0,1.0,2.0,11.0,208.55
51508,0,1.0,Phone,1,27.0,CC,Male,3.0,3,Phone,1,Married,2,0,11.0,0.0,1.0,2.0,127.13
51519,0,3.0,Computer,1,15.0,CC,Male,3.0,3,Laptop & Accessory,5,Married,2,0,11.0,5.0,6.0,10.0,130.72
51520,0,18.0,Phone,3,10.0,Debit Card,Female,1.0,3,Laptop & Accessory,5,Married,5,1,11.0,0.0,1.0,3.0,150.06
51530,0,26.0,Phone,1,19.0,CC,Female,2.0,1,Laptop & Accessory,5,Married,2,0,11.0,1.0,1.0,3.0,144.5
51533,0,28.0,Phone,1,20.0,CC,Male,3.0,1,Others,4,Single,9,0,11.0,1.0,2.0,15.0,287.22
51542,0,8.0,Computer,1,8.0,CC,Female,2.0,3,Laptop & Accessory,4,Single,6,0,11.0,0.0,1.0,2.0,144.25
51556,1,0.0,Phone,3,10.0,CC,Male,2.0,5,Fashion,1,Married,2,0,11.0,6.0,9.0,8.0,204.0
51560,1,0.0,Phone,1,14.0,COD,Female,2.0,3,Phone,5,Single,6,1,11.0,0.0,1.0,4.0,126.57
51584,0,5.0,Phone,3,10.0,Debit Card,Female,2.0,3,Phone,4,Married,3,0,11.0,1.0,1.0,2.0,139.31
51596,1,0.0,Computer,1,16.0,CC,Male,3.0,3,Fashion,3,Married,7,0,11.0,0.0,1.0,0.0,200.48
51602,0,15.0,Phone,1,14.0,CC,Female,2.0,4,Phone,5,Married,1,1,11.0,7.0,7.0,8.0,125.93
51604,0,24.0,Phone,1,6.0,Debit Card,Male,3.0,3,Phone,1,Married,2,0,11.0,1.0,1.0,0.0,127.22999999999999
51605,1,0.0,Computer,1,35.0,CC,Male,3.0,4,Phone,4,Single,1,0,11.0,0.0,1.0,4.0,134.79
51610,1,0.0,Phone,1,8.0,Debit Card,Male,3.0,3,Phone,3,Single,3,0,11.0,0.0,1.0,0.0,134.85
51615,0,9.0,Phone,1,12.0,Debit Card,Male,2.0,3,Phone,1,Married,1,0,11.0,1.0,10.0,11.0,132.1
51636,0,22.0,Computer,1,16.0,Debit Card,Female,2.0,3,Others,5,Single,10,1,11.0,1.0,1.0,2.0,286.65
51638,0,4.0,Computer,3,11.0,E wallet,Female,3.0,3,Phone,4,Married,2,0,11.0,0.0,2.0,2.0,127.88999999999999
51649,0,4.0,Phone,3,13.0,COD,Male,3.0,1,Laptop & Accessory,1,Married,5,0,11.0,3.0,7.0,7.0,169.29
51659,0,6.0,Computer,1,11.0,Debit Card,Female,3.0,3,Fashion,4,Married,7,0,11.0,7.0,8.0,3.0,218.77999999999997
51665,0,5.0,Phone,3,14.0,COD,Female,3.0,4,Laptop & Accessory,4,Married,2,1,11.0,11.0,11.0,9.0,152.28
51666,0,0.0,Phone,3,8.0,Debit Card,Male,3.0,3,Laptop & Accessory,3,Single,2,1,11.0,0.0,1.0,4.0,144.78
51675,0,20.0,Phone,1,11.0,Debit Card,Male,2.0,3,Others,3,Married,5,0,11.0,1.0,1.0,1.0,283.0
51676,0,16.0,Computer,1,16.0,Debit Card,Female,2.0,4,Laptop & Accessory,3,Married,2,0,11.0,1.0,1.0,0.0,152.57
51682,1,9.0,Phone,1,14.0,UPI,Male,3.0,5,Phone,5,Married,2,1,11.0,0.0,1.0,7.0,121.19
51696,0,15.0,Phone,2,8.0,COD,Male,3.0,3,Phone,3,Married,1,1,11.0,1.0,1.0,0.0,126.96000000000001
51703,1,9.0,Computer,3,6.0,COD,Female,3.0,4,Phone,4,Single,2,1,11.0,1.0,1.0,2.0,121.74000000000001
51705,0,9.0,Computer,3,9.0,CC,Male,2.0,4,Fashion,1,Married,5,0,11.0,0.0,1.0,12.0,196.99
51706,0,30.0,Phone,1,6.0,CC,Male,2.0,3,Laptop & Accessory,3,Married,3,0,11.0,0.0,1.0,2.0,167.55
51719,0,0.0,Phone,1,6.0,CC,Male,2.0,3,Phone,4,Married,2,0,11.0,0.0,1.0,4.0,138.16
51722,0,24.0,Phone,3,20.0,Debit Card,Female,2.0,3,Laptop & Accessory,1,Married,5,0,11.0,1.0,1.0,7.0,149.36
51736,0,16.0,Phone,1,18.0,Debit Card,Male,2.0,4,Grocery,4,Married,2,0,11.0,3.0,2.0,9.0,243.36
51743,0,0.0,Phone,3,10.0,Debit Card,Female,3.0,4,Laptop & Accessory,1,Single,2,1,11.0,0.0,1.0,3.0,144.87
51747,0,29.0,Computer,3,12.0,Debit Card,Female,2.0,1,Grocery,5,Married,10,0,11.0,6.0,2.0,7.0,232.12
51748,0,3.0,Phone,3,18.0,COD,Female,2.0,3,Laptop & Accessory,3,Single,1,0,11.0,3.0,4.0,4.0,165.77
51755,0,15.0,Computer,1,35.0,Debit Card,Female,3.0,3,Laptop & Accessory,3,Married,3,0,11.0,1.0,1.0,2.0,145.56
51759,0,15.0,Computer,1,34.0,COD,Female,2.0,4,Laptop & Accessory,1,Married,1,0,11.0,0.0,1.0,4.0,145.23
51769,0,3.0,Computer,3,28.0,UPI,Female,3.0,3,Fashion,5,Married,1,0,11.0,3.0,7.0,8.0,184.12
51777,0,27.0,Phone,1,5.0,Debit Card,Female,2.0,3,Laptop & Accessory,3,Single,8,0,11.0,0.0,1.0,0.0,137.8
51793,0,8.0,Phone,3,6.0,E wallet,Male,2.0,3,Laptop & Accessory,3,Married,10,0,11.0,0.0,6.0,9.0,147.17
51795,0,12.0,Computer,1,14.0,Debit Card,Female,2.0,3,Phone,3,Married,2,0,11.0,1.0,1.0,7.0,137.55
51799,1,0.0,Computer,2,23.0,Debit Card,Female,3.0,3,Phone,3,Married,1,1,11.0,0.0,1.0,0.0,127.41
51811,0,19.0,Computer,1,24.0,CC,Female,2.0,3,Fashion,3,Married,6,0,11.0,0.0,1.0,2.0,205.27
51820,0,0.0,Phone,1,29.0,CC,Male,3.0,1,Phone,1,Married,2,1,11.0,0.0,1.0,4.0,127.25
51823,0,23.0,Computer,2,9.0,CC,Male,3.0,3,Others,4,Married,2,0,11.0,1.0,10.0,7.0,282.0
51824,0,9.0,Phone,3,19.0,CC,Male,2.0,3,Phone,3,Married,2,0,11.0,1.0,1.0,6.0,120.96000000000001
51832,0,10.0,Phone,3,8.0,E wallet,Male,3.0,3,Laptop & Accessory,3,Married,5,1,11.0,0.0,1.0,0.0,196.02
51838,0,21.0,Phone,1,6.0,Debit Card,Female,2.0,4,Grocery,5,Married,8,0,11.0,0.0,2.0,2.0,254.01999999999998
51839,0,17.0,Phone,2,6.0,Debit Card,Female,2.0,4,Laptop & Accessory,3,Single,5,0,11.0,1.0,1.0,2.0,159.85
51841,1,0.0,Phone,3,8.0,E wallet,Male,3.0,3,Phone,5,Married,1,0,11.0,1.0,1.0,2.0,130.41
51842,0,0.0,Phone,3,28.0,COD,Male,2.0,3,Phone,3,Single,2,0,11.0,0.0,1.0,2.0,134.47
51857,0,9.0,Phone,1,15.0,CC,Male,2.0,4,Laptop & Accessory,4,Married,3,1,11.0,0.0,1.0,2.0,188.47
51859,1,0.0,Phone,1,16.0,CC,Male,2.0,3,Phone,3,Single,2,1,11.0,1.0,1.0,1.0,110.09
51860,1,0.0,Computer,1,9.0,Debit Card,Male,3.0,3,Phone,5,Single,2,1,11.0,5.0,9.0,7.0,133.48
51869,0,23.0,Phone,1,34.0,CC,Male,3.0,1,Phone,3,Married,2,1,11.0,0.0,3.0,8.0,132.21
51872,0,12.0,Phone,1,8.0,COD,Female,3.0,4,Laptop & Accessory,3,Single,2,0,11.0,1.0,11.0,10.0,145.53
51876,0,0.0,Phone,1,6.0,Debit Card,Female,3.0,3,Fashion,5,Married,2,0,11.0,0.0,1.0,7.0,174.12
51892,0,2.0,Phone,3,14.0,Debit Card,Male,3.0,3,Phone,3,Single,2,0,11.0,1.0,1.0,0.0,126.41999999999999
51895,0,7.0,Phone,1,14.0,CC,Female,3.0,3,Laptop & Accessory,3,Single,4,0,11.0,0.0,4.0,3.0,161.42
51898,0,29.0,Phone,1,15.0,CC,Male,2.0,3,Grocery,1,Married,8,0,11.0,0.0,1.0,3.0,211.02999999999997
51903,0,8.0,Computer,1,8.0,Debit Card,Female,3.0,3,Laptop & Accessory,5,Married,3,0,11.0,1.0,1.0,0.0,150.93
51907,0,25.0,Phone,3,9.0,E wallet,Male,2.0,4,Grocery,5,Married,2,0,11.0,1.0,1.0,16.0,268.56
51921,0,27.0,Phone,1,25.0,CC,Female,3.0,3,Laptop & Accessory,5,Married,10,1,11.0,0.0,1.0,4.0,154.85
51925,0,7.0,Phone,1,8.0,CC,Female,2.0,4,Phone,5,Single,2,0,11.0,1.0,1.0,3.0,143.81
51932,0,0.0,Computer,1,15.0,Debit Card,Male,3.0,4,Phone,4,Married,2,0,11.0,0.0,1.0,0.0,126.94
51935,1,0.0,Phone,1,14.0,Debit Card,Female,2.0,4,Phone,5,Married,2,1,11.0,0.0,1.0,0.0,123.19
51936,0,6.0,Phone,1,13.0,CC,Male,2.0,3,Fashion,3,Married,1,0,11.0,1.0,3.0,3.0,216.91000000000003
51938,0,20.0,Phone,1,8.0,UPI,Female,2.0,3,Grocery,1,Married,2,1,11.0,1.0,3.0,0.0,267.52
51961,0,9.0,Computer,1,9.0,CC,Male,2.0,3,Phone,1,Married,2,0,11.0,0.0,1.0,0.0,117.06
51966,0,8.0,Phone,1,14.0,CC,Female,2.0,4,Phone,5,Single,2,0,11.0,0.0,1.0,1.0,125.59
51968,0,5.0,Phone,3,19.0,Debit Card,Male,3.0,3,Laptop & Accessory,1,Married,3,0,11.0,0.0,1.0,3.0,144.03
51999,0,23.0,Computer,1,8.0,Debit Card,Male,3.0,3,Grocery,5,Married,2,0,11.0,1.0,14.0,7.0,279.24
52000,0,12.0,Phone,2,8.0,Debit Card,Female,2.0,4,Laptop & Accessory,1,Married,9,0,11.0,1.0,1.0,4.0,152.04
52001,0,9.0,Phone,2,9.0,UPI,Male,2.0,3,Phone,4,Married,4,1,11.0,0.0,1.0,3.0,122.77000000000001
52019,0,6.0,Phone,1,6.0,UPI,Male,3.0,4,Phone,5,Single,4,1,11.0,1.0,1.0,2.0,127.99000000000001
52023,0,22.0,Phone,1,14.0,UPI,Female,2.0,3,Fashion,4,Married,5,0,11.0,0.0,1.0,7.0,174.03
52036,0,4.0,Phone,1,18.0,CC,Female,2.0,3,Laptop & Accessory,1,Married,1,1,11.0,6.0,8.0,5.0,158.55
52039,1,0.0,Phone,3,9.0,Debit Card,Male,2.0,4,Fashion,1,Married,2,1,11.0,3.0,3.0,7.0,203.25
52041,1,0.0,Phone,3,6.0,Debit Card,Male,2.0,4,Fashion,3,Married,6,0,11.0,5.0,11.0,46.0,206.08999999999997
52048,0,3.0,Phone,3,14.0,UPI,Male,3.0,3,Fashion,3,Married,6,0,11.0,2.0,7.0,7.0,172.64
52056,0,6.0,Computer,3,23.0,Debit Card,Male,2.0,3,Grocery,3,Single,2,0,11.0,1.0,6.0,0.0,274.44
52066,1,9.0,Phone,1,28.0,Debit Card,Female,2.0,3,Phone,3,Married,5,1,11.0,0.0,1.0,1.0,121.32
52074,0,27.0,Phone,1,23.0,COD,Female,2.0,3,Fashion,3,Married,9,0,11.0,0.0,1.0,8.0,207.39
52075,0,8.0,Phone,1,31.0,CC,Female,2.0,3,Fashion,3,Married,2,1,11.0,0.0,10.0,1.0,203.88
52103,0,7.0,Phone,3,6.0,E wallet,Male,3.0,1,Laptop & Accessory,1,Married,1,0,11.0,0.0,1.0,9.0,197.25
52117,0,27.0,Phone,3,8.0,Debit Card,Female,2.0,4,Fashion,3,Married,7,0,11.0,6.0,7.0,0.0,206.86
52119,0,9.0,Phone,1,18.0,CC,Female,2.0,4,Fashion,1,Single,1,0,11.0,5.0,7.0,8.0,188.58
52158,0,16.0,Computer,1,33.0,Debit Card,Female,2.0,3,Fashion,5,Married,9,0,11.0,1.0,1.0,1.0,208.2
52159,1,2.0,Computer,1,8.0,Debit Card,Male,2.0,3,Grocery,1,Married,8,0,11.0,10.0,11.0,3.0,221.69
52161,0,9.0,Phone,1,6.0,COD,Female,3.0,4,Phone,4,Single,2,1,11.0,1.0,2.0,2.0,120.69999999999999
52166,0,8.0,Computer,3,17.0,E wallet,Male,2.0,3,Laptop & Accessory,1,Married,2,0,11.0,1.0,1.0,2.0,149.68
52168,0,7.0,Computer,1,8.0,Debit Card,Male,3.0,3,Laptop & Accessory,3,Single,3,0,11.0,1.0,1.0,2.0,140.33
52176,0,14.0,Phone,1,18.0,Debit Card,Male,2.0,3,Phone,1,Married,4,1,11.0,1.0,1.0,0.0,147.66
52188,1,0.0,Phone,1,14.0,Debit Card,Female,3.0,3,Phone,1,Married,2,1,11.0,1.0,1.0,0.0,125.15
52203,1,7.0,Phone,1,16.0,Debit Card,Male,3.0,3,Phone,3,Single,2,1,11.0,1.0,1.0,2.0,129.36
52206,1,0.0,Computer,1,9.0,Debit Card,Male,3.0,4,Phone,1,Married,1,1,11.0,0.0,1.0,0.0,128.53
52215,0,19.0,Phone,1,21.0,Debit Card,Male,2.0,3,Others,4,Married,6,0,11.0,1.0,1.0,3.0,290.81
52223,0,19.0,Phone,1,8.0,COD,Male,2.0,3,Laptop & Accessory,1,Married,3,0,11.0,0.0,1.0,4.0,173.79
52234,0,8.0,Computer,3,14.0,E wallet,Female,3.0,4,Fashion,1,Married,5,1,11.0,3.0,4.0,12.0,203.77
52247,0,21.0,Phone,1,14.0,COD,Male,3.0,1,Phone,4,Single,6,0,11.0,0.0,1.0,0.0,125.59
52248,0,0.0,Phone,1,14.0,Debit Card,Male,3.0,3,Phone,3,Married,2,0,11.0,1.0,1.0,3.0,125.16999999999999
52249,0,2.0,Phone,1,13.0,Debit Card,Male,2.0,3,Laptop & Accessory,1,Married,2,1,11.0,1.0,1.0,0.0,166.23
52253,0,17.0,Phone,3,11.0,E wallet,Male,2.0,3,Others,4,Married,8,0,11.0,1.0,3.0,10.0,282.13
52267,0,9.0,Computer,1,7.0,CC,Male,2.0,3,Phone,3,Single,1,1,11.0,1.0,1.0,2.0,121.53999999999999
52269,0,7.0,Computer,2,17.0,Debit Card,Male,2.0,4,Laptop & Accessory,4,Married,5,0,11.0,0.0,1.0,8.0,144.9
52273,0,9.0,Phone,1,8.0,Debit Card,Female,2.0,3,Laptop & Accessory,4,Single,10,1,11.0,4.0,5.0,12.0,154.1
52274,1,7.0,Phone,1,21.0,CC,Female,3.0,3,Fashion,1,Married,2,0,11.0,0.0,1.0,5.0,179.78
52279,0,9.0,Phone,1,7.0,COD,Male,2.0,3,Phone,5,Single,3,0,11.0,1.0,1.0,2.0,120.80000000000001
52290,0,1.0,Computer,1,7.0,Debit Card,Female,2.0,5,Laptop & Accessory,1,Married,1,0,11.0,7.0,7.0,5.0,166.74
52291,0,23.0,Phone,1,34.0,Debit Card,Female,2.0,3,Grocery,5,Married,5,1,11.0,1.0,1.0,2.0,268.8
52295,0,12.0,Phone,1,24.0,Debit Card,Male,2.0,3,Laptop & Accessory,3,Single,1,0,11.0,1.0,1.0,7.0,145.34
52298,1,9.0,Computer,3,7.0,Debit Card,Female,2.0,3,Phone,4,Single,2,1,11.0,2.0,2.0,2.0,123.02000000000001
52304,0,7.0,Phone,1,15.0,Debit Card,Male,2.0,3,Fashion,1,Married,1,0,11.0,0.0,1.0,6.0,185.0
52307,0,8.0,Computer,1,10.0,Debit Card,Male,2.0,3,Laptop & Accessory,3,Single,2,1,11.0,1.0,1.0,1.0,142.49
52308,0,24.0,Phone,2,11.0,Debit Card,Male,2.0,3,Grocery,4,Married,2,1,11.0,0.0,2.0,10.0,240.26
52311,0,0.0,Phone,1,25.0,CC,Male,3.0,3,Phone,1,Married,4,0,11.0,0.0,1.0,2.0,136.69
52315,0,21.0,Phone,1,10.0,Debit Card,Male,2.0,3,Fashion,1,Single,2,0,11.0,1.0,1.0,8.0,178.98
52328,0,11.0,Computer,1,14.0,Debit Card,Male,2.0,1,Phone,3,Married,2,0,11.0,0.0,1.0,3.0,126.1
52329,0,7.0,Phone,1,8.0,COD,Female,3.0,3,Laptop & Accessory,1,Single,2,0,11.0,4.0,4.0,11.0,166.87
52330,0,1.0,Phone,3,32.0,Debit Card,Male,2.0,4,Laptop & Accessory,5,Married,2,0,11.0,1.0,1.0,4.0,147.24
52333,0,24.0,Computer,3,8.0,E wallet,Male,2.0,3,Fashion,4,Married,3,0,11.0,3.0,3.0,2.0,205.96
52339,0,0.0,Phone,3,24.0,Debit Card,Male,3.0,1,Laptop & Accessory,3,Married,3,0,11.0,1.0,1.0,2.0,162.32
52340,0,25.0,Computer,1,34.0,CC,Female,2.0,1,Grocery,3,Married,3,1,11.0,1.0,2.0,2.0,232.47000000000003
52342,0,0.0,Phone,3,16.0,E wallet,Female,3.0,4,Laptop & Accessory,1,Married,2,1,11.0,1.0,4.0,4.0,157.69
52348,0,8.0,Computer,1,24.0,Debit Card,Male,2.0,3,Fashion,1,Single,3,0,11.0,2.0,2.0,2.0,193.62
52349,0,0.0,Phone,1,7.0,COD,Male,2.0,3,Phone,1,Married,5,0,11.0,0.0,1.0,2.0,132.29
52360,0,4.0,Phone,1,14.0,Debit Card,Female,3.0,3,Grocery,4,Single,4,0,11.0,1.0,1.0,0.0,264.22
52375,0,13.0,Computer,1,15.0,UPI,Male,2.0,3,Laptop & Accessory,3,Married,4,0,11.0,0.0,1.0,7.0,139.75
52377,1,9.0,Phone,3,15.0,E wallet,Male,2.0,3,Fashion,1,Married,5,0,11.0,4.0,4.0,3.0,200.96
52379,1,0.0,Computer,1,7.0,Debit Card,Female,3.0,1,Fashion,4,Single,2,0,11.0,1.0,4.0,7.0,174.46
52384,0,21.0,Phone,3,13.0,E wallet,Male,3.0,3,Laptop & Accessory,5,Married,5,0,11.0,0.0,2.0,2.0,154.86
52386,0,13.0,Computer,1,14.0,CC,Male,2.0,4,Fashion,4,Married,3,0,11.0,4.0,2.0,8.0,237.57
52403,1,0.0,Computer,3,19.0,COD,Female,2.0,3,Laptop & Accessory,4,Single,6,0,11.0,1.0,1.0,0.0,157.65
52406,1,0.0,Computer,1,15.0,CC,Male,2.0,3,Phone,5,Single,3,1,11.0,0.0,1.0,0.0,131.72
52412,0,6.0,Phone,1,10.0,CC,Female,2.0,4,Phone,4,Married,9,0,11.0,1.0,1.0,2.0,138.38
52414,1,0.0,Computer,1,14.0,CC,Male,2.0,4,Phone,5,Single,8,0,11.0,1.0,1.0,0.0,125.61000000000001
52452,1,0.0,Phone,3,7.0,Debit Card,Male,3.0,4,Laptop & Accessory,5,Married,2,0,11.0,1.0,6.0,7.0,197.14
52453,0,11.0,Computer,2,16.0,UPI,Male,3.0,3,Laptop & Accessory,3,Married,4,0,11.0,0.0,1.0,2.0,160.77
52458,1,1.0,Phone,1,8.0,CC,Male,2.0,3,Laptop & Accessory,4,Married,5,0,11.0,1.0,1.0,4.0,148.55
52465,0,11.0,Phone,3,20.0,Debit Card,Male,3.0,3,Laptop & Accessory,4,Married,1,0,11.0,3.0,7.0,7.0,199.24
52470,0,12.0,Phone,3,12.0,CC,Male,2.0,1,Fashion,3,Married,3,0,11.0,3.0,7.0,6.0,182.37
52495,0,0.0,Phone,1,25.0,UPI,Male,3.0,4,Phone,5,Married,2,0,11.0,0.0,1.0,7.0,140.66
52496,0,8.0,Phone,1,24.0,Debit Card,Male,2.0,1,Laptop & Accessory,5,Married,2,0,11.0,1.0,1.0,10.0,152.08
52509,0,10.0,Phone,1,16.0,CC,Female,3.0,3,Phone,4,Married,2,0,11.0,4.0,7.0,7.0,139.36
52511,0,17.0,Computer,2,7.0,UPI,Male,2.0,3,Laptop & Accessory,1,Married,5,1,11.0,1.0,1.0,2.0,157.43
52518,0,2.0,Phone,3,16.0,CC,Male,2.0,4,Laptop & Accessory,3,Single,10,0,11.0,1.0,1.0,4.0,158.69
52526,0,9.0,Phone,1,13.0,Debit Card,Male,3.0,3,Phone,4,Single,3,0,11.0,0.0,1.0,3.0,120.13
52537,0,4.0,Phone,3,11.0,Debit Card,Female,3.0,3,Laptop & Accessory,1,Married,2,0,11.0,0.0,1.0,2.0,154.76
52543,0,0.0,Phone,3,15.0,Debit Card,Male,3.0,3,Phone,5,Single,2,0,11.0,0.0,1.0,2.0,127.28
52547,1,0.0,Phone,1,14.0,CC,Male,3.0,4,Phone,3,Single,2,1,11.0,1.0,1.0,2.0,139.89
52550,1,11.0,Computer,3,14.0,CC,Female,3.0,3,Phone,3,Married,3,1,11.0,1.0,7.0,7.0,126.55000000000001
52568,1,9.0,Phone,2,28.0,UPI,Male,2.0,5,Phone,3,Married,2,0,11.0,0.0,1.0,0.0,115.55000000000001
52569,1,10.0,Computer,3,15.0,Debit Card,Male,2.0,5,Grocery,3,Married,8,0,11.0,6.0,14.0,3.0,229.36
52571,0,18.0,Phone,1,34.0,COD,Female,2.0,4,Grocery,4,Single,2,0,11.0,1.0,8.0,6.0,267.04
52580,0,20.0,Computer,3,8.0,E wallet,Male,2.0,3,Laptop & Accessory,4,Married,8,0,11.0,0.0,1.0,0.0,149.78
52592,1,9.0,Computer,2,14.0,UPI,Female,3.0,4,Phone,1,Married,7,0,11.0,1.0,1.0,2.0,121.80000000000001
52594,0,0.0,Phone,1,14.0,CC,Female,3.0,3,Phone,1,Single,2,0,11.0,0.0,1.0,4.0,134.45
52597,0,3.0,Phone,3,21.0,E wallet,Male,3.0,4,Fashion,5,Married,3,0,11.0,1.0,1.0,7.0,171.4
52618,0,11.0,Phone,1,12.0,UPI,Female,2.0,4,Phone,3,Married,2,0,11.0,1.0,1.0,4.0,137.02
52621,0,24.0,Phone,1,9.0,COD,Female,2.0,3,Fashion,3,Married,3,0,11.0,2.0,2.0,3.0,231.16000000000003
52629,0,9.0,Phone,1,7.0,Debit Card,Male,2.0,3,Phone,1,Married,2,0,11.0,0.0,1.0,3.0,120.44
52643,1,9.0,Phone,2,26.0,CC,Female,3.0,3,Phone,4,Married,1,1,11.0,0.0,1.0,4.0,121.47999999999999
52675,0,2.0,Phone,2,12.0,CC,Male,3.0,4,Phone,4,Married,2,0,11.0,1.0,1.0,0.0,128.04
52687,0,4.0,Phone,1,26.0,Debit Card,Male,2.0,3,Laptop & Accessory,3,Married,2,0,11.0,0.0,1.0,2.0,141.97
52691,0,8.0,Phone,1,22.0,UPI,Female,2.0,4,Laptop & Accessory,4,Married,1,1,11.0,0.0,1.0,2.0,147.88
52694,0,13.0,Phone,1,7.0,Debit Card,Male,3.0,3,Grocery,5,Married,3,0,11.0,1.0,11.0,16.0,268.23
52697,0,21.0,Computer,1,28.0,CC,Female,2.0,3,Grocery,1,Married,4,0,11.0,1.0,4.0,7.0,271.74
52704,0,4.0,Phone,3,16.0,CC,Female,2.0,3,Laptop & Accessory,1,Married,3,1,11.0,1.0,1.0,4.0,165.83
52713,0,9.0,Phone,1,8.0,COD,Male,2.0,3,Phone,4,Married,2,0,11.0,0.0,1.0,2.0,122.25999999999999
52715,1,0.0,Phone,3,19.0,E wallet,Female,2.0,3,Laptop & Accessory,3,Single,4,1,11.0,0.0,2.0,2.0,198.54
52738,0,8.0,Phone,3,13.0,Debit Card,Female,2.0,3,Laptop & Accessory,1,Married,2,1,11.0,1.0,1.0,9.0,152.04
52741,1,0.0,Computer,3,32.0,E wallet,Male,3.0,3,Laptop & Accessory,1,Married,2,1,11.0,0.0,1.0,8.0,156.17
52743,0,27.0,Phone,1,15.0,Debit Card,Female,3.0,3,Laptop & Accessory,3,Married,4,0,11.0,1.0,2.0,3.0,128.97
52746,0,11.0,Computer,2,7.0,UPI,Male,3.0,3,Phone,4,Married,1,1,11.0,0.0,1.0,2.0,129.91
52748,0,4.0,Phone,1,8.0,CC,Female,2.0,5,Phone,1,Married,2,1,11.0,0.0,1.0,0.0,111.28999999999999
52755,0,13.0,Computer,1,17.0,COD,Female,3.0,3,Laptop & Accessory,3,Married,2,0,11.0,7.0,9.0,4.0,163.23
52764,0,11.0,Computer,1,12.0,Debit Card,Male,3.0,4,Laptop & Accessory,3,Married,3,0,11.0,2.0,7.0,7.0,153.21
52768,0,8.0,Phone,1,17.0,CC,Male,2.0,3,Phone,3,Married,8,1,11.0,2.0,2.0,2.0,126.6
52782,0,0.0,Phone,3,14.0,CC,Male,2.0,3,Phone,5,Single,2,1,11.0,1.0,1.0,2.0,123.80000000000001
52789,0,15.0,Phone,1,8.0,Debit Card,Male,2.0,3,Others,3,Married,6,0,11.0,1.0,4.0,14.0,288.8
52790,1,19.0,Phone,1,14.0,COD,Male,3.0,3,Phone,3,Married,9,0,11.0,6.0,9.0,8.0,123.38999999999999
52794,0,14.0,Phone,3,9.0,Debit Card,Male,2.0,4,Laptop & Accessory,4,Married,3,0,11.0,1.0,1.0,4.0,189.38
52797,0,11.0,Phone,3,16.0,Debit Card,Female,3.0,3,Laptop & Accessory,1,Married,2,0,11.0,0.0,1.0,9.0,153.43
52808,0,12.0,Phone,3,30.0,E wallet,Female,2.0,4,Grocery,1,Married,1,0,11.0,3.0,9.0,3.0,220.31
50011,1,4.0,Phone,1,18.0,COD,Female,2.0,3,Others,3,Divorced,2,0,15.0,9.0,15.0,8.0,295.45
50041,0,23.0,Phone,1,17.0,Debit Card,Female,2.0,3,Others,4,Single,4,0,15.0,2.0,4.0,4.0,299.26
50066,0,25.0,Phone,1,6.0,Debit Card,Male,3.0,4,Others,3,Divorced,1,0,15.0,1.0,11.0,9.0,299.99
50107,0,15.0,Phone,1,10.0,COD,Male,2.0,3,Others,2,Divorced,2,0,15.0,0.0,11.0,15.0,292.32
50109,0,23.0,Phone,3,6.0,CC,Female,3.0,3,Others,2,Married,4,0,15.0,1.0,1.0,6.0,295.17
50120,0,18.0,Phone,1,6.0,UPI,Male,3.0,2,Others,2,Divorced,1,0,15.0,1.0,1.0,7.0,292.02
50133,0,13.0,Phone,1,8.0,CC,Male,2.0,3,Others,3,Married,1,0,15.0,0.0,3.0,9.0,294.36
50202,0,12.0,Computer,1,5.0,CC,Male,2.0,4,Others,2,Divorced,2,0,15.0,9.0,13.0,3.0,292.72
50268,0,27.0,Phone,1,11.0,CC,Male,2.0,3,Others,5,Divorced,5,0,15.0,1.0,1.0,2.0,294.06
50287,0,30.0,Phone,1,13.0,Debit Card,Female,2.0,3,Others,5,Divorced,6,0,15.0,0.0,11.0,10.0,295.66
50349,0,22.0,Phone,1,24.0,Debit Card,Male,2.0,4,Others,3,Married,2,1,15.0,0.0,1.0,9.0,295.02
50373,0,17.0,Phone,1,9.0,UPI,Male,2.0,3,Others,2,Divorced,5,1,15.0,1.0,1.0,1.0,295.13
50444,1,18.0,Phone,1,8.0,CC,Male,3.0,3,Others,5,Divorced,6,1,15.0,1.0,1.0,4.0,298.59
50471,1,20.0,Phone,1,8.0,Debit Card,Male,2.0,3,Others,4,Single,8,1,15.0,5.0,13.0,8.0,292.46
50592,0,14.0,Computer,1,15.0,CC,Male,3.0,3,Others,3,Married,3,0,15.0,1.0,1.0,11.0,294.19
50622,0,14.0,Computer,1,13.0,Debit Card,Female,2.0,5,Others,3,Married,2,0,15.0,1.0,5.0,10.0,299.73
50625,1,15.0,Phone,3,8.0,E wallet,Female,2.0,5,Others,2,Divorced,2,0,15.0,5.0,6.0,9.0,298.45
50642,0,23.0,Phone,1,8.0,CC,Male,3.0,3,Others,3,Divorced,3,1,15.0,7.0,7.0,7.0,292.37
50646,0,19.0,Phone,1,6.0,CC,Male,2.0,3,Others,2,Married,10,0,15.0,1.0,2.0,2.0,296.27
50690,0,13.0,Phone,1,20.0,CC,Male,2.0,4,Others,3,Single,2,0,15.0,4.0,4.0,9.0,296.26
50727,0,29.0,Phone,1,10.0,COD,Female,3.0,3,Others,5,Married,5,0,15.0,0.0,4.0,2.0,299.43
50774,0,16.0,Phone,1,9.0,Debit Card,Male,3.0,5,Others,2,Divorced,4,0,15.0,1.0,1.0,7.0,297.4
50794,0,24.0,Computer,3,15.0,Debit Card,Male,2.0,3,Others,4,Married,5,1,15.0,2.0,11.0,10.0,298.47
50832,0,29.0,Phone,2,14.0,Debit Card,Male,2.0,3,Others,4,Single,7,0,15.0,1.0,7.0,7.0,297.17
50885,0,30.0,Phone,1,6.0,CC,Female,3.0,3,Others,5,Divorced,4,1,15.0,1.0,1.0,5.0,297.01
50992,0,28.0,Phone,3,32.0,E wallet,Male,2.0,4,Others,1,Married,2,0,15.0,2.0,2.0,13.0,295.86
51002,0,23.0,Phone,3,5.0,E wallet,Male,2.0,3,Others,3,Married,5,1,15.0,0.0,1.0,0.0,293.31
51005,0,15.0,Phone,1,15.0,UPI,Male,3.0,4,Others,1,Single,9,0,15.0,1.0,1.0,1.0,296.13
51030,0,20.0,Phone,2,32.0,Debit Card,Female,3.0,3,Others,3,Married,4,0,15.0,1.0,1.0,0.0,296.58
51118,0,13.0,Phone,3,13.0,CC,Male,2.0,3,Others,4,Single,2,0,15.0,1.0,12.0,8.0,298.33
51153,0,19.0,Phone,1,8.0,CC,Male,2.0,3,Others,1,Married,8,1,15.0,1.0,2.0,2.0,293.28
51206,0,16.0,Phone,1,12.0,CC,Female,2.0,4,Others,3,Married,8,0,15.0,3.0,6.0,14.0,293.92
51207,0,21.0,Phone,1,16.0,Debit Card,Male,3.0,4,Others,4,Married,5,0,15.0,3.0,12.0,9.0,296.65
51277,0,28.0,Phone,2,32.0,UPI,Male,3.0,1,Others,4,Married,5,1,15.0,1.0,1.0,4.0,296.36
51313,0,12.0,Computer,1,15.0,Debit Card,Male,2.0,3,Others,1,Single,3,0,15.0,0.0,1.0,3.0,294.31
51391,1,4.0,Phone,1,18.0,COD,Female,2.0,3,Others,3,Married,2,0,15.0,1.0,15.0,8.0,295.45
51469,0,24.0,Phone,1,12.0,Debit Card,Male,2.0,3,Others,3,Single,8,0,15.0,8.0,15.0,15.0,295.37
51511,0,23.0,Phone,1,17.0,Debit Card,Female,2.0,3,Others,4,Single,4,0,15.0,0.0,4.0,4.0,299.26
51536,0,25.0,Phone,1,6.0,Debit Card,Male,3.0,4,Others,3,Married,1,0,15.0,7.0,11.0,9.0,299.99
51577,0,15.0,Phone,1,10.0,COD,Male,2.0,3,Others,1,Married,2,0,15.0,0.0,11.0,15.0,292.32
51579,0,23.0,Phone,3,6.0,CC,Female,3.0,3,Others,1,Married,4,0,15.0,1.0,1.0,6.0,295.17
51590,0,18.0,Phone,1,6.0,UPI,Male,3.0,1,Others,1,Married,1,0,15.0,1.0,1.0,7.0,292.02
51603,0,13.0,Phone,1,8.0,CC,Male,2.0,3,Others,3,Married,1,0,15.0,3.0,3.0,9.0,294.36
51672,0,12.0,Computer,1,13.0,CC,Male,2.0,4,Others,1,Married,2,0,15.0,6.0,13.0,3.0,292.72
51738,0,27.0,Phone,1,11.0,CC,Male,2.0,3,Others,5,Married,5,0,15.0,1.0,1.0,2.0,294.06
51757,0,30.0,Phone,1,13.0,Debit Card,Female,2.0,3,Others,5,Married,6,0,15.0,1.0,11.0,10.0,295.66
51819,0,22.0,Phone,1,24.0,Debit Card,Male,2.0,4,Others,3,Married,2,1,15.0,1.0,1.0,9.0,295.02
51843,0,17.0,Phone,1,9.0,UPI,Male,2.0,3,Others,1,Married,5,1,15.0,0.0,1.0,1.0,295.13
51914,1,18.0,Phone,1,8.0,CC,Male,3.0,3,Others,5,Married,6,1,15.0,1.0,1.0,4.0,298.59
51941,1,20.0,Phone,1,8.0,Debit Card,Male,2.0,3,Others,4,Single,8,1,15.0,7.0,13.0,8.0,292.46
52062,0,14.0,Computer,1,15.0,CC,Male,3.0,3,Others,3,Married,3,0,15.0,0.0,1.0,11.0,294.19
52092,0,14.0,Computer,1,13.0,Debit Card,Female,2.0,5,Others,3,Married,2,0,15.0,5.0,5.0,10.0,299.73
52095,1,15.0,Phone,3,8.0,E wallet,Female,2.0,5,Others,1,Married,2,0,15.0,3.0,6.0,9.0,298.45
52112,0,23.0,Phone,1,8.0,CC,Male,3.0,3,Others,3,Married,3,1,15.0,4.0,7.0,7.0,292.37
52116,0,19.0,Phone,1,6.0,CC,Male,2.0,3,Others,1,Married,10,0,15.0,1.0,2.0,2.0,296.27
52160,0,13.0,Phone,1,20.0,CC,Male,2.0,4,Others,3,Single,2,0,15.0,3.0,4.0,9.0,296.26
52197,0,29.0,Phone,1,10.0,COD,Female,3.0,3,Others,5,Married,5,0,15.0,4.0,4.0,2.0,299.43
52244,0,16.0,Phone,1,9.0,Debit Card,Male,3.0,5,Others,1,Married,4,0,15.0,1.0,1.0,7.0,297.4
52264,0,24.0,Computer,3,15.0,Debit Card,Male,2.0,3,Others,4,Married,5,1,15.0,6.0,11.0,10.0,298.47
52302,0,29.0,Phone,2,14.0,Debit Card,Male,3.0,3,Others,4,Single,7,0,15.0,2.0,7.0,7.0,297.17
52355,0,30.0,Phone,1,7.0,CC,Female,3.0,3,Others,5,Married,4,1,15.0,1.0,1.0,5.0,297.01
52462,0,28.0,Phone,3,32.0,E wallet,Male,2.0,4,Others,1,Married,2,0,15.0,0.0,2.0,13.0,295.86
52472,0,23.0,Phone,3,15.0,E wallet,Male,2.0,3,Others,3,Married,5,1,15.0,0.0,1.0,0.0,293.31
52475,0,15.0,Phone,1,15.0,UPI,Male,3.0,4,Others,1,Single,9,0,15.0,1.0,1.0,1.0,296.13
52500,0,20.0,Phone,2,32.0,Debit Card,Female,3.0,3,Others,3,Married,4,0,15.0,1.0,1.0,0.0,296.58
52588,0,13.0,Phone,3,13.0,CC,Male,2.0,3,Others,4,Single,2,0,15.0,12.0,12.0,8.0,298.33
52623,0,19.0,Phone,1,8.0,CC,Male,2.0,3,Others,1,Married,8,1,15.0,2.0,2.0,2.0,293.28
52676,0,16.0,Phone,1,12.0,CC,Female,2.0,4,Others,3,Married,8,0,15.0,6.0,6.0,14.0,293.92
52677,0,21.0,Phone,1,16.0,Debit Card,Male,3.0,4,Others,4,Married,5,0,15.0,3.0,12.0,9.0,296.65
52747,0,28.0,Phone,2,32.0,UPI,Male,3.0,1,Others,4,Married,5,1,15.0,1.0,1.0,4.0,296.36
52783,0,12.0,Computer,1,15.0,Debit Card,Male,2.0,3,Others,1,Single,3,0,15.0,1.0,1.0,3.0,294.31
52826,1,5.0,Phone,1,19.0,COD,Female,3.0,4,Others,3,Divorced,3,0,15.0,10.0,16.0,9.0,320.45
52877,0,14.0,Phone,1,11.0,CC,Female,3.0,4,Others,3,Divorced,3,0,15.0,1.0,10.0,10.0,315.33
52878,0,29.0,Phone,1,21.0,CC,Male,4.0,3,Others,4,Single,10,0,15.0,1.0,3.0,16.0,312.22
52885,0,19.0,Computer,1,9.0,CC,Male,4.0,5,Grocery,2,Divorced,11,0,15.0,10.0,12.0,9.0,292.92
52922,0,16.0,Phone,1,11.0,COD,Male,3.0,4,Others,2,Divorced,3,0,15.0,1.0,12.0,16.0,317.32
52924,0,24.0,Phone,3,7.0,CC,Female,4.0,4,Others,2,Married,5,0,15.0,2.0,2.0,7.0,320.17
52928,0,26.0,Computer,3,9.0,Debit Card,Male,4.0,5,Others,3,Single,3,1,15.0,8.0,16.0,13.0,315.68
52935,0,19.0,Phone,1,7.0,UPI,Male,4.0,3,Others,2,Divorced,2,0,15.0,2.0,2.0,8.0,317.02
52948,0,14.0,Phone,1,9.0,CC,Male,3.0,4,Others,3,Married,2,0,15.0,1.0,4.0,10.0,319.36
52954,0,20.0,Phone,3,9.0,COD,Female,4.0,6,Grocery,4,Divorced,5,1,15.0,7.0,8.0,8.0,293.72
52961,0,29.0,Phone,1,7.0,CC,Male,3.0,4,Others,5,Single,2,1,15.0,5.0,5.0,14.0,315.45
52970,0,24.0,Phone,1,11.0,Debit Card,Male,4.0,4,Others,4,Married,5,0,15.0,2.0,2.0,7.0,316.44
52971,0,27.0,Phone,1,10.0,CC,Male,3.0,4,Grocery,3,Divorced,5,1,15.0,1.0,2.0,4.0,300.84
52981,0,23.0,Computer,1,17.0,Debit Card,Female,3.0,4,Others,5,Single,11,1,15.0,1.0,2.0,3.0,311.65
53005,0,13.0,Phone,1,17.0,CC,Male,3.0,4,Grocery,5,Divorced,3,1,15.0,12.0,12.0,11.0,295.68
53017,0,13.0,Computer,1,6.0,CC,Male,3.0,5,Others,2,Divorced,3,0,15.0,10.0,14.0,4.0,317.72
53020,0,21.0,Phone,1,12.0,Debit Card,Male,3.0,4,Others,3,Divorced,6,0,15.0,1.0,2.0,2.0,308.0
53083,0,28.0,Phone,1,12.0,CC,Male,3.0,4,Others,5,Divorced,6,0,15.0,2.0,2.0,3.0,319.06
53091,0,13.0,Computer,1,7.0,Debit Card,Male,3.0,4,Others,3,Married,3,1,15.0,1.0,2.0,7.0,316.97
53102,0,31.0,Phone,1,14.0,Debit Card,Female,3.0,4,Others,5,Divorced,7,0,15.0,1.0,12.0,11.0,320.66
53108,0,14.0,Phone,3,9.0,Debit Card,Female,4.0,4,Others,3,Divorced,2,0,15.0,1.0,2.0,13.0,305.41
53116,0,24.0,Phone,1,36.0,Debit Card,Male,3.0,5,Grocery,3,Divorced,2,0,15.0,12.0,16.0,8.0,295.46
53120,0,20.0,Phone,1,9.0,Debit Card,Male,3.0,4,Grocery,3,Divorced,8,0,15.0,1.0,2.0,2.0,303.61
53136,0,29.0,Phone,3,25.0,Debit Card,Female,3.0,4,Grocery,4,Single,5,0,15.0,1.0,8.0,8.0,293.35
53164,0,23.0,Phone,1,25.0,Debit Card,Male,3.0,5,Others,3,Married,3,1,15.0,1.0,2.0,10.0,320.02
53168,0,24.0,Computer,2,10.0,CC,Male,3.0,4,Others,4,Divorced,3,0,15.0,7.0,11.0,8.0,307.0
53188,0,18.0,Phone,1,10.0,UPI,Male,3.0,4,Others,2,Divorced,6,1,15.0,2.0,2.0,2.0,320.13
53226,0,15.0,Phone,2,17.0,UPI,Male,4.0,5,Others,2,Married,5,0,15.0,13.0,13.0,7.0,316.41
53229,0,15.0,Phone,2,7.0,UPI,Male,3.0,5,Others,3,Divorced,3,0,15.0,3.0,3.0,11.0,316.89
53252,0,26.0,Phone,3,10.0,E wallet,Male,3.0,5,Grocery,5,Divorced,3,0,15.0,2.0,2.0,17.0,293.56
53275,0,16.0,Computer,1,15.0,Debit Card,Male,4.0,4,Others,2,Married,3,0,15.0,1.0,15.0,10.0,309.3
53279,0,24.0,Phone,1,9.0,CC,Male,4.0,4,Grocery,3,Divorced,7,0,15.0,1.0,2.0,4.0,301.39
53283,0,21.0,Phone,1,9.0,UPI,Female,3.0,4,Grocery,2,Divorced,3,1,15.0,4.0,4.0,1.0,292.52
53286,1,21.0,Phone,1,9.0,Debit Card,Male,3.0,4,Others,4,Single,9,1,15.0,6.0,14.0,9.0,317.46
53300,0,17.0,Phone,1,21.0,Debit Card,Male,4.0,4,Grocery,5,Divorced,8,0,15.0,2.0,2.0,1.0,296.59
53344,0,24.0,Computer,1,9.0,Debit Card,Male,4.0,4,Grocery,5,Married,3,0,15.0,14.0,15.0,8.0,304.24
53390,0,26.0,Phone,1,7.0,Debit Card,Male,4.0,4,Grocery,2,Divorced,4,0,15.0,8.0,8.0,9.0,295.99
53401,0,7.0,Computer,3,24.0,Debit Card,Male,3.0,4,Grocery,3,Single,3,0,15.0,6.0,7.0,1.0,299.44
53405,0,24.0,Phone,1,7.0,CC,Male,4.0,4,Grocery,2,Married,11,0,15.0,1.0,2.0,4.0,298.99
53407,0,15.0,Computer,1,16.0,CC,Male,4.0,4,Others,3,Married,4,0,15.0,2.0,2.0,12.0,319.19
53432,0,16.0,Phone,3,12.0,E wallet,Male,3.0,4,Others,3,Divorced,8,0,15.0,1.0,2.0,1.0,308.03
53446,0,19.0,Phone,3,18.0,Debit Card,Female,3.0,4,Grocery,2,Divorced,5,0,15.0,2.0,2.0,2.0,301.5
53457,0,24.0,Phone,1,9.0,CC,Male,4.0,4,Others,3,Divorced,4,1,15.0,8.0,8.0,8.0,317.37
53461,0,20.0,Phone,1,7.0,CC,Male,3.0,4,Others,2,Married,11,0,15.0,2.0,3.0,3.0,321.27
53465,0,29.0,Computer,1,9.0,CC,Male,3.0,5,Grocery,5,Single,9,0,15.0,4.0,7.0,3.0,292.56
53490,0,16.0,Phone,1,9.0,CC,Male,3.0,4,Grocery,5,Divorced,2,0,15.0,6.0,14.0,8.0,301.65
53495,0,22.0,Computer,1,7.0,CC,Male,3.0,2,Grocery,2,Single,4,0,15.0,1.0,3.0,2.0,293.85
53501,0,20.0,Phone,3,10.0,E wallet,Male,3.0,4,Grocery,3,Divorced,5,0,15.0,2.0,5.0,10.0,299.65
53505,0,14.0,Phone,1,21.0,CC,Male,3.0,5,Others,3,Single,3,0,15.0,5.0,5.0,10.0,321.26
53549,0,27.0,Phone,1,14.0,CC,Female,3.0,4,Others,3,Married,5,0,15.0,5.0,5.0,8.0,311.06
53552,0,20.0,Phone,3,9.0,E wallet,Female,4.0,4,Grocery,5,Divorced,10,0,15.0,13.0,16.0,10.0,295.48
53558,0,24.0,Computer,1,9.0,CC,Female,2.0,4,Grocery,5,Divorced,4,0,15.0,3.0,3.0,3.0,303.56
53560,0,20.0,Phone,1,22.0,Debit Card,Male,3.0,4,Others,4,Divorced,7,0,15.0,2.0,2.0,4.0,315.81
53585,0,28.0,Phone,1,10.0,Debit Card,Male,3.0,4,Grocery,2,Divorced,5,0,15.0,2.0,2.0,10.0,302.79
53589,0,17.0,Phone,1,10.0,Debit Card,Male,4.0,6,Others,2,Divorced,5,0,15.0,2.0,2.0,8.0,322.4
53590,0,23.0,Phone,1,11.0,CC,Male,3.0,5,Others,3,Divorced,4,0,15.0,1.0,2.0,1.0,312.11
53595,0,22.0,Phone,1,7.0,Debit Card,Male,4.0,5,Others,2,Single,8,0,15.0,2.0,2.0,1.0,307.65
53598,0,18.0,Phone,3,12.0,E wallet,Male,3.0,4,Others,4,Divorced,9,0,15.0,2.0,4.0,11.0,307.13
53604,1,9.0,Phone,3,9.0,E wallet,Female,4.0,6,Others,4,Single,4,1,15.0,1.0,2.0,12.0,313.24
53607,0,20.0,Phone,3,11.0,E wallet,Female,3.0,5,Others,4,Divorced,4,0,15.0,2.0,2.0,9.0,312.89
53613,0,18.0,Phone,1,11.0,Debit Card,Male,4.0,2,Others,5,Married,3,0,15.0,2.0,15.0,14.0,316.9
53627,0,19.0,Computer,1,32.0,CC,Female,3.0,4,Others,4,Single,5,0,15.0,2.0,2.0,1.0,305.61
53628,0,13.0,Phone,1,20.0,CC,Female,4.0,5,Grocery,4,Married,8,1,15.0,14.0,16.0,3.0,296.23
53636,0,24.0,Phone,1,35.0,Debit Card,Female,3.0,4,Grocery,5,Divorced,6,1,15.0,1.0,2.0,3.0,293.8
53645,0,16.0,Computer,1,9.0,Debit Card,Male,3.0,4,Grocery,3,Divorced,2,1,15.0,1.0,3.0,11.0,303.61
53646,0,29.0,Phone,1,9.0,CC,Female,3.0,6,Others,3,Divorced,6,0,15.0,6.0,10.0,12.0,316.87
53647,0,30.0,Phone,2,15.0,Debit Card,Male,3.0,4,Others,4,Single,8,0,15.0,2.0,8.0,8.0,322.17
53690,0,16.0,Phone,2,17.0,UPI,Female,3.0,4,Grocery,5,Divorced,2,0,15.0,1.0,2.0,10.0,292.99
53699,0,28.0,Phone,1,7.0,CC,Female,3.0,4,Grocery,2,Single,8,0,15.0,6.0,13.0,8.0,298.28
53700,0,31.0,Phone,1,7.0,CC,Female,4.0,4,Others,5,Divorced,5,1,15.0,2.0,2.0,6.0,322.01
53715,0,21.0,Phone,1,9.0,CC,Female,3.0,4,Grocery,3,Divorced,5,0,15.0,4.0,6.0,7.0,296.69
53746,0,8.0,Computer,1,22.0,CC,Male,4.0,4,Grocery,5,Married,9,0,15.0,3.0,7.0,10.0,295.07
53807,0,29.0,Phone,3,33.0,E wallet,Male,3.0,5,Others,1,Married,3,0,15.0,3.0,3.0,14.0,320.86
53817,0,24.0,Phone,3,6.0,E wallet,Male,3.0,4,Others,3,Married,6,1,15.0,1.0,2.0,1.0,318.31
53820,0,16.0,Phone,1,16.0,UPI,Male,4.0,5,Others,1,Single,10,0,15.0,2.0,2.0,2.0,321.13
53826,0,20.0,Phone,3,7.0,Debit Card,Male,3.0,2,Grocery,5,Single,3,0,15.0,2.0,2.0,13.0,300.67
53831,0,18.0,Phone,1,14.0,CC,Female,3.0,4,Others,1,Married,2,1,15.0,2.0,2.0,11.0,315.49
53845,0,21.0,Phone,2,33.0,Debit Card,Female,4.0,4,Others,3,Married,5,0,15.0,2.0,2.0,1.0,321.58
53875,0,28.0,Phone,1,29.0,CC,Female,4.0,4,Grocery,3,Married,5,0,15.0,3.0,5.0,8.0,299.26
53876,0,17.0,Phone,1,22.0,Debit Card,Male,4.0,5,Grocery,3,Married,3,0,15.0,5.0,7.0,12.0,301.03
53916,0,19.0,Phone,1,35.0,COD,Female,3.0,5,Grocery,4,Single,3,0,15.0,4.0,9.0,7.0,292.04
53933,0,14.0,Phone,3,14.0,CC,Male,3.0,4,Others,4,Single,3,0,15.0,2.0,13.0,9.0,323.33
53955,0,29.0,Phone,1,9.0,CC,Male,3.0,5,Others,5,Married,10,0,15.0,1.0,2.0,1.0,315.38
53968,0,20.0,Phone,1,9.0,CC,Male,3.0,4,Others,1,Married,9,1,15.0,2.0,3.0,3.0,318.28
54021,0,17.0,Phone,1,13.0,CC,Female,3.0,5,Others,3,Married,9,0,15.0,4.0,7.0,15.0,318.92
54022,0,22.0,Phone,1,17.0,Debit Card,Male,4.0,5,Others,4,Married,6,0,15.0,4.0,13.0,10.0,321.65
54039,0,14.0,Phone,1,7.0,Debit Card,Male,4.0,4,Grocery,5,Married,4,0,15.0,10.0,12.0,17.0,293.23
54042,0,22.0,Computer,1,29.0,CC,Female,3.0,4,Grocery,1,Married,5,0,15.0,1.0,5.0,8.0,296.74
54065,0,31.0,Phone,3,28.0,Debit Card,Female,4.0,4,Grocery,1,Married,6,1,15.0,2.0,2.0,1.0,303.75
54068,0,23.0,Computer,1,9.0,Debit Card,Male,3.0,4,Others,1,Married,5,0,15.0,3.0,5.0,4.0,316.61
54092,0,29.0,Phone,2,33.0,UPI,Male,4.0,2,Others,4,Married,6,1,15.0,2.0,2.0,5.0,321.36
54128,0,13.0,Computer,1,16.0,Debit Card,Male,3.0,4,Others,1,Single,4,0,15.0,1.0,2.0,4.0,319.31
54134,0,16.0,Phone,1,9.0,Debit Card,Male,3.0,4,Others,3,Married,7,0,15.0,2.0,5.0,15.0,313.8
54186,0,27.0,Phone,1,12.0,UPI,Female,3.0,4,Others,3,Married,6,0,15.0,2.0,5.0,9.0,315.94
54190,0,20.0,Phone,3,9.0,E wallet,Female,3.0,4,Others,5,Single,5,0,15.0,3.0,3.0,2.0,314.47
54206,1,5.0,Phone,1,19.0,COD,Female,3.0,4,Others,3,Married,3,0,15.0,2.0,16.0,9.0,320.45
54223,0,24.0,Phone,1,14.0,CC,Female,3.0,5,Others,3,Married,7,1,15.0,5.0,14.0,9.0,312.4
54266,0,31.0,Computer,2,9.0,UPI,Female,3.0,5,Others,1,Married,11,0,15.0,1.0,3.0,3.0,313.44
54267,0,24.0,Computer,1,7.0,Debit Card,Female,4.0,4,Others,4,Married,5,1,15.0,1.0,2.0,8.0,306.72
54273,0,28.0,Computer,2,33.0,UPI,Female,2.0,2,Grocery,1,Single,4,1,15.0,3.0,5.0,5.0,298.28
54280,0,17.0,Computer,3,33.0,Debit Card,Male,4.0,4,Grocery,1,Married,3,1,15.0,2.0,5.0,13.0,294.59
54284,0,25.0,Phone,1,13.0,Debit Card,Male,3.0,4,Others,3,Single,9,0,15.0,9.0,16.0,16.0,320.37
54308,0,15.0,Computer,1,17.0,Debit Card,Male,4.0,5,Grocery,5,Married,6,0,15.0,3.0,8.0,8.0,296.81
54347,0,14.0,Phone,1,11.0,CC,Female,3.0,4,Others,3,Married,3,0,15.0,2.0,10.0,10.0,315.33
54348,0,29.0,Phone,1,21.0,CC,Male,4.0,2,Others,4,Single,10,0,15.0,3.0,3.0,16.0,312.22
54355,0,19.0,Computer,1,9.0,CC,Male,4.0,5,Grocery,1,Married,11,0,15.0,2.0,12.0,9.0,292.92
54392,0,16.0,Phone,1,11.0,COD,Male,3.0,4,Others,1,Married,3,0,15.0,1.0,12.0,16.0,317.32
54394,0,24.0,Phone,3,7.0,CC,Female,4.0,4,Others,1,Married,5,0,15.0,2.0,2.0,7.0,320.17
54398,0,26.0,Computer,3,9.0,Debit Card,Male,4.0,5,Others,3,Single,3,1,15.0,2.0,16.0,13.0,315.68
54405,0,19.0,Phone,1,7.0,UPI,Male,4.0,2,Others,1,Married,2,0,15.0,2.0,2.0,8.0,317.02
54418,0,14.0,Phone,1,9.0,CC,Male,3.0,4,Others,3,Married,2,0,15.0,4.0,4.0,10.0,319.36
54424,0,20.0,Phone,3,9.0,COD,Female,4.0,6,Grocery,4,Married,5,1,15.0,7.0,8.0,8.0,293.72
54431,0,29.0,Phone,1,7.0,CC,Male,3.0,4,Others,5,Single,2,1,15.0,4.0,5.0,14.0,315.45
54440,0,24.0,Phone,1,11.0,Debit Card,Male,4.0,4,Others,4,Married,5,0,15.0,1.0,2.0,7.0,316.44
54441,0,27.0,Phone,1,10.0,CC,Male,3.0,4,Grocery,3,Married,5,1,15.0,2.0,2.0,4.0,300.84
54451,0,23.0,Computer,1,17.0,Debit Card,Female,3.0,4,Others,5,Single,11,1,15.0,1.0,2.0,3.0,311.65
54475,0,1.0,Phone,1,17.0,CC,Male,4.0,4,Grocery,5,Married,3,1,15.0,2.0,12.0,11.0,295.68
54487,0,13.0,Computer,1,14.0,CC,Male,3.0,5,Others,1,Married,3,0,15.0,7.0,14.0,4.0,317.72
54490,0,21.0,Phone,1,12.0,Debit Card,Male,3.0,4,Others,3,Married,6,0,15.0,2.0,2.0,2.0,308.0
54553,0,28.0,Phone,1,12.0,CC,Male,3.0,4,Others,5,Married,6,0,15.0,2.0,2.0,3.0,319.06
54561,0,13.0,Computer,1,7.0,Debit Card,Male,3.0,4,Others,3,Married,3,1,15.0,1.0,2.0,7.0,316.97
54572,0,31.0,Phone,1,14.0,Debit Card,Female,3.0,4,Others,5,Married,7,0,15.0,2.0,12.0,11.0,320.66
54578,0,14.0,Phone,3,9.0,Debit Card,Female,4.0,4,Others,3,Married,2,0,15.0,2.0,2.0,13.0,305.41
54586,0,24.0,Phone,1,36.0,Debit Card,Male,3.0,5,Grocery,3,Married,2,0,15.0,16.0,16.0,8.0,295.46
54590,0,20.0,Phone,1,9.0,Debit Card,Male,3.0,4,Grocery,3,Married,8,0,15.0,2.0,2.0,2.0,303.61
54606,0,29.0,Phone,3,25.0,Debit Card,Female,3.0,4,Grocery,4,Single,5,0,15.0,2.0,8.0,9.0,293.35
54634,0,23.0,Phone,1,25.0,Debit Card,Male,3.0,5,Others,3,Married,3,1,15.0,2.0,2.0,10.0,320.02
54638,0,24.0,Computer,2,10.0,CC,Male,4.0,4,Others,4,Married,3,0,15.0,2.0,11.0,8.0,307.0
54658,0,18.0,Phone,1,10.0,UPI,Male,3.0,4,Others,1,Married,6,1,15.0,1.0,2.0,2.0,320.13
54696,0,15.0,Phone,2,17.0,UPI,Male,4.0,5,Others,1,Married,5,0,15.0,4.0,13.0,7.0,316.41
54699,0,15.0,Phone,2,7.0,UPI,Male,3.0,5,Others,3,Married,3,0,15.0,2.0,3.0,11.0,316.89
54722,0,26.0,Phone,3,10.0,E wallet,Male,3.0,5,Grocery,5,Married,3,0,15.0,2.0,2.0,17.0,293.56
54745,0,16.0,Computer,1,15.0,Debit Card,Male,4.0,4,Others,1,Married,3,0,15.0,6.0,15.0,10.0,309.3
54749,0,24.0,Phone,1,9.0,CC,Male,4.0,4,Grocery,3,Married,7,0,15.0,1.0,2.0,4.0,301.39
54753,0,21.0,Phone,1,9.0,UPI,Female,3.0,4,Grocery,1,Married,3,1,15.0,4.0,4.0,1.0,292.52
54756,1,21.0,Phone,1,9.0,Debit Card,Male,3.0,4,Others,4,Single,9,1,15.0,8.0,14.0,9.0,317.46
54770,0,17.0,Phone,1,21.0,Debit Card,Male,4.0,4,Grocery,5,Married,8,0,15.0,2.0,2.0,1.0,296.59
54814,0,24.0,Computer,1,9.0,Debit Card,Male,4.0,4,Grocery,5,Married,3,0,15.0,14.0,15.0,8.0,304.24
54860,0,26.0,Phone,1,7.0,Debit Card,Male,4.0,4,Grocery,1,Married,4,0,15.0,4.0,8.0,9.0,295.99
54871,0,7.0,Computer,3,24.0,Debit Card,Male,3.0,4,Grocery,3,Single,3,0,15.0,6.0,7.0,1.0,299.44
54875,0,24.0,Phone,1,7.0,CC,Male,4.0,4,Grocery,1,Married,11,0,15.0,1.0,2.0,4.0,298.99
54877,0,15.0,Computer,1,16.0,CC,Male,4.0,4,Others,3,Married,4,0,15.0,1.0,2.0,12.0,319.19
54902,0,1.0,Phone,3,12.0,E wallet,Male,3.0,4,Others,3,Married,8,0,15.0,1.0,2.0,1.0,308.03
54916,0,19.0,Phone,3,18.0,Debit Card,Female,3.0,4,Grocery,1,Married,5,0,15.0,1.0,2.0,2.0,301.5
54927,0,24.0,Phone,1,9.0,CC,Male,4.0,4,Others,3,Married,4,1,15.0,5.0,8.0,8.0,317.37
54931,0,20.0,Phone,1,7.0,CC,Male,3.0,4,Others,1,Married,11,0,15.0,2.0,3.0,3.0,321.27
54935,0,29.0,Computer,1,9.0,CC,Male,3.0,5,Grocery,5,Single,9,0,15.0,3.0,7.0,3.0,292.56
54960,0,16.0,Phone,1,9.0,CC,Male,3.0,4,Grocery,5,Married,2,0,15.0,6.0,14.0,8.0,301.65
54965,0,22.0,Computer,1,7.0,CC,Male,3.0,2,Grocery,1,Single,4,0,15.0,1.0,3.0,2.0,293.85
54971,0,20.0,Phone,3,10.0,E wallet,Male,3.0,4,Grocery,3,Married,5,0,15.0,5.0,5.0,10.0,299.65
54975,0,14.0,Phone,1,21.0,CC,Male,3.0,5,Others,3,Single,3,0,15.0,4.0,5.0,10.0,321.26
55019,0,27.0,Phone,1,14.0,CC,Female,3.0,4,Others,3,Married,5,0,15.0,4.0,5.0,8.0,311.06
55022,0,20.0,Phone,3,9.0,E wallet,Female,4.0,4,Grocery,5,Married,10,0,15.0,7.0,16.0,10.0,295.48
55028,0,24.0,Computer,1,9.0,CC,Female,2.0,4,Grocery,5,Married,4,0,15.0,1.0,3.0,3.0,303.56
55030,0,20.0,Phone,1,22.0,Debit Card,Male,3.0,4,Others,4,Married,7,0,15.0,2.0,2.0,4.0,315.81
55055,0,28.0,Phone,1,10.0,Debit Card,Male,3.0,4,Grocery,1,Married,5,0,15.0,1.0,2.0,10.0,302.79
55059,0,17.0,Phone,1,10.0,Debit Card,Male,4.0,6,Others,1,Married,5,0,15.0,2.0,2.0,8.0,322.4
55060,0,23.0,Phone,1,11.0,CC,Male,3.0,5,Others,3,Married,4,0,15.0,1.0,2.0,1.0,312.11
55065,0,22.0,Phone,1,8.0,Debit Card,Male,4.0,5,Others,1,Single,8,0,15.0,2.0,2.0,1.0,307.65
55068,0,18.0,Phone,3,12.0,E wallet,Male,3.0,4,Others,4,Married,9,0,15.0,2.0,4.0,11.0,307.13
55074,1,9.0,Phone,3,9.0,E wallet,Female,4.0,6,Others,4,Single,4,1,15.0,2.0,2.0,12.0,313.24
55077,0,20.0,Phone,3,11.0,E wallet,Female,3.0,5,Others,4,Married,4,0,15.0,2.0,2.0,9.0,312.89
55083,0,18.0,Phone,1,11.0,Debit Card,Male,4.0,2,Others,5,Married,3,0,15.0,3.0,15.0,14.0,316.9
55097,0,19.0,Computer,1,32.0,CC,Female,3.0,4,Others,4,Single,5,0,15.0,1.0,2.0,1.0,305.61
55098,0,13.0,Phone,1,20.0,CC,Female,4.0,5,Grocery,4,Married,8,1,15.0,11.0,16.0,3.0,296.23
55106,0,24.0,Phone,1,35.0,Debit Card,Female,3.0,4,Grocery,5,Married,6,1,15.0,1.0,2.0,3.0,293.8
55115,0,16.0,Computer,1,9.0,Debit Card,Male,3.0,4,Grocery,3,Married,2,1,15.0,1.0,3.0,11.0,303.61
55116,0,29.0,Phone,1,9.0,CC,Female,3.0,6,Others,3,Married,6,0,15.0,5.0,10.0,12.0,316.87
55117,0,30.0,Phone,2,15.0,Debit Card,Male,4.0,4,Others,4,Single,8,0,15.0,3.0,8.0,8.0,322.17
55160,0,16.0,Phone,2,17.0,UPI,Female,3.0,4,Grocery,5,Married,2,0,15.0,1.0,2.0,10.0,292.99
55169,0,28.0,Phone,1,8.0,CC,Female,3.0,4,Grocery,1,Single,8,0,15.0,7.0,13.0,8.0,298.28
55170,0,31.0,Phone,1,8.0,CC,Female,4.0,4,Others,5,Married,5,1,15.0,2.0,2.0,6.0,322.01
55185,0,21.0,Phone,1,9.0,CC,Female,3.0,4,Grocery,3,Married,5,0,15.0,3.0,6.0,7.0,296.69
55216,0,8.0,Computer,1,22.0,CC,Male,4.0,4,Grocery,5,Married,9,0,15.0,3.0,7.0,10.0,295.07
55277,0,29.0,Phone,3,33.0,E wallet,Male,3.0,5,Others,1,Married,3,0,15.0,1.0,3.0,14.0,320.86
55287,0,24.0,Phone,3,16.0,E wallet,Male,3.0,4,Others,3,Married,6,1,15.0,1.0,2.0,1.0,318.31
55290,0,16.0,Phone,1,16.0,UPI,Male,4.0,5,Others,1,Single,10,0,15.0,2.0,2.0,2.0,321.13
55296,0,20.0,Phone,3,8.0,Debit Card,Male,3.0,2,Grocery,5,Single,3,0,15.0,1.0,2.0,13.0,300.67
55301,0,18.0,Phone,1,14.0,CC,Female,3.0,4,Others,1,Married,2,1,15.0,1.0,2.0,11.0,315.49
55315,0,21.0,Phone,2,33.0,Debit Card,Female,4.0,4,Others,3,Married,5,0,15.0,2.0,2.0,1.0,321.58
55345,0,28.0,Phone,1,29.0,CC,Female,4.0,4,Grocery,3,Married,5,0,15.0,4.0,5.0,8.0,299.26
55346,0,17.0,Phone,1,22.0,Debit Card,Male,4.0,5,Grocery,3,Married,3,0,15.0,3.0,7.0,12.0,301.03
55386,0,19.0,Phone,1,35.0,COD,Female,3.0,5,Grocery,4,Single,3,0,15.0,7.0,9.0,7.0,292.04
55425,0,29.0,Phone,1,9.0,CC,Male,3.0,5,Others,5,Married,10,0,15.0,2.0,2.0,1.0,315.38
55438,0,20.0,Phone,1,9.0,CC,Male,3.0,4,Others,1,Married,9,1,15.0,3.0,3.0,3.0,318.28
55491,0,17.0,Phone,1,13.0,CC,Female,3.0,5,Others,3,Married,9,0,15.0,7.0,7.0,15.0,318.92
55492,0,22.0,Phone,1,17.0,Debit Card,Male,4.0,5,Others,4,Married,6,0,15.0,4.0,13.0,10.0,321.65
55509,0,14.0,Phone,1,8.0,Debit Card,Male,4.0,4,Grocery,5,Married,4,0,15.0,3.0,12.0,17.0,293.23
55512,0,22.0,Computer,1,29.0,CC,Female,3.0,4,Grocery,1,Married,5,0,15.0,2.0,5.0,8.0,296.74
55535,0,61.0,Phone,3,28.0,Debit Card,Female,4.0,4,Grocery,1,Married,6,1,15.0,1.0,2.0,1.0,303.75
55538,0,23.0,Computer,1,9.0,Debit Card,Male,3.0,4,Others,1,Married,5,0,15.0,5.0,5.0,4.0,316.61
55562,0,29.0,Phone,2,33.0,UPI,Male,4.0,2,Others,4,Married,6,1,15.0,2.0,2.0,5.0,321.36
55598,0,13.0,Computer,1,16.0,Debit Card,Male,3.0,4,Others,1,Single,4,0,15.0,2.0,2.0,4.0,319.31
55604,0,16.0,Phone,1,9.0,Debit Card,Male,3.0,4,Others,3,Married,7,0,15.0,1.0,5.0,15.0,313.8
